case_id,cycle_time_minutes
0,4.3333333333333334e-10
1,4.166666666666666e-10
2,3.6666666666666664e-10
3,5.833333333333334e-10
4,6.166666666666667e-10
5,3e-10
6,4.3333333333333334e-10
7,3.5e-10
8,1.2666666666666668e-09
9,1.2333333333333334e-09
10,1.2e-09
11,3.166666666666667e-10
12,8.666666666666667e-10
13,3.166666666666667e-10
14,7.166666666666667e-10
15,9.999999999999999e-10
16,7e-10
17,6.499999999999999e-10
18,1.15e-09
19,9.999999999999999e-10
20,6.833333333333334e-10
21,1.4166666666666665e-09
22,5.5e-10
23,3.8333333333333335e-10
24,8.166666666666667e-10
25,9e-10
26,9.166666666666667e-10
27,8.833333333333333e-10
28,6e-10
29,1.6166666666666667e-09
30,1.0499999999999999e-09
31,1.1166666666666667e-09
32,1.1833333333333334e-09
33,8.333333333333332e-10
34,8.833333333333333e-10
35,1.3166666666666667e-09
36,1.25e-09
37,1.0166666666666667e-09
38,6.166666666666667e-10
39,1.1333333333333333e-09
40,8.333333333333332e-10
41,7e-10
42,5.833333333333334e-10
43,5.5e-10
44,7.833333333333333e-10
45,5.666666666666667e-10
46,8.166666666666667e-10
47,1.0166666666666667e-09
48,8.833333333333333e-10
49,4.666666666666666e-10
50,7.5e-10
51,2.666666666666667e-10
52,6.333333333333334e-10
53,3e-10
54,6.166666666666667e-10
55,5.833333333333334e-10
56,2.8333333333333334e-10
57,2.4999999999999996e-10
58,9.333333333333332e-10
59,1.8333333333333332e-10
60,3.6666666666666664e-10
61,1.5166666666666666e-09
62,6.499999999999999e-10
63,3e-10
64,8.833333333333333e-10
65,8e-10
66,9.333333333333332e-10
67,1.3499999999999999e-09
68,8e-10
69,9.666666666666666e-10
70,4.5e-10
71,9.166666666666667e-10
72,9.5e-10
73,3.333333333333333e-10
74,1.0166666666666667e-09
75,5.5e-10
76,4.166666666666666e-10
77,3.166666666666667e-10
78,8e-10
79,3.166666666666667e-10
80,4.833333333333333e-10
81,4.666666666666666e-10
82,5.666666666666667e-10
83,3.6666666666666664e-10
84,5.333333333333334e-10
85,6.833333333333334e-10
86,3e-10
87,1.0166666666666667e-09
88,8.333333333333332e-10
89,4.3333333333333334e-10
90,1.2333333333333334e-09
91,5.333333333333334e-10
92,5.166666666666666e-10
93,1.3833333333333333e-09
94,5.333333333333334e-10
95,9.833333333333332e-10
96,8.833333333333333e-10
97,9.833333333333332e-10
98,1.2666666666666668e-09
99,1.0333333333333333e-09
100,9e-10
101,1.1666666666666668e-09
102,6.833333333333334e-10
103,1.8666666666666664e-09
104,1.8333333333333334e-09
105,1.9833333333333333e-09
106,9.666666666666666e-10
107,1.5833333333333334e-09
108,6e-10
109,1.55e-09
110,6.333333333333334e-10
111,9.666666666666666e-10
112,6.833333333333334e-10
113,1.8833333333333332e-09
114,1.3666666666666667e-09
115,1.0166666666666667e-09
116,1.6e-09
117,8.833333333333333e-10
118,1.1166666666666667e-09
119,1.3666666666666667e-09
120,1.7166666666666665e-09
121,1.4833333333333334e-09
122,1.7333333333333333e-09
123,7.833333333333333e-10
124,1.2999999999999999e-09
125,1.2999999999999999e-09
126,1.9999999999999997e-09
127,1.65e-09
128,1.3166666666666667e-09
129,1.85e-09
130,9.833333333333332e-10
131,1.6666666666666665e-09
132,1.75e-09
133,1.7166666666666665e-09
134,2.383333333333333e-09
135,1.3833333333333333e-09
136,1.0333333333333333e-09
137,1.7e-09
138,1.6833333333333333e-09
139,1.4833333333333334e-09
140,1.3333333333333333e-09
141,1.4833333333333334e-09
142,1.8333333333333334e-09
143,1.9166666666666665e-09
144,1.4333333333333333e-09
145,2.216666666666667e-09
146,1.5666666666666666e-09
147,3.733333333333333e-09
148,1.9e-09
149,1.2e-09
150,1.6666666666666665e-09
151,1.9833333333333333e-09
152,3.55e-09
153,1.5333333333333334e-09
154,1.1166666666666667e-09
155,1.75e-09
156,2.5166666666666665e-09
157,2.6666666666666666e-09
158,2.55e-09
159,2.7500000000000002e-09
160,2.5333333333333337e-09
161,3.1e-09
162,1.8333333333333334e-09
163,1.8166666666666666e-09
164,1.55e-09
165,1.2833333333333335e-09
166,2.983333333333333e-09
167,3.333333333333333e-09
168,3.633333333333333e-09
169,3.266666666666667e-09
170,2.833333333333333e-09
171,3.066666666666667e-09
172,3.1166666666666665e-09
173,1.1666666666666668e-09
174,3.3166666666666666e-09
175,3.066666666666667e-09
176,1.3333333333333333e-09
177,1.55e-09
178,2.1833333333333334e-09
179,3.3500000000000002e-09
180,2.933333333333333e-09
181,3.25e-09
182,3.1e-09
183,3.816666666666667e-09
184,1.4e-09
185,2.933333333333333e-09
186,4.283333333333333e-09
187,1.7666666666666666e-09
188,3.883333333333333e-09
189,3.1333333333333333e-09
190,1.6333333333333335e-09
191,4.216666666666666e-09
192,1.45e-09
193,3.65e-09
194,1.5166666666666666e-09
195,1.9833333333333333e-09
196,2.2333333333333335e-09
197,1.6833333333333333e-09
198,3.066666666666667e-09
199,1.7833333333333334e-09
200,1.9166666666666665e-09
201,1.6166666666666667e-09
202,1.6666666666666665e-09
203,1.8e-09
204,3.3500000000000002e-09
205,1.7333333333333333e-09
206,1.8e-09
207,3.15e-09
208,1.7833333333333334e-09
209,1.8166666666666666e-09
210,2.8666666666666667e-09
211,1.5333333333333334e-09
212,2.6999999999999998e-09
213,1.4833333333333334e-09
214,3.8e-09
215,2.7500000000000002e-09
216,3.3e-09
217,3.8666666666666665e-09
218,1.25e-09
219,3.066666666666667e-09
220,2.7500000000000002e-09
221,1.5666666666666666e-09
222,4.65e-09
223,3.5833333333333336e-09
224,3.4e-09
225,3.45e-09
226,2.5166666666666665e-09
227,1.4333333333333333e-09
228,1.7166666666666665e-09
229,2.4833333333333332e-09
230,1.7e-09
231,2.7833333333333334e-09
232,6.9e-09
233,3.7166666666666664e-09
234,4.65e-09
235,2.3e-09
236,3.8666666666666665e-09
237,3.666666666666667e-09
238,3.6833333333333336e-09
239,2.283333333333333e-09
240,3.4833333333333335e-09
241,3.7666666666666665e-09
242,4.016666666666667e-09
243,3.6e-09
244,3.8e-09
245,4.35e-09
246,4.366666666666667e-09
247,1.6833333333333333e-09
248,1.6333333333333335e-09
249,1.5166666666666666e-09
250,1.7333333333333333e-09
251,3.633333333333333e-09
252,1.5666666666666666e-09
253,3.6e-09
254,2.0833333333333334e-09
255,2.05e-09
256,3.9999999999999994e-09
257,4.633333333333333e-09
258,1.7e-09
259,2.3166666666666663e-09
260,4.133333333333333e-09
261,2.5166666666666665e-09
262,4.05e-09
263,5e-09
264,3.9999999999999994e-09
265,1.6666666666666665e-09
266,1.8166666666666666e-09
267,4.116666666666666e-09
268,2.016666666666667e-09
269,3.916666666666667e-09
270,1.8666666666666664e-09
271,3.816666666666667e-09
272,4.1999999999999996e-09
273,2.45e-09
274,2.2666666666666667e-09
275,1.6e-09
276,3.95e-09
277,1.85e-09
278,2.9e-09
279,4.266666666666667e-09
280,3.933333333333333e-09
281,1.7833333333333334e-09
282,3.666666666666667e-09
283,3.883333333333333e-09
284,4.983333333333333e-09
285,1.7833333333333334e-09
286,2.05e-09
287,1.7833333333333334e-09
288,1.6e-09
289,3.8e-09
290,1.9833333333333333e-09
291,1.6166666666666667e-09
292,2.5833333333333333e-09
293,6.366666666666667e-09
294,3.7e-09
295,3.533333333333333e-09
296,2.7166666666666666e-09
297,2.0666666666666666e-09
298,1.5666666666666666e-09
299,3.633333333333333e-09
300,1.8166666666666666e-09
301,3.5833333333333336e-09
302,1.75e-09
303,4.9500000000000005e-09
304,2.283333333333333e-09
305,1.7666666666666666e-09
306,2.2e-09
307,1.9666666666666665e-09
308,2.983333333333333e-09
309,3.1333333333333333e-09
310,3.2166666666666665e-09
311,3.2833333333333334e-09
312,1.7666666666666666e-09
313,3.2166666666666665e-09
314,2.833333333333333e-09
315,3.5e-09
316,3.1166666666666665e-09
317,1.75e-09
318,3.2166666666666665e-09
319,3.2166666666666665e-09
320,1.55e-09
321,1.7e-09
322,3.1333333333333333e-09
323,2.9500000000000004e-09
324,3.1333333333333333e-09
325,1.5666666666666666e-09
326,3.1833333333333333e-09
327,3.2166666666666665e-09
328,3.033333333333333e-09
329,3.2333333333333333e-09
330,1.2666666666666668e-09
331,1.9166666666666665e-09
332,1.85e-09
333,2.7833333333333334e-09
334,2.7833333333333334e-09
335,2.9e-09
336,1.9e-09
337,1.6e-09
338,1.3666666666666667e-09
339,3.2166666666666665e-09
340,2.9e-09
341,2.5333333333333337e-09
342,1.8e-09
343,2.5166666666666665e-09
344,1.8666666666666664e-09
345,3.3166666666666666e-09
346,1.8666666666666664e-09
347,2.8500000000000003e-09
348,2.35e-09
349,2.7666666666666666e-09
350,3e-09
351,1.6166666666666667e-09
352,3.1166666666666665e-09
353,2.7666666666666666e-09
354,1.4333333333333333e-09
355,1.4833333333333334e-09
356,1.65e-09
357,2.4166666666666664e-09
358,1.6e-09
359,2.2666666666666667e-09
360,2.1500000000000002e-09
361,3.1e-09
362,1.6166666666666667e-09
363,2.1500000000000002e-09
364,1.3333333333333333e-09
365,2.5999999999999997e-09
366,1.2333333333333334e-09
367,2.1500000000000002e-09
368,1.3333333333333333e-09
369,2.3e-09
370,2.3666666666666668e-09
371,2.5999999999999997e-09
372,2.7333333333333334e-09
373,1.2666666666666668e-09
374,1.8e-09
375,2.5166666666666665e-09
376,1.55e-09
377,1.4e-09
378,1.1666666666666668e-09
379,1.2166666666666668e-09
380,1.4833333333333334e-09
381,9.833333333333332e-10
382,2.3166666666666663e-09
383,2.0833333333333334e-09
384,1.9833333333333333e-09
385,1.1833333333333334e-09
386,2.05e-09
387,1.1333333333333333e-09
388,2.6999999999999998e-09
389,2.466666666666667e-09
390,1.3333333333333333e-09
391,1.6833333333333333e-09
392,1.3333333333333333e-09
393,1.0833333333333333e-09
394,2.1833333333333334e-09
395,2.2666666666666667e-09
396,2.7500000000000002e-09
397,2.0999999999999998e-09
398,2.65e-09
399,1.9999999999999997e-09
400,2.5999999999999997e-09
401,1.2833333333333335e-09
402,1.3166666666666667e-09
403,1.2166666666666668e-09
404,2.383333333333333e-09
405,2.0333333333333333e-09
406,1.3833333333333333e-09
407,3.15e-09
408,2.65e-09
409,1.4666666666666666e-09
410,1.45e-09
411,1.3166666666666667e-09
412,2.3666666666666668e-09
413,1.5666666666666666e-09
414,1.9333333333333333e-09
415,1.8333333333333334e-09
416,2.5333333333333337e-09
417,1.0833333333333333e-09
418,1.1e-09
419,3.3833333333333334e-09
420,1.6666666666666665e-09
421,2.6333333333333333e-09
422,2.4e-09
423,1.5833333333333334e-09
424,8.333333333333332e-10
425,2.283333333333333e-09
426,1.9333333333333333e-09
427,2.1333333333333334e-09
428,1.95e-09
429,1.6666666666666665e-09
430,1.8833333333333332e-09
431,1.55e-09
432,2.4e-09
433,1.8166666666666666e-09
434,1.8333333333333334e-09
435,1.95e-09
436,2.5999999999999997e-09
437,2.3e-09
438,1.95e-09
439,2.3333333333333335e-09
440,1.5e-09
441,1.4333333333333333e-09
442,2.566666666666667e-09
443,2.1666666666666666e-09
444,1.85e-09
445,1.5333333333333334e-09
446,2.0833333333333334e-09
447,2.2333333333333335e-09
448,2.6999999999999998e-09
449,2.0333333333333333e-09
450,1.4833333333333334e-09
451,1.0166666666666667e-09
452,1.5166666666666666e-09
453,2.45e-09
454,1.9166666666666665e-09
455,1.2166666666666668e-09
456,2.5999999999999997e-09
457,2.0999999999999998e-09
458,2.7166666666666666e-09
459,2.7500000000000002e-09
460,2.833333333333333e-09
461,2.6833333333333334e-09
462,1.4666666666666666e-09
463,2.8e-09
464,1.8833333333333332e-09
465,3.15e-09
466,1.4833333333333334e-09
467,2.6999999999999998e-09
468,2.7500000000000002e-09
469,1.45e-09
470,1.2999999999999999e-09
471,2.3666666666666668e-09
472,1.5e-09
473,2.6999999999999998e-09
474,2.1333333333333334e-09
475,2.6833333333333334e-09
476,2.466666666666667e-09
477,2.6333333333333333e-09
478,1.8833333333333332e-09
479,2.4e-09
480,1.2999999999999999e-09
481,2.216666666666667e-09
482,1.9999999999999997e-09
483,2.0833333333333334e-09
484,2.4833333333333332e-09
485,2.1833333333333334e-09
486,2.2666666666666667e-09
487,1.8666666666666664e-09
488,2.3e-09
489,1.65e-09
490,1.75e-09
491,2.0833333333333334e-09
492,1.25e-09
493,2.25e-09
494,1.8666666666666664e-09
495,1.5e-09
496,1.5166666666666666e-09
497,1.5e-09
498,1.75e-09
499,2.1666666666666666e-09
500,1.8833333333333332e-09
501,1.4166666666666665e-09
502,1.85e-09
503,2.6833333333333334e-09
504,2.1833333333333334e-09
505,1.6833333333333333e-09
506,1.9999999999999997e-09
507,1.8166666666666666e-09
508,1.6833333333333333e-09
509,2.116666666666667e-09
510,2.0333333333333333e-09
511,2.25e-09
512,1.9999999999999997e-09
513,1.7333333333333333e-09
514,2.3166666666666663e-09
515,2.0666666666666666e-09
516,2.2e-09
517,2.35e-09
518,1.8333333333333334e-09
519,2.0666666666666666e-09
520,1.7833333333333334e-09
521,2.6999999999999998e-09
522,2.283333333333333e-09
523,3.1166666666666665e-09
524,2.4e-09
525,2.216666666666667e-09
526,3.033333333333333e-09
527,1.5e-09
528,2.3333333333333335e-09
529,1.3333333333333333e-09
530,2.216666666666667e-09
531,2.8166666666666667e-09
532,3.1833333333333333e-09
533,2.35e-09
534,2.8e-09
535,1.8166666666666666e-09
536,2.35e-09
537,1.6166666666666667e-09
538,2.8666666666666667e-09
539,2.1666666666666666e-09
540,2.2333333333333335e-09
541,2.0833333333333334e-09
542,3e-09
543,2.0833333333333334e-09
544,2.7333333333333334e-09
545,2.65e-09
546,2.55e-09
547,2.4333333333333336e-09
548,3.05e-09
549,2.0999999999999998e-09
550,1.8666666666666664e-09
551,2.6166666666666665e-09
552,4.066666666666667e-09
553,2.25e-09
554,3.1333333333333333e-09
555,2.5333333333333337e-09
556,2.016666666666667e-09
557,2.35e-09
558,2.9500000000000004e-09
559,1.85e-09
560,2.9166666666666667e-09
561,2.5833333333333333e-09
562,2.1333333333333334e-09
563,1.7833333333333334e-09
564,2.116666666666667e-09
565,1.5e-09
566,2.1333333333333334e-09
567,1.7333333333333333e-09
568,2.35e-09
569,1.9833333333333333e-09
570,2.55e-09
571,2.0999999999999998e-09
572,2.8666666666666667e-09
573,2.5833333333333333e-09
574,2.05e-09
575,2.5999999999999997e-09
576,3.05e-09
577,1.6166666666666667e-09
578,3e-09
579,3.0833333333333332e-09
580,2.5999999999999997e-09
581,1.5333333333333334e-09
582,2.6999999999999998e-09
583,1.7e-09
584,1.45e-09
585,1.6333333333333335e-09
586,2.3e-09
587,2.1333333333333334e-09
588,1.5333333333333334e-09
589,1.7e-09
590,1.9666666666666665e-09
591,2.4e-09
592,1.4166666666666665e-09
593,2.383333333333333e-09
594,2.3666666666666668e-09
595,1.8e-09
596,2.35e-09
597,2.45e-09
598,1.4833333333333334e-09
599,2.216666666666667e-09
600,2.45e-09
601,2.466666666666667e-09
602,2.6833333333333334e-09
603,1.6333333333333335e-09
604,2.5833333333333333e-09
605,2.45e-09
606,1.6333333333333335e-09
607,2.5e-09
608,1.2999999999999999e-09
609,1.7666666666666666e-09
610,1.65e-09
611,1.55e-09
612,2.5833333333333333e-09
613,3.2333333333333333e-09
614,2.5166666666666665e-09
615,2.6166666666666665e-09
616,1.5333333333333334e-09
617,2.8500000000000003e-09
618,2.466666666666667e-09
619,2.3166666666666663e-09
620,1.3666666666666667e-09
621,2.4e-09
622,2.116666666666667e-09
623,1.6e-09
624,1.25e-09
625,1.9833333333333333e-09
626,1.1833333333333334e-09
627,2.566666666666667e-09
628,2.6666666666666666e-09
629,2.383333333333333e-09
630,2.5333333333333337e-09
631,2.5e-09
632,2.1833333333333334e-09
633,1.1666666666666668e-09
634,1.9333333333333333e-09
635,9.999999999999999e-10
636,8.333333333333332e-10
637,1.95e-09
638,9.833333333333332e-10
639,1.2833333333333335e-09
640,1.7333333333333333e-09
641,1.6833333333333333e-09
642,1.65e-09
643,5.333333333333334e-10
644,1.1333333333333333e-09
645,1.5833333333333334e-09
646,1.2e-09
647,2.1333333333333334e-09
648,1.2999999999999999e-09
649,9.833333333333332e-10
650,8.166666666666667e-10
651,1.5166666666666666e-09
652,1.3166666666666667e-09
653,1.5666666666666666e-09
654,1.0166666666666667e-09
655,1.4666666666666666e-09
656,9.166666666666667e-10
657,1.7666666666666666e-09
658,1.6333333333333335e-09
659,1.3499999999999999e-09
660,1.7e-09
661,7.5e-10
662,7.666666666666667e-10
663,1.3333333333333333e-09
664,8.833333333333333e-10
665,1.0499999999999999e-09
666,1.9833333333333333e-09
667,1.9999999999999997e-09
668,1.7833333333333334e-09
669,1.3499999999999999e-09
670,1.4e-09
671,1.1166666666666667e-09
672,1.0333333333333333e-09
673,9.999999999999999e-10
674,1.0499999999999999e-09
675,9.666666666666666e-10
676,1.0333333333333333e-09
677,1.2666666666666668e-09
678,8.5e-10
679,9.833333333333332e-10
680,3.55e-09
681,1.1666666666666668e-09
682,1.0333333333333333e-09
683,1.3499999999999999e-09
684,1.4666666666666666e-09
685,1.5333333333333334e-09
686,2.05e-09
687,9.833333333333332e-10
688,2.5e-09
689,1.0333333333333333e-09
690,1.7166666666666665e-09
691,1.1e-09
692,1.0499999999999999e-09
693,2.1500000000000002e-09
694,3.5e-09
695,7.833333333333333e-10
696,3.8333333333333335e-10
697,2.0833333333333334e-09
698,1.9333333333333333e-09
699,6e-10
700,6e-10
701,1.75e-09
702,6.666666666666666e-10
703,1.8333333333333332e-10
704,1.7166666666666665e-09
705,6.666666666666666e-10
706,1.3499999999999999e-09
707,3e-10
708,6.333333333333334e-10
709,1.8166666666666666e-09
710,6.166666666666667e-10
711,1.95e-09
712,3.333333333333333e-10
713,2.0666666666666666e-09
714,1.8833333333333332e-09
715,7.166666666666667e-10
716,2.05e-09
717,2.2e-09
718,2.45e-09
719,2.45e-09
720,2.2e-09
721,4.3333333333333334e-10
722,6.833333333333334e-10
723,1.9833333333333333e-09
724,9.166666666666667e-10
725,1.6333333333333335e-09
726,2.35e-09
727,1.6666666666666666e-10
728,1.8833333333333332e-09
729,7.5e-10
730,2.666666666666667e-10
731,6.499999999999999e-10
732,1.3666666666666667e-09
733,1.2833333333333335e-09
734,1.2833333333333335e-09
735,1.6666666666666665e-09
736,1.1e-09
737,1.0499999999999999e-09
738,8.5e-10
739,9.666666666666666e-10
740,2.4333333333333336e-09
741,1.3166666666666667e-09
742,1.8666666666666664e-09
743,1.7833333333333334e-09
744,1.75e-09
745,1.9e-09
746,1.3833333333333333e-09
747,1.5e-09
748,1.5666666666666666e-09
749,7.166666666666667e-10
750,2.2666666666666667e-09
751,2.1666666666666666e-09
752,1.6333333333333335e-09
753,1.15e-09
754,2.3166666666666663e-09
755,2.3e-09
756,6.666666666666666e-10
757,4.3333333333333334e-10
758,4.5e-10
759,1.15e-09
760,2.2666666666666667e-09
761,2.05e-09
762,2.0833333333333334e-09
763,2.016666666666667e-09
764,1.9333333333333333e-09
765,2.3333333333333335e-09
766,2.4e-09
767,9e-10
768,1.95e-09
769,2.7166666666666666e-09
770,9.166666666666667e-10
771,2.55e-09
772,2.4833333333333332e-09
773,9.5e-10
774,1.3666666666666667e-09
775,1.9833333333333333e-09
776,8.5e-10
777,1.3333333333333333e-09
778,2.4e-09
779,2.0666666666666666e-09
780,2.0666666666666666e-09
781,2.3166666666666663e-09
782,2.3e-09
783,6.333333333333334e-10
784,9.166666666666667e-10
785,1.1166666666666667e-09
786,1.0666666666666667e-09
787,2.0999999999999998e-09
788,2.05e-09
789,1.1166666666666667e-09
790,8e-10
791,2.6666666666666666e-09
792,2.2e-09
793,9.5e-10
794,2.0333333333333333e-09
795,2.6666666666666666e-09
796,1.8666666666666664e-09
797,2.8e-09
798,7.333333333333333e-10
799,2.833333333333333e-09
800,2.6833333333333334e-09
801,3.066666666666667e-09
802,3.433333333333333e-09
803,1.0666666666666667e-09
804,2.5166666666666665e-09
805,8.833333333333333e-10
806,6.166666666666667e-10
807,1.25e-09
808,2.833333333333333e-09
809,2.4e-09
810,5.666666666666667e-10
811,2.5166666666666665e-09
812,2.6999999999999998e-09
813,2.4e-09
814,2.3333333333333335e-09
815,1.5666666666666666e-09
816,1.4166666666666665e-09
817,1.15e-09
818,4.999999999999999e-10
819,2.0666666666666666e-09
820,1.0499999999999999e-09
821,8.666666666666667e-10
822,2.0999999999999998e-09
823,1.1166666666666667e-09
824,1.7833333333333334e-09
825,1.0499999999999999e-09
826,1.3166666666666667e-09
827,8.833333333333333e-10
828,1.9333333333333333e-09
829,1.15e-09
830,1.3333333333333333e-09
831,1.3499999999999999e-09
832,1.3833333333333333e-09
833,6.499999999999999e-10
834,9.666666666666666e-10
835,9.333333333333332e-10
836,7.333333333333333e-10
837,8.333333333333332e-10
838,8.833333333333333e-10
839,1.0166666666666667e-09
840,1.2999999999999999e-09
841,1.2666666666666668e-09
842,1.1e-09
843,5.333333333333334e-10
844,1.3666666666666667e-09
845,1.5e-09
846,4.833333333333333e-10
847,1.0499999999999999e-09
848,1.6166666666666667e-09
849,1.2999999999999999e-09
850,1.25e-09
851,1.0333333333333333e-09
852,1.0333333333333333e-09
853,5.333333333333334e-10
854,1.4666666666666666e-09
855,1.2999999999999999e-09
856,1.3666666666666667e-09
857,1.7333333333333333e-09
858,1.4666666666666666e-09
859,1.25e-09
860,3e-10
861,1.5333333333333334e-09
862,1.0833333333333333e-09
863,1.4333333333333333e-09
864,1.3833333333333333e-09
865,5.5e-10
866,1.4166666666666665e-09
867,1.1666666666666668e-09
868,9.333333333333332e-10
869,1.25e-09
870,1.0499999999999999e-09
871,1.2999999999999999e-09
872,1.45e-09
873,1.6e-09
874,1.2e-09
875,1.1333333333333333e-09
876,1.2e-09
877,9.999999999999999e-10
878,6.666666666666666e-10
879,9e-10
880,4.999999999999999e-10
881,9.5e-10
882,8.166666666666667e-10
883,8.666666666666667e-10
884,7.333333333333333e-10
885,6e-10
886,7.333333333333333e-10
887,8e-10
888,7e-10
889,9.666666666666666e-10
890,1.4666666666666666e-09
891,5.5e-10
892,1.3333333333333333e-09
893,8.666666666666667e-10
894,8.666666666666667e-10
895,5.666666666666667e-10
896,3.8333333333333335e-10
897,9.666666666666666e-10
898,2.383333333333333e-09
899,2.55e-09
900,3.3500000000000002e-09
901,1.65e-09
902,7.166666666666667e-10
903,9.999999999999999e-10
904,7.333333333333333e-10
905,8e-10
906,1.9666666666666665e-09
907,5.333333333333334e-10
908,1.8333333333333334e-09
909,1.5333333333333334e-09
910,2.45e-09
911,2.4e-09
912,4.5e-10
913,1.1166666666666667e-09
914,1.3166666666666667e-09
915,2.1666666666666666e-09
916,3.5e-10
917,1.5166666666666666e-09
918,1.4333333333333333e-09
919,6.499999999999999e-10
920,8.166666666666667e-10
921,1.15e-09
922,7.666666666666667e-10
923,7.166666666666667e-10
924,2.466666666666667e-09
925,2.0833333333333334e-09
926,1.25e-09
927,2.25e-09
928,1.2e-09
929,2.6333333333333333e-09
930,1.15e-09
931,2.016666666666667e-09
932,2.016666666666667e-09
933,1.8666666666666664e-09
934,2.1833333333333334e-09
935,2.05e-09
936,2.0999999999999998e-09
937,1.6833333333333333e-09
938,2.1333333333333334e-09
939,9.5e-10
940,9.833333333333332e-10
941,1.4333333333333333e-09
942,1.7666666666666666e-09
943,2.0666666666666666e-09
944,1.3166666666666667e-09
945,1.2e-09
946,1.3666666666666667e-09
947,1.6666666666666665e-09
948,2.7666666666666666e-09
949,1.0666666666666667e-09
950,2.0666666666666666e-09
951,1.5333333333333334e-09
952,1.5333333333333334e-09
953,1.85e-09
954,1.4666666666666666e-09
955,2.2666666666666667e-09
956,7.5e-10
957,1.4833333333333334e-09
958,9.666666666666666e-10
959,2.0666666666666666e-09
960,1.9666666666666665e-09
961,2.7500000000000002e-09
962,1.9e-09
963,1.4666666666666666e-09
964,1.1e-09
965,1.25e-09
966,1.8333333333333334e-09
967,2.116666666666667e-09
968,2.466666666666667e-09
969,1.2e-09
970,1.2999999999999999e-09
971,1.5166666666666666e-09
972,2.25e-09
973,2.7500000000000002e-09
974,1.4833333333333334e-09
975,1.8166666666666666e-09
976,2.016666666666667e-09
977,1.2e-09
978,1.15e-09
979,2.3166666666666663e-09
980,2.3666666666666668e-09
981,1.1166666666666667e-09
982,1.5333333333333334e-09
983,2.0666666666666666e-09
984,1.9333333333333333e-09
985,1.3666666666666667e-09
986,9.999999999999999e-10
987,2.016666666666667e-09
988,1.2666666666666668e-09
989,1.6166666666666667e-09
990,1.6666666666666665e-09
991,9.999999999999999e-10
992,1.5666666666666666e-09
993,1.2166666666666668e-09
994,1.25e-09
995,1.4666666666666666e-09
996,8.166666666666667e-10
997,1.7833333333333334e-09
998,1.2999999999999999e-09
999,9.5e-10
1000,8.666666666666667e-10
1001,1.6e-09
1002,9.666666666666666e-10
1003,7.333333333333333e-10
1004,1.2833333333333335e-09
1005,7e-10
1006,1.1833333333333334e-09
1007,1.8833333333333332e-09
1008,1.3333333333333333e-09
1009,3.166666666666667e-10
1010,1.6166666666666667e-09
1011,9.833333333333332e-10
1012,2.0833333333333334e-09
1013,1.7333333333333333e-09
1014,1.3666666666666667e-09
1015,7.5e-10
1016,9.5e-10
1017,1.25e-09
1018,1.1166666666666667e-09
1019,1.6333333333333335e-09
1020,1.0333333333333333e-09
1021,1.5e-09
1022,1.5e-09
1023,1.15e-09
1024,1.1833333333333334e-09
1025,1.3499999999999999e-09
1026,1.65e-09
1027,1.65e-09
1028,1.8333333333333334e-09
1029,1.0166666666666667e-09
1030,6.666666666666666e-10
1031,1.1666666666666668e-09
1032,8.833333333333333e-10
1033,2.45e-09
1034,1.1833333333333334e-09
1035,1.1833333333333334e-09
1036,8.666666666666667e-10
1037,1.3666666666666667e-09
1038,4.833333333333333e-10
1039,7e-10
1040,1.2833333333333335e-09
1041,1.5833333333333334e-09
1042,1.4166666666666665e-09
1043,9.333333333333332e-10
1044,1.5833333333333334e-09
1045,8.666666666666667e-10
1046,1.6333333333333335e-09
1047,1.5e-09
1048,9.833333333333332e-10
1049,2.4e-09
1050,1.4833333333333334e-09
1051,9.999999999999999e-10
1052,1.3166666666666667e-09
1053,8.833333333333333e-10
1054,1.4e-09
1055,1.4166666666666665e-09
1056,1.3666666666666667e-09
1057,8.833333333333333e-10
1058,1.4e-09
1059,4.5e-10
1060,1.2999999999999999e-09
1061,7.166666666666667e-10
1062,1.4e-09
1063,1.2999999999999999e-09
1064,5.5e-10
1065,1.2166666666666668e-09
1066,1.3333333333333333e-09
1067,8.833333333333333e-10
1068,1.4333333333333333e-09
1069,1.3833333333333333e-09
1070,1.45e-09
1071,1.2166666666666668e-09
1072,1.9166666666666665e-09
1073,6.666666666666666e-10
1074,1.3333333333333333e-09
1075,8.333333333333332e-10
1076,2.8333333333333334e-10
1077,1.8333333333333334e-09
1078,1.95e-09
1079,1.0499999999999999e-09
1080,1.1666666666666668e-09
1081,1.9e-09
1082,1.2666666666666668e-09
1083,6.833333333333334e-10
1084,1.4666666666666666e-09
1085,1.6e-09
1086,1.3333333333333333e-09
1087,1.4166666666666665e-09
1088,1.4166666666666665e-09
1089,1.4e-09
1090,1.1333333333333333e-09
1091,1.4333333333333333e-09
1092,1.5e-09
1093,1.5e-09
1094,1.1333333333333333e-09
1095,1.1833333333333334e-09
1096,1.3833333333333333e-09
1097,8.833333333333333e-10
1098,7e-10
1099,8.5e-10
1100,9.166666666666667e-10
1101,8.666666666666667e-10
1102,9.999999999999999e-10
1103,1.0333333333333333e-09
1104,7e-10
1105,9.833333333333332e-10
1106,8.333333333333332e-10
1107,7.166666666666667e-10
1108,7.833333333333333e-10
1109,1.1833333333333334e-09
1110,9e-10
1111,9.999999999999999e-10
1112,7.5e-10
1113,9e-10
1114,7.5e-10
1115,9.833333333333332e-10
1116,2.65e-09
1117,1.4666666666666666e-09
1118,1.8e-09
1119,7.5e-10
1120,9.666666666666666e-10
1121,5.166666666666666e-10
1122,8e-10
1123,7.666666666666667e-10
1124,1.2833333333333335e-09
1125,3.166666666666667e-10
1126,1.4666666666666666e-09
1127,3.8333333333333335e-10
1128,1.7833333333333334e-09
1129,1.9333333333333333e-09
1130,5.833333333333334e-10
1131,5.833333333333334e-10
1132,6.833333333333334e-10
1133,1.6833333333333333e-09
1134,1.0499999999999999e-09
1135,1.5166666666666666e-09
1136,7.833333333333333e-10
1137,2.383333333333333e-09
1138,1.15e-09
1139,1.15e-09
1140,1.6666666666666665e-09
1141,1.4833333333333334e-09
1142,6.499999999999999e-10
1143,3.0833333333333332e-09
1144,1.3166666666666667e-09
1145,1.9333333333333333e-09
1146,1.9999999999999997e-09
1147,8.5e-10
1148,1.0499999999999999e-09
1149,1.7666666666666666e-09
1150,1.8833333333333332e-09
1151,7.666666666666667e-10
1152,4.833333333333333e-10
1153,7e-10
1154,1.7333333333333333e-09
1155,1.85e-09
1156,8.166666666666667e-10
1157,4.999999999999999e-10
1158,4.999999999999999e-10
1159,1.5333333333333334e-09
1160,6e-10
1161,9.833333333333332e-10
1162,1.5666666666666666e-09
1163,1.0666666666666667e-09
1164,1.4166666666666665e-09
1165,1.5166666666666666e-09
1166,5.666666666666667e-10
1167,1.45e-09
1168,2.5333333333333337e-09
1169,1.1e-09
1170,4.5e-10
1171,2.4333333333333336e-09
1172,5.5e-10
1173,1.4666666666666666e-09
1174,1.6666666666666665e-09
1175,3.8333333333333335e-10
1176,3.6666666666666664e-10
1177,1.1333333333333333e-09
1178,1.2833333333333335e-09
1179,1.3166666666666667e-09
1180,1.9166666666666665e-09
1181,1.5666666666666666e-09
1182,1.1333333333333333e-09
1183,1.1666666666666668e-09
1184,1.9833333333333333e-09
1185,9.999999999999999e-10
1186,1.3166666666666667e-09
1187,1.3666666666666667e-09
1188,1.2999999999999999e-09
1189,2.9166666666666667e-09
1190,2.2e-09
1191,9.5e-10
1192,2.016666666666667e-09
1193,1.8833333333333332e-09
1194,2.65e-09
1195,1.9833333333333333e-09
1196,1.9833333333333333e-09
1197,9.333333333333332e-10
1198,3.6666666666666664e-10
1199,1.55e-09
1200,5.333333333333334e-10
1201,6.166666666666667e-10
1202,4.5e-10
1203,2.2333333333333335e-09
1204,1.7666666666666666e-09
1205,4.666666666666666e-10
1206,1.7166666666666665e-09
1207,1.7666666666666666e-09
1208,4.666666666666666e-10
1209,1.7666666666666666e-09
1210,3.333333333333333e-10
1211,1.7e-09
1212,8.666666666666667e-10
1213,8.5e-10
1214,1.4166666666666665e-09
1215,4.666666666666666e-10
1216,1.3499999999999999e-09
1217,6.166666666666667e-10
1218,6e-10
1219,7.333333333333333e-10
1220,1.9166666666666665e-09
1221,2.3333333333333335e-09
1222,1.3333333333333333e-09
1223,1.5833333333333334e-09
1224,1.1166666666666667e-09
1225,1.1333333333333333e-09
1226,1.2833333333333335e-09
1227,1.5666666666666666e-09
1228,1.3833333333333333e-09
1229,7.666666666666667e-10
1230,1.3666666666666667e-09
1231,1.4e-09
1232,1.5666666666666666e-09
1233,2.25e-09
1234,1.7833333333333334e-09
1235,1.4e-09
1236,2.2666666666666667e-09
1237,1.4166666666666665e-09
1238,1.4166666666666665e-09
1239,3.8333333333333335e-10
1240,1.8e-09
1241,1.5166666666666666e-09
1242,2.0333333333333333e-09
1243,4e-10
1244,1.9833333333333333e-09
1245,2.3666666666666668e-09
1246,2.1333333333333334e-09
1247,2.2666666666666667e-09
1248,2.1666666666666666e-09
1249,6.666666666666666e-10
1250,2.3666666666666668e-09
1251,2.216666666666667e-09
1252,6.333333333333334e-10
1253,2.55e-09
1254,4.3333333333333334e-10
1255,2.55e-09
1256,3.8333333333333335e-10
1257,4.833333333333333e-10
1258,2.0833333333333334e-09
1259,2.2666666666666667e-09
1260,9.166666666666667e-10
1261,2.5166666666666665e-09
1262,2.0999999999999998e-09
1263,2.1500000000000002e-09
1264,9.5e-10
1265,1.0333333333333333e-09
1266,2.383333333333333e-09
1267,9.333333333333332e-10
1268,1.0333333333333333e-09
1269,1.9333333333333333e-09
1270,1.8833333333333332e-09
1271,6.499999999999999e-10
1272,7.666666666666667e-10
1273,1.9166666666666665e-09
1274,1.7833333333333334e-09
1275,6.833333333333334e-10
1276,1.9e-09
1277,4.166666666666666e-10
1278,1.9e-09
1279,8.333333333333332e-10
1280,1.9333333333333333e-09
1281,2.0833333333333334e-09
1282,1.0499999999999999e-09
1283,1.9e-09
1284,1.8166666666666666e-09
1285,1.6333333333333335e-09
1286,6.333333333333334e-10
1287,1.4166666666666665e-09
1288,1.7e-09
1289,1.55e-09
1290,6.333333333333334e-10
1291,5.5e-10
1292,4.999999999999999e-10
1293,2.833333333333333e-09
1294,1.3166666666666667e-09
1295,4.666666666666666e-10
1296,1.4166666666666665e-09
1297,1.9333333333333333e-09
1298,1.7e-09
1299,7.166666666666667e-10
1300,1.25e-09
1301,1.65e-09
1302,1.6333333333333335e-09
1303,1.4e-09
1304,1.3333333333333333e-09
1305,1.6333333333333335e-09
1306,1.6666666666666665e-09
1307,1.3833333333333333e-09
1308,1.0666666666666667e-09
1309,1.5833333333333334e-09
1310,2e-10
1311,1.8e-09
1312,1.5333333333333334e-09
1313,2.933333333333333e-09
1314,1.7333333333333333e-09
1315,1.7e-09
1316,6.333333333333334e-10
1317,6.166666666666667e-10
1318,1.8833333333333332e-09
1319,1.7e-09
1320,1.8e-09
1321,4.5e-10
1322,4.666666666666666e-10
1323,1.8166666666666666e-09
1324,1.45e-09
1325,1.8666666666666664e-09
1326,7.166666666666667e-10
1327,4.5e-10
1328,2.0333333333333333e-09
1329,2.6333333333333333e-09
1330,4.5e-10
1331,2.466666666666667e-09
1332,9.833333333333332e-10
1333,1.45e-09
1334,1.6e-09
1335,4.999999999999999e-10
1336,2.1833333333333334e-09
1337,1.9666666666666665e-09
1338,1.4666666666666666e-09
1339,1.7166666666666665e-09
1340,6.833333333333334e-10
1341,2.45e-09
1342,9.833333333333332e-10
1343,2.7333333333333334e-09
1344,1.5e-09
1345,9.333333333333332e-10
1346,4.666666666666666e-10
1347,2.0999999999999998e-09
1348,1.1e-09
1349,1.0166666666666667e-09
1350,1.9999999999999997e-09
1351,1.0666666666666667e-09
1352,2.4166666666666664e-09
1353,1.1833333333333334e-09
1354,1.6e-09
1355,2.35e-09
1356,1.5e-09
1357,1.6666666666666665e-09
1358,1.1166666666666667e-09
1359,1.9666666666666665e-09
1360,1.1e-09
1361,2.0833333333333334e-09
1362,1.3499999999999999e-09
1363,1.5833333333333334e-09
1364,1.1e-09
1365,2.7666666666666666e-09
1366,1.65e-09
1367,1.4666666666666666e-09
1368,1.5e-09
1369,1.8333333333333334e-09
1370,2.0666666666666666e-09
1371,1.3166666666666667e-09
1372,1.5333333333333334e-09
1373,1.5333333333333334e-09
1374,1.1333333333333333e-09
1375,1.6e-09
1376,1.1333333333333333e-09
1377,1.65e-09
1378,2.983333333333333e-09
1379,2.1333333333333334e-09
1380,1.7e-09
1381,1.3499999999999999e-09
1382,1.6166666666666667e-09
1383,1.7333333333333333e-09
1384,1.7666666666666666e-09
1385,1.8666666666666664e-09
1386,1.6333333333333335e-09
1387,1.8833333333333332e-09
1388,1.5333333333333334e-09
1389,1.7166666666666665e-09
1390,1.4e-09
1391,1.8e-09
1392,1.4666666666666666e-09
1393,2.016666666666667e-09
1394,2.0999999999999998e-09
1395,1.7666666666666666e-09
1396,1.5333333333333334e-09
1397,1.9166666666666665e-09
1398,1.7166666666666665e-09
1399,1.65e-09
1400,1.9833333333333333e-09
1401,1.6e-09
1402,1.9833333333333333e-09
1403,1.65e-09
1404,1.85e-09
1405,2.4e-09
1406,1.5e-09
1407,1.75e-09
1408,1.2666666666666668e-09
1409,1.6666666666666665e-09
1410,1.8666666666666664e-09
1411,1.9e-09
1412,1.5666666666666666e-09
1413,1.75e-09
1414,2.2666666666666667e-09
1415,1.5666666666666666e-09
1416,1.5666666666666666e-09
1417,1.0499999999999999e-09
1418,1.2666666666666668e-09
1419,1.2999999999999999e-09
1420,1.0833333333333333e-09
1421,2.1333333333333334e-09
1422,1.4e-09
1423,2.6333333333333333e-09
1424,1.4666666666666666e-09
1425,2.05e-09
1426,1.65e-09
1427,1.7333333333333333e-09
1428,6.833333333333334e-10
1429,3.5833333333333336e-09
1430,2.3166666666666663e-09
1431,6.833333333333334e-10
1432,2.1333333333333334e-09
1433,2.4e-09
1434,1.7e-09
1435,2.4e-09
1436,2.8666666666666667e-09
1437,2.2333333333333335e-09
1438,2.2666666666666667e-09
1439,5.833333333333334e-10
1440,2.466666666666667e-09
1441,8.333333333333332e-10
1442,2.25e-09
1443,4.833333333333333e-10
1444,6.499999999999999e-10
1445,1.9999999999999997e-09
1446,2.8833333333333335e-09
1447,1.95e-09
1448,2.9666666666666668e-09
1449,1.9166666666666665e-09
1450,9e-10
1451,8e-10
1452,8.333333333333332e-10
1453,1.8833333333333332e-09
1454,1.9666666666666665e-09
1455,2.8166666666666667e-09
1456,2.6999999999999998e-09
1457,5.333333333333334e-10
1458,1.9333333333333333e-09
1459,1.9666666666666665e-09
1460,1.0499999999999999e-09
1461,2.0333333333333333e-09
1462,1.8666666666666664e-09
1463,2.5999999999999997e-09
1464,8.166666666666667e-10
1465,1.8666666666666664e-09
1466,8.333333333333332e-10
1467,1.3333333333333333e-09
1468,5.166666666666666e-10
1469,1.1333333333333333e-09
1470,1.1e-09
1471,1.1333333333333333e-09
1472,9.833333333333332e-10
1473,1.65e-09
1474,1.0333333333333333e-09
1475,1.2666666666666668e-09
1476,1.65e-09
1477,1.2166666666666668e-09
1478,1.1666666666666668e-09
1479,1.15e-09
1480,7.666666666666667e-10
1481,1.8e-09
1482,6.833333333333334e-10
1483,1.6e-09
1484,1.6666666666666665e-09
1485,1.9333333333333333e-09
1486,1.9833333333333333e-09
1487,7e-10
1488,1.8666666666666664e-09
1489,1.8e-09
1490,8.333333333333332e-10
1491,2.1666666666666666e-09
1492,1.9166666666666665e-09
1493,1.6e-09
1494,1.3666666666666667e-09
1495,6.833333333333334e-10
1496,8.666666666666667e-10
1497,1.85e-09
1498,1.65e-09
1499,4.666666666666666e-10
1500,5.166666666666666e-10
1501,5.333333333333334e-10
1502,3.8333333333333335e-10
1503,1.25e-09
1504,8.5e-10
1505,5.333333333333334e-10
1506,1.9666666666666665e-09
1507,1.5666666666666666e-09
1508,1.2666666666666668e-09
1509,4.3333333333333334e-10
1510,5.833333333333334e-10
1511,7e-10
1512,1.4166666666666665e-09
1513,1.25e-09
1514,1.4e-09
1515,3.333333333333333e-10
1516,7.666666666666667e-10
1517,1.0833333333333333e-09
1518,4.5e-10
1519,1.6666666666666666e-10
1520,4.3333333333333334e-10
1521,7e-10
1522,9.666666666666666e-10
1523,8e-10
1524,8.833333333333333e-10
1525,5.5e-10
1526,9.5e-10
1527,1.15e-09
1528,1.0333333333333333e-09
1529,6.499999999999999e-10
1530,1.0166666666666667e-09
1531,1.0333333333333333e-09
1532,4.3333333333333334e-10
1533,7.166666666666667e-10
1534,1.3166666666666667e-09
1535,6.833333333333334e-10
1536,1.45e-09
1537,1.3166666666666667e-09
1538,1.4333333333333333e-09
1539,6.833333333333334e-10
1540,1.6e-09
1541,9.333333333333332e-10
1542,8.333333333333332e-10
1543,4.5e-10
1544,9e-10
1545,1.2999999999999999e-09
1546,1.1666666666666668e-09
1547,1.2833333333333335e-09
1548,1.0499999999999999e-09
1549,9.833333333333332e-10
1550,8.666666666666667e-10
1551,1.0333333333333333e-09
1552,1.1666666666666668e-09
1553,1.0166666666666667e-09
1554,9.999999999999999e-10
1555,9.166666666666667e-10
1556,1.1666666666666668e-09
1557,1.3666666666666667e-09
1558,1.3333333333333333e-09
1559,2.2666666666666667e-09
1560,1.2666666666666668e-09
1561,7.5e-10
1562,8.833333333333333e-10
1563,7e-10
1564,9.166666666666667e-10
1565,1.1e-09
1566,1.3833333333333333e-09
1567,1.0166666666666667e-09
1568,2.016666666666667e-09
1569,1.5166666666666666e-09
1570,1.5e-09
1571,1.5333333333333334e-09
1572,2.3333333333333335e-09
1573,2.05e-09
1574,1.4e-09
1575,1.65e-09
1576,1.6e-09
1577,2.283333333333333e-09
1578,1.0166666666666667e-09
1579,2.3666666666666668e-09
1580,1.7333333333333333e-09
1581,9e-10
1582,1.65e-09
1583,2.0833333333333334e-09
1584,1.9e-09
1585,2.3e-09
1586,2.55e-09
1587,2.116666666666667e-09
1588,9.666666666666666e-10
1589,6.333333333333334e-10
1590,1.8833333333333332e-09
1591,1.95e-09
1592,1.7666666666666666e-09
1593,6.666666666666666e-10
1594,2.25e-09
1595,6.666666666666666e-10
1596,9.333333333333332e-10
1597,1.9333333333333333e-09
1598,1.0499999999999999e-09
1599,1.7166666666666665e-09
1600,8.166666666666667e-10
1601,1.6333333333333335e-09
1602,7.666666666666667e-10
1603,9.166666666666667e-10
1604,1.7166666666666665e-09
1605,7.333333333333333e-10
1606,9.999999999999999e-10
1607,1.4166666666666665e-09
1608,8.5e-10
1609,5.333333333333334e-10
1610,4.666666666666666e-10
1611,1.2333333333333334e-09
1612,1.4e-09
1613,1.4333333333333333e-09
1614,5.666666666666667e-10
1615,2.0999999999999998e-09
1616,1.2999999999999999e-09
1617,1.3666666666666667e-09
1618,1.1166666666666667e-09
1619,9.333333333333332e-10
1620,1.25e-09
1621,1.3499999999999999e-09
1622,1.2999999999999999e-09
1623,1.75e-09
1624,1.4e-09
1625,6.499999999999999e-10
1626,7.5e-10
1627,3.8e-09
1628,8.166666666666667e-10
1629,1.8833333333333332e-09
1630,1.1833333333333334e-09
1631,2.1500000000000002e-09
1632,1.0666666666666667e-09
1633,2.05e-09
1634,1.5e-09
1635,1.3833333333333333e-09
1636,9.166666666666667e-10
1637,4.233333333333334e-09
1638,2.3333333333333335e-09
1639,2.5833333333333333e-09
1640,8.666666666666667e-10
1641,2.0333333333333333e-09
1642,2.3666666666666668e-09
1643,1.1333333333333333e-09
1644,7.333333333333333e-10
1645,2.7666666666666666e-09
1646,1.8166666666666666e-09
1647,1.45e-09
1648,2.0833333333333334e-09
1649,2.0999999999999998e-09
1650,2.6999999999999998e-09
1651,2.8833333333333335e-09
1652,1.75e-09
1653,2.2e-09
1654,2.5333333333333337e-09
1655,2.7166666666666666e-09
1656,1.4333333333333333e-09
1657,2.9500000000000004e-09
1658,1.7333333333333333e-09
1659,1.7e-09
1660,1.9e-09
1661,2.0666666666666666e-09
1662,2.05e-09
1663,2.1666666666666666e-09
1664,2.3333333333333335e-09
1665,5.8e-09
1666,1.6333333333333335e-09
1667,2.833333333333333e-09
1668,2.8e-09
1669,2.216666666666667e-09
1670,2.2e-09
1671,4.116666666666666e-09
1672,3.8e-09
1673,2.0666666666666666e-09
1674,1.9833333333333333e-09
1675,3.033333333333333e-09
1676,1.5333333333333334e-09
1677,2.45e-09
1678,3.066666666666667e-09
1679,3.8666666666666665e-09
1680,2.933333333333333e-09
1681,2.7833333333333334e-09
1682,2.65e-09
1683,3.883333333333333e-09
1684,3.4166666666666667e-09
1685,3.7e-09
1686,3.066666666666667e-09
1687,3.2166666666666665e-09
1688,2.55e-09
1689,3.4e-09
1690,3.166666666666667e-09
1691,3.783333333333333e-09
1692,3.05e-09
1693,4.366666666666667e-09
1694,3.55e-09
1695,4.216666666666666e-09
1696,4.55e-09
1697,2.5999999999999997e-09
1698,2.3333333333333335e-09
1699,1.9e-09
1700,2.55e-09
1701,1.8e-09
1702,1.9833333333333333e-09
1703,3.95e-09
1704,2.9666666666666668e-09
1705,4.283333333333333e-09
1706,2.216666666666667e-09
1707,2.8500000000000003e-09
1708,2.6333333333333333e-09
1709,2.116666666666667e-09
1710,2.833333333333333e-09
1711,1.6e-09
1712,3.1e-09
1713,2.9666666666666668e-09
1714,2.566666666666667e-09
1715,1.7833333333333334e-09
1716,1.6166666666666667e-09
1717,1.8333333333333334e-09
1718,1.9166666666666665e-09
1719,1.7e-09
1720,4.766666666666666e-09
1721,2.5333333333333337e-09
1722,3.883333333333333e-09
1723,3.0166666666666664e-09
1724,2.4333333333333336e-09
1725,2.4e-09
1726,2.25e-09
1727,3.55e-09
1728,2.3333333333333335e-09
1729,3.5166666666666667e-09
1730,1.2666666666666668e-09
1731,2.8e-09
1732,2.4333333333333336e-09
1733,2.2666666666666667e-09
1734,1.25e-09
1735,2.5333333333333337e-09
1736,1.3333333333333333e-09
1737,2.116666666666667e-09
1738,1.85e-09
1739,2.833333333333333e-09
1740,2.2666666666666667e-09
1741,2.1333333333333334e-09
1742,1.6833333333333333e-09
1743,2.8166666666666667e-09
1744,2.5999999999999997e-09
1745,2.8166666666666667e-09
1746,2.8e-09
1747,2.216666666666667e-09
1748,1.5e-09
1749,3.1833333333333333e-09
1750,3.166666666666667e-09
1751,3.266666666666667e-09
1752,1.3499999999999999e-09
1753,1.2999999999999999e-09
1754,2.25e-09
1755,3.3833333333333334e-09
1756,2.1833333333333334e-09
1757,1.0499999999999999e-09
1758,2.3e-09
1759,2.6333333333333333e-09
1760,1.5666666666666666e-09
1761,2.5833333333333333e-09
1762,1.6e-09
1763,1.3499999999999999e-09
1764,3.05e-09
1765,1.1833333333333334e-09
1766,1.2333333333333334e-09
1767,2.466666666666667e-09
1768,2.1833333333333334e-09
1769,2.8500000000000003e-09
1770,2.9500000000000004e-09
1771,2.7500000000000002e-09
1772,1.9166666666666665e-09
1773,2.8833333333333335e-09
1774,2.216666666666667e-09
1775,4.483333333333333e-09
1776,2.383333333333333e-09
1777,2.4166666666666664e-09
1778,2.566666666666667e-09
1779,1.8333333333333334e-09
1780,2.5333333333333337e-09
1781,2.7666666666666666e-09
1782,2.4e-09
1783,2.0833333333333334e-09
1784,1.6666666666666665e-09
1785,2.1500000000000002e-09
1786,2.4833333333333332e-09
1787,2.1333333333333334e-09
1788,2.5166666666666665e-09
1789,2.216666666666667e-09
1790,2.4166666666666664e-09
1791,2.2333333333333335e-09
1792,2.65e-09
1793,2.65e-09
1794,3.25e-09
1795,2.933333333333333e-09
1796,3.6833333333333336e-09
1797,3.816666666666667e-09
1798,1.8166666666666666e-09
1799,2.5e-09
1800,3.4833333333333335e-09
1801,3.2833333333333334e-09
1802,1.9999999999999997e-09
1803,2.3166666666666663e-09
1804,3.8e-09
1805,2.0333333333333333e-09
1806,2.9666666666666668e-09
1807,3.1e-09
1808,2.2666666666666667e-09
1809,1.95e-09
1810,2.283333333333333e-09
1811,3.333333333333333e-09
1812,3.5833333333333336e-09
1813,1.9e-09
1814,2.3666666666666668e-09
1815,1.9666666666666665e-09
1816,2.25e-09
1817,2.7166666666666666e-09
1818,3.1833333333333333e-09
1819,3.15e-09
1820,3.4e-09
1821,3.3500000000000002e-09
1822,1.75e-09
1823,1.8333333333333334e-09
1824,2.4833333333333332e-09
1825,2.8e-09
1826,3.883333333333333e-09
1827,2.016666666666667e-09
1828,1.8833333333333332e-09
1829,1.8666666666666664e-09
1830,1.9e-09
1831,2.3666666666666668e-09
1832,2.55e-09
1833,1.3833333333333333e-09
1834,3.0166666666666664e-09
1835,2.3166666666666663e-09
1836,1.7333333333333333e-09
1837,1.9999999999999997e-09
1838,1.9166666666666665e-09
1839,1.95e-09
1840,1.85e-09
1841,1.6666666666666665e-09
1842,1.85e-09
1843,2.2e-09
1844,2.1500000000000002e-09
1845,1.6666666666666665e-09
1846,2.016666666666667e-09
1847,2.4333333333333336e-09
1848,2.1333333333333334e-09
1849,1.4e-09
1850,2.0999999999999998e-09
1851,1.2833333333333335e-09
1852,2.5833333333333333e-09
1853,1.8e-09
1854,1.6166666666666667e-09
1855,2.4333333333333336e-09
1856,3.1833333333333333e-09
1857,1.9833333333333333e-09
1858,1.9666666666666665e-09
1859,1.6166666666666667e-09
1860,2.833333333333333e-09
1861,1.4833333333333334e-09
1862,6.15e-09
1863,1.5166666666666666e-09
1864,1.5666666666666666e-09
1865,2.466666666666667e-09
1866,2.0833333333333334e-09
1867,2.4166666666666664e-09
1868,1.6833333333333333e-09
1869,1.2833333333333335e-09
1870,2.0999999999999998e-09
1871,2.3e-09
1872,3e-09
1873,2.4833333333333332e-09
1874,1.55e-09
1875,1.5666666666666666e-09
1876,2.0333333333333333e-09
1877,2.016666666666667e-09
1878,1.8166666666666666e-09
1879,1.8e-09
1880,1.6e-09
1881,2.5166666666666665e-09
1882,2.05e-09
1883,1.1666666666666668e-09
1884,5.083333333333333e-09
1885,2.7833333333333334e-09
1886,3.0166666666666664e-09
1887,1.8e-09
1888,1.3499999999999999e-09
1889,1.3666666666666667e-09
1890,1.4833333333333334e-09
1891,1.3833333333333333e-09
1892,1.3833333333333333e-09
1893,1.1666666666666668e-09
1894,1.5333333333333334e-09
1895,1.8833333333333332e-09
1896,1.6666666666666665e-09
1897,2.7333333333333334e-09
1898,2.0666666666666666e-09
1899,2.7166666666666666e-09
1900,2.7666666666666666e-09
1901,2.5999999999999997e-09
1902,7.833333333333333e-10
1903,3.2166666666666665e-09
1904,8.333333333333332e-10
1905,9.666666666666666e-10
1906,3.3e-09
1907,2.8166666666666667e-09
1908,1.4833333333333334e-09
1909,1.25e-09
1910,8.5e-10
1911,3.066666666666667e-09
1912,3.033333333333333e-09
1913,2.5999999999999997e-09
1914,1.6166666666666667e-09
1915,1.5666666666666666e-09
1916,1.85e-09
1917,3.0833333333333332e-09
1918,1.0833333333333333e-09
1919,3.1166666666666665e-09
1920,2.983333333333333e-09
1921,1.1166666666666667e-09
1922,1.5166666666666666e-09
1923,3.7e-09
1924,1.4166666666666665e-09
1925,2.1333333333333334e-09
1926,2.3e-09
1927,2.8666666666666667e-09
1928,1.6166666666666667e-09
1929,2.0999999999999998e-09
1930,3.0833333333333332e-09
1931,2.7166666666666666e-09
1932,3.25e-09
1933,3.8e-09
1934,1.4833333333333334e-09
1935,1.4833333333333334e-09
1936,1.9666666666666665e-09
1937,1.8833333333333332e-09
1938,3.3166666666666666e-09
1939,1.6166666666666667e-09
1940,1.7333333333333333e-09
1941,3.2333333333333333e-09
1942,1.8166666666666666e-09
1943,2.9666666666666668e-09
1944,3.0833333333333332e-09
1945,3.3833333333333334e-09
1946,3.4166666666666667e-09
1947,1.8166666666666666e-09
1948,1.3833333333333333e-09
1949,1.7833333333333334e-09
1950,2.9166666666666667e-09
1951,1.1833333333333334e-09
1952,1.9e-09
1953,1.9166666666666665e-09
1954,2.4833333333333332e-09
1955,2.9500000000000004e-09
1956,2.5999999999999997e-09
1957,3.3500000000000002e-09
1958,1.7833333333333334e-09
1959,2.45e-09
1960,2.6999999999999998e-09
1961,1.2833333333333335e-09
1962,1.3333333333333333e-09
1963,2.4166666666666664e-09
1964,1.3499999999999999e-09
1965,1.75e-09
1966,3.25e-09
1967,2.6999999999999998e-09
1968,1.2666666666666668e-09
1969,2.566666666666667e-09
1970,1.65e-09
1971,9.5e-10
1972,2.6999999999999998e-09
1973,1.2333333333333334e-09
1974,9.666666666666666e-10
1975,2.4833333333333332e-09
1976,9.666666666666666e-10
1977,1.0666666666666667e-09
1978,2.5333333333333337e-09
1979,1.6e-09
1980,1.5333333333333334e-09
1981,1.2e-09
1982,2.25e-09
1983,8.833333333333333e-10
1984,1.4666666666666666e-09
1985,2.25e-09
1986,2.0333333333333333e-09
1987,1.25e-09
1988,1.6e-09
1989,1.2999999999999999e-09
1990,1.5e-09
1991,2.2e-09
1992,9.333333333333332e-10
1993,1.95e-09
1994,1.0833333333333333e-09
1995,3.8e-09
1996,2.283333333333333e-09
1997,1.1e-09
1998,1.85e-09
1999,1.2833333333333335e-09
2000,1.15e-09
2001,1.1333333333333333e-09
2002,1.6666666666666665e-09
2003,1.7833333333333334e-09
2004,1.0666666666666667e-09
2005,1.45e-09
2006,2.9166666666666667e-09
2007,1.8666666666666664e-09
2008,2.35e-09
2009,1.6666666666666665e-09
2010,2.5e-09
2011,1.7333333333333333e-09
2012,1.8e-09
2013,1.3499999999999999e-09
2014,1.0333333333333333e-09
2015,2.6999999999999998e-09
2016,3.1166666666666665e-09
2017,9.166666666666667e-10
2018,8.166666666666667e-10
2019,1.0333333333333333e-09
2020,1.1833333333333334e-09
2021,2.383333333333333e-09
2022,2.2333333333333335e-09
2023,2.6333333333333333e-09
2024,1.1333333333333333e-09
2025,9.666666666666666e-10
2026,9.5e-10
2027,3.066666666666667e-09
2028,2.4166666666666664e-09
2029,1.9e-09
2030,2.283333333333333e-09
2031,2.8166666666666667e-09
2032,1.2999999999999999e-09
2033,2.5999999999999997e-09
2034,2.466666666666667e-09
2035,1.2333333333333334e-09
2036,1.4166666666666665e-09
2037,2.3e-09
2038,3.1333333333333333e-09
2039,2.3333333333333335e-09
2040,2.3333333333333335e-09
2041,2.35e-09
2042,2.4333333333333336e-09
2043,1.4666666666666666e-09
2044,2.4333333333333336e-09
2045,1.7833333333333334e-09
2046,1.7166666666666665e-09
2047,2.0833333333333334e-09
2048,3.05e-09
2049,1.8833333333333332e-09
2050,2.466666666666667e-09
2051,2.8833333333333335e-09
2052,1.8333333333333334e-09
2053,1.9666666666666665e-09
2054,1.9333333333333333e-09
2055,1.9999999999999997e-09
2056,2.3166666666666663e-09
2057,2.0999999999999998e-09
2058,2.1666666666666666e-09
2059,2.6333333333333333e-09
2060,2.0999999999999998e-09
2061,2.5e-09
2062,2.1666666666666666e-09
2063,2.4333333333333336e-09
2064,3.166666666666667e-09
2065,2.8500000000000003e-09
2066,1.5833333333333334e-09
2067,2.4166666666666664e-09
2068,2.4166666666666664e-09
2069,1.4833333333333334e-09
2070,2.5e-09
2071,1.6e-09
2072,1.5e-09
2073,1.4333333333333333e-09
2074,1.4666666666666666e-09
2075,1.6166666666666667e-09
2076,1.5666666666666666e-09
2077,2.2333333333333335e-09
2078,2.6833333333333334e-09
2079,1.9166666666666665e-09
2080,2.2666666666666667e-09
2081,1.3166666666666667e-09
2082,2.0666666666666666e-09
2083,1.9e-09
2084,2.65e-09
2085,2.1333333333333334e-09
2086,1.2833333333333335e-09
2087,1.7333333333333333e-09
2088,1.6e-09
2089,1.4e-09
2090,1.2333333333333334e-09
2091,2.05e-09
2092,2.4e-09
2093,1.6166666666666667e-09
2094,1.5166666666666666e-09
2095,2.566666666666667e-09
2096,1.9666666666666665e-09
2097,1.8666666666666664e-09
2098,1.9666666666666665e-09
2099,1.55e-09
2100,2.8500000000000003e-09
2101,1.5833333333333334e-09
2102,1.75e-09
2103,2.5e-09
2104,1.7e-09
2105,2.016666666666667e-09
2106,1.75e-09
2107,2.2666666666666667e-09
2108,2.2333333333333335e-09
2109,1.7166666666666665e-09
2110,2.4166666666666664e-09
2111,2.35e-09
2112,2.1333333333333334e-09
2113,1.9666666666666665e-09
2114,1.7e-09
2115,1.55e-09
2116,1.8333333333333334e-09
2117,1.8666666666666664e-09
2118,1.55e-09
2119,1.5666666666666666e-09
2120,1.6e-09
2121,1.6e-09
2122,1.5e-09
2123,1.3666666666666667e-09
2124,1.4166666666666665e-09
2125,1.3333333333333333e-09
2126,1.3166666666666667e-09
2127,1.9e-09
2128,1.8e-09
2129,1.4166666666666665e-09
2130,1.45e-09
2131,1.9e-09
2132,1.65e-09
2133,2.35e-09
2134,1.6833333333333333e-09
2135,1.7666666666666666e-09
2136,1.9333333333333333e-09
2137,2.0999999999999998e-09
2138,1.8666666666666664e-09
2139,1.75e-09
2140,1.7e-09
2141,1.95e-09
2142,1.85e-09
2143,1.4333333333333333e-09
2144,1.2833333333333335e-09
2145,1.5166666666666666e-09
2146,1.7833333333333334e-09
2147,1.2e-09
2148,1.3666666666666667e-09
2149,1.5333333333333334e-09
2150,2.3333333333333335e-09
2151,2.566666666666667e-09
2152,1.9e-09
2153,1.7666666666666666e-09
2154,1.2666666666666668e-09
2155,1.3666666666666667e-09
2156,1.2166666666666668e-09
2157,1.75e-09
2158,1.0666666666666667e-09
2159,7.833333333333333e-10
2160,1.9999999999999997e-09
2161,8.166666666666667e-10
2162,1.5666666666666666e-09
2163,8.333333333333332e-10
2164,1.2999999999999999e-09
2165,7.333333333333333e-10
2166,1.0499999999999999e-09
2167,1.4333333333333333e-09
2168,1.55e-09
2169,1.2833333333333335e-09
2170,9.333333333333332e-10
2171,2.6999999999999998e-09
2172,1.7666666666666666e-09
2173,1.7333333333333333e-09
2174,1.7e-09
2175,1.0666666666666667e-09
2176,1.7166666666666665e-09
2177,1.7333333333333333e-09
2178,1.1666666666666668e-09
2179,1.9833333333333333e-09
2180,1.9666666666666665e-09
2181,1.3833333333333333e-09
2182,1.55e-09
2183,1.25e-09
2184,1.7666666666666666e-09
2185,1.4333333333333333e-09
2186,1.1666666666666668e-09
2187,1.2333333333333334e-09
2188,9e-10
2189,1.0499999999999999e-09
2190,8.833333333333333e-10
2191,1.3333333333333333e-09
2192,1.85e-09
2193,9.833333333333332e-10
2194,1.0333333333333333e-09
2195,1.4833333333333334e-09
2196,9.999999999999999e-10
2197,1.1833333333333334e-09
2198,1.0333333333333333e-09
2199,8.666666666666667e-10
2200,1.4e-09
2201,9.999999999999999e-10
2202,8.833333333333333e-10
2203,9e-10
2204,1.1e-09
2205,1.6e-09
2206,9.166666666666667e-10
2207,8.166666666666667e-10
2208,1.0499999999999999e-09
2209,1.4833333333333334e-09
2210,9.333333333333332e-10
2211,1.5166666666666666e-09
2212,7.166666666666667e-10
2213,1.0499999999999999e-09
2214,9.666666666666666e-10
2215,6.833333333333334e-10
2216,8.5e-10
2217,8.166666666666667e-10
2218,7.166666666666667e-10
2219,9.833333333333332e-10
2220,9.5e-10
2221,8.833333333333333e-10
2222,1.0666666666666667e-09
2223,1.3166666666666667e-09
2224,1.6e-09
2225,1.0166666666666667e-09
2226,1.4e-09
2227,1.4166666666666665e-09
2228,9.166666666666667e-10
2229,1.0333333333333333e-09
2230,1.0333333333333333e-09
2231,1.1833333333333334e-09
2232,1.2166666666666668e-09
2233,1.4e-09
2234,9.666666666666666e-10
2235,1.4333333333333333e-09
2236,2.8666666666666667e-09
2237,2.25e-09
2238,7.333333333333333e-10
2239,1.0166666666666667e-09
2240,1.8e-09
2241,1.0333333333333333e-09
2242,1.2833333333333335e-09
2243,1.2999999999999999e-09
2244,1.8666666666666664e-09
2245,9.5e-10
2246,6.833333333333334e-10
2247,6.833333333333334e-10
2248,7.5e-10
2249,1.2e-09
2250,1.6166666666666667e-09
2251,9.166666666666667e-10
2252,1.6166666666666667e-09
2253,7.166666666666667e-10
2254,4.3333333333333334e-10
2255,5.833333333333334e-10
2256,1.2833333333333335e-09
2257,1.1e-09
2258,1.4e-09
2259,1.6666666666666665e-09
2260,1.6666666666666665e-09
2261,1.9e-09
2262,1.0666666666666667e-09
2263,1.9e-09
2264,1.9e-09
2265,1.9e-09
2266,2.4333333333333336e-09
2267,1.65e-09
2268,1.3333333333333333e-09
2269,9.5e-10
2270,2.1500000000000002e-09
2271,1.6833333333333333e-09
2272,1.0833333333333333e-09
2273,2.0999999999999998e-09
2274,1.5666666666666666e-09
2275,1.3833333333333333e-09
2276,1.65e-09
2277,1.95e-09
2278,1.7166666666666665e-09
2279,1.8e-09
2280,1.3833333333333333e-09
2281,1.8666666666666664e-09
2282,1.7666666666666666e-09
2283,1.9833333333333333e-09
2284,8.833333333333333e-10
2285,1.1166666666666667e-09
2286,2.05e-09
2287,2.2333333333333335e-09
2288,1.0333333333333333e-09
2289,2.3e-09
2290,2.35e-09
2291,1.3166666666666667e-09
2292,1.1e-09
2293,1.2e-09
2294,1.25e-09
2295,1.0333333333333333e-09
2296,2.0333333333333333e-09
2297,1.3166666666666667e-09
2298,1.4666666666666666e-09
2299,1.5333333333333334e-09
2300,1.4833333333333334e-09
2301,1.65e-09
2302,1.5e-09
2303,1.95e-09
2304,1.5166666666666666e-09
2305,1.45e-09
2306,2.05e-09
2307,1.4666666666666666e-09
2308,2.0833333333333334e-09
2309,1.4333333333333333e-09
2310,1.55e-09
2311,1.15e-09
2312,1.8166666666666666e-09
2313,1.3499999999999999e-09
2314,1.9333333333333333e-09
2315,1.1833333333333334e-09
2316,1.2333333333333334e-09
2317,1.5e-09
2318,1.6833333333333333e-09
2319,1.3333333333333333e-09
2320,2.016666666666667e-09
2321,1.6166666666666667e-09
2322,1.15e-09
2323,1.0833333333333333e-09
2324,1.8833333333333332e-09
2325,9.166666666666667e-10
2326,1.45e-09
2327,1.6666666666666665e-09
2328,1.3833333333333333e-09
2329,1.4666666666666666e-09
2330,1.0666666666666667e-09
2331,1.8333333333333334e-09
2332,1.3333333333333333e-09
2333,1.4e-09
2334,1.4e-09
2335,1.7833333333333334e-09
2336,1.5166666666666666e-09
2337,1.8833333333333332e-09
2338,1.4e-09
2339,1.3166666666666667e-09
2340,1.5333333333333334e-09
2341,1.3499999999999999e-09
2342,1.7e-09
2343,1.85e-09
2344,2.2e-09
2345,1.9e-09
2346,1.5166666666666666e-09
2347,2.3166666666666663e-09
2348,1.8333333333333334e-09
2349,2.0666666666666666e-09
2350,2.1333333333333334e-09
2351,2.0999999999999998e-09
2352,1.8666666666666664e-09
2353,2.0833333333333334e-09
2354,2.116666666666667e-09
2355,2.016666666666667e-09
2356,1.95e-09
2357,2.1833333333333334e-09
2358,1.75e-09
2359,1.9e-09
2360,2.1666666666666666e-09
2361,2.116666666666667e-09
2362,1.5833333333333334e-09
2363,1.6666666666666665e-09
2364,1.6833333333333333e-09
2365,1.65e-09
2366,1.6333333333333335e-09
2367,2.466666666666667e-09
2368,1.6833333333333333e-09
2369,1.6e-09
2370,1.6333333333333335e-09
2371,1.7666666666666666e-09
2372,1.8666666666666664e-09
2373,1.5833333333333334e-09
2374,1.6166666666666667e-09
2375,2.45e-09
2376,1.6e-09
2377,1.75e-09
2378,1.55e-09
2379,1.1166666666666667e-09
2380,2.0666666666666666e-09
2381,1.8333333333333334e-09
2382,2.283333333333333e-09
2383,2.25e-09
2384,2.0333333333333333e-09
2385,2.216666666666667e-09
2386,1.5333333333333334e-09
2387,8.666666666666667e-10
2388,2.116666666666667e-09
2389,8.666666666666667e-10
2390,1.65e-09
2391,8.833333333333333e-10
2392,1.75e-09
2393,1.65e-09
2394,8e-10
2395,7.333333333333333e-10
2396,5.666666666666667e-10
2397,2.3666666666666668e-09
2398,6.833333333333334e-10
2399,1.8666666666666664e-09
2400,1.8833333333333332e-09
2401,1.75e-09
2402,2.283333333333333e-09
2403,6.333333333333334e-10
2404,1.2166666666666668e-09
2405,8.5e-10
2406,7.166666666666667e-10
2407,9.999999999999999e-10
2408,1.8e-09
2409,2.1666666666666666e-09
2410,6.666666666666666e-10
2411,6.499999999999999e-10
2412,1.8666666666666664e-09
2413,1.9833333333333333e-09
2414,9.666666666666666e-10
2415,2.1333333333333334e-09
2416,1.0166666666666667e-09
2417,1.0666666666666667e-09
2418,2.466666666666667e-09
2419,2.1500000000000002e-09
2420,2.25e-09
2421,1.1e-09
2422,2.2666666666666667e-09
2423,2.3e-09
2424,9.999999999999999e-10
2425,3.2833333333333334e-09
2426,2.05e-09
2427,2.4e-09
2428,2.35e-09
2429,2.383333333333333e-09
2430,4.016666666666667e-09
2431,1.2666666666666668e-09
2432,1.3333333333333333e-09
2433,1.15e-09
2434,3.533333333333333e-09
2435,7e-10
2436,2.2333333333333335e-09
2437,9.833333333333332e-10
2438,8.333333333333332e-10
2439,2.5166666666666665e-09
2440,2.25e-09
2441,1.9833333333333333e-09
2442,2.8e-09
2443,1.0666666666666667e-09
2444,2.2333333333333335e-09
2445,8.666666666666667e-10
2446,3.05e-09
2447,1.8e-09
2448,6.666666666666666e-10
2449,1.6e-09
2450,1.9666666666666665e-09
2451,2.5999999999999997e-09
2452,1.6e-09
2453,4.3333333333333334e-10
2454,1.7666666666666666e-09
2455,2.216666666666667e-09
2456,2.3666666666666668e-09
2457,7.166666666666667e-10
2458,1.4666666666666666e-09
2459,1.55e-09
2460,1.7333333333333333e-09
2461,9.999999999999999e-10
2462,1.1666666666666668e-09
2463,1.8333333333333334e-09
2464,2.1333333333333334e-09
2465,1.1666666666666668e-09
2466,1.3166666666666667e-09
2467,1.5e-09
2468,1.7166666666666665e-09
2469,1.3333333333333333e-09
2470,1.2166666666666668e-09
2471,1.6166666666666667e-09
2472,1.3499999999999999e-09
2473,2.4e-09
2474,1.2333333333333334e-09
2475,1.8333333333333334e-09
2476,1.4166666666666665e-09
2477,1.2166666666666668e-09
2478,1.3333333333333333e-09
2479,1.4833333333333334e-09
2480,1.5166666666666666e-09
2481,1.1e-09
2482,1.5666666666666666e-09
2483,1.85e-09
2484,1.6166666666666667e-09
2485,7.833333333333333e-10
2486,1.7333333333333333e-09
2487,1.4e-09
2488,5.5e-10
2489,1.5833333333333334e-09
2490,1.5166666666666666e-09
2491,1.3666666666666667e-09
2492,1.3833333333333333e-09
2493,4.999999999999999e-10
2494,1.7e-09
2495,1.0833333333333333e-09
2496,1.1833333333333334e-09
2497,1.2166666666666668e-09
2498,3.333333333333333e-10
2499,1.3499999999999999e-09
2500,5.333333333333334e-10
2501,6e-10
2502,1.1166666666666667e-09
2503,1.0333333333333333e-09
2504,9.666666666666666e-10
2505,6.666666666666666e-10
2506,4.166666666666666e-10
2507,1.1166666666666667e-09
2508,7.5e-10
2509,1.0499999999999999e-09
2510,1.1833333333333334e-09
2511,1.1833333333333334e-09
2512,6.166666666666667e-10
2513,5.666666666666667e-10
2514,9e-10
2515,1.0666666666666667e-09
2516,1.0499999999999999e-09
2517,1.0333333333333333e-09
2518,1.0166666666666667e-09
2519,1.5333333333333334e-09
2520,7.833333333333333e-10
2521,1.2e-09
2522,1.1666666666666668e-09
2523,4.999999999999999e-10
2524,9.999999999999999e-10
2525,1.8833333333333332e-09
2526,1.0833333333333333e-09
2527,1.0166666666666667e-09
2528,1.6e-09
2529,1.3333333333333333e-09
2530,1.5e-09
2531,1.0499999999999999e-09
2532,1.0333333333333333e-09
2533,1.5333333333333334e-09
2534,1.6833333333333333e-09
2535,1.2666666666666668e-09
2536,1.3499999999999999e-09
2537,2.3e-09
2538,1.8333333333333334e-09
2539,1.0166666666666667e-09
2540,1.55e-09
2541,1.7666666666666666e-09
2542,1.5833333333333334e-09
2543,1.15e-09
2544,1.9333333333333333e-09
2545,2.8666666666666667e-09
2546,1.9999999999999997e-09
2547,1.8166666666666666e-09
2548,1.2333333333333334e-09
2549,9.166666666666667e-10
2550,1.1833333333333334e-09
2551,1.3499999999999999e-09
2552,1.3833333333333333e-09
2553,7.5e-10
2554,1.0166666666666667e-09
2555,1.4e-09
2556,8.666666666666667e-10
2557,1.3666666666666667e-09
2558,1.45e-09
2559,1.15e-09
2560,7e-10
2561,1.3833333333333333e-09
2562,1.2833333333333335e-09
2563,1.1666666666666668e-09
2564,1.3333333333333333e-09
2565,8.333333333333332e-10
2566,7.333333333333333e-10
2567,1.1333333333333333e-09
2568,1.5e-09
2569,9.333333333333332e-10
2570,1.3166666666666667e-09
2571,1.4166666666666665e-09
2572,1.1166666666666667e-09
2573,1.5833333333333334e-09
2574,1.2666666666666668e-09
2575,2.016666666666667e-09
2576,1.4833333333333334e-09
2577,1.6333333333333335e-09
2578,8.833333333333333e-10
2579,1.9333333333333333e-09
2580,1.65e-09
2581,9.5e-10
2582,1.1e-09
2583,1.2333333333333334e-09
2584,1.2166666666666668e-09
2585,6.166666666666667e-10
2586,7.166666666666667e-10
2587,1.4166666666666665e-09
2588,1.3166666666666667e-09
2589,1.4166666666666665e-09
2590,7.666666666666667e-10
2591,1.0666666666666667e-09
2592,1.3333333333333333e-09
2593,1.1166666666666667e-09
2594,1.1333333333333333e-09
2595,1.0166666666666667e-09
2596,1.1e-09
2597,1.1e-09
2598,1.3833333333333333e-09
2599,1.1e-09
2600,9.5e-10
2601,9.666666666666666e-10
2602,9e-10
2603,6.833333333333334e-10
2604,6.833333333333334e-10
2605,7.5e-10
2606,8.833333333333333e-10
2607,9.166666666666667e-10
2608,8.333333333333332e-10
2609,5.5e-10
2610,5.5e-10
2611,7.333333333333333e-10
2612,6.666666666666666e-10
2613,1.1166666666666667e-09
2614,6.333333333333334e-10
2615,6.333333333333334e-10
2616,9.5e-10
2617,4.833333333333333e-10
2618,9.833333333333332e-10
2619,9.666666666666666e-10
2620,5.666666666666667e-10
2621,6.499999999999999e-10
2622,1.1833333333333334e-09
2623,8.333333333333332e-10
2624,8.5e-10
2625,7e-10
2626,1.1833333333333334e-09
2627,7.666666666666667e-10
2628,1.15e-09
2629,1.8333333333333334e-09
2630,8e-10
2631,1.9833333333333333e-09
2632,1.9333333333333333e-09
2633,2.0666666666666666e-09
2634,4.166666666666666e-10
2635,7.166666666666667e-10
2636,7.5e-10
2637,5.833333333333334e-10
2638,6e-10
2639,1.85e-09
2640,6.499999999999999e-10
2641,7.5e-10
2642,8.666666666666667e-10
2643,1.8e-09
2644,1.9333333333333333e-09
2645,1.0166666666666667e-09
2646,5.833333333333334e-10
2647,3.333333333333333e-10
2648,4.3333333333333334e-10
2649,6.333333333333334e-10
2650,4.5e-10
2651,9e-10
2652,6.166666666666667e-10
2653,2.0333333333333333e-09
2654,1.1e-09
2655,9e-10
2656,1.7833333333333334e-09
2657,1.0333333333333333e-09
2658,9.999999999999999e-10
2659,1.4e-09
2660,7e-10
2661,1.75e-09
2662,9.666666666666666e-10
2663,2.016666666666667e-09
2664,7.5e-10
2665,1.3833333333333333e-09
2666,2.4833333333333332e-09
2667,1.2333333333333334e-09
2668,9.999999999999999e-10
2669,2.2666666666666667e-09
2670,1.4666666666666666e-09
2671,7.333333333333333e-10
2672,1.0333333333333333e-09
2673,3.6666666666666664e-10
2674,1.0333333333333333e-09
2675,9.166666666666667e-10
2676,2.3e-09
2677,1.65e-09
2678,1.1333333333333333e-09
2679,2.25e-09
2680,1.3499999999999999e-09
2681,5.5e-10
2682,1.5166666666666666e-09
2683,1.9666666666666665e-09
2684,6.666666666666666e-10
2685,1.85e-09
2686,2.0333333333333333e-09
2687,2.4e-09
2688,1.9166666666666665e-09
2689,4e-10
2690,1.8e-09
2691,9.333333333333332e-10
2692,1.4333333333333333e-09
2693,1.0666666666666667e-09
2694,1.1833333333333334e-09
2695,1.8333333333333334e-09
2696,1.7833333333333334e-09
2697,1.1333333333333333e-09
2698,1.6166666666666667e-09
2699,1.6166666666666667e-09
2700,1.0666666666666667e-09
2701,1.7166666666666665e-09
2702,1.0333333333333333e-09
2703,7.333333333333333e-10
2704,1.2166666666666668e-09
2705,1.2666666666666668e-09
2706,6.833333333333334e-10
2707,1.5666666666666666e-09
2708,7.666666666666667e-10
2709,9e-10
2710,1.45e-09
2711,1.0833333333333333e-09
2712,1.15e-09
2713,7.666666666666667e-10
2714,1.65e-09
2715,1.0333333333333333e-09
2716,1.5333333333333334e-09
2717,5.166666666666666e-10
2718,5.333333333333334e-10
2719,5.666666666666667e-10
2720,6e-10
2721,8.833333333333333e-10
2722,1.5333333333333334e-09
2723,1.1833333333333334e-09
2724,1.6833333333333333e-09
2725,1.2666666666666668e-09
2726,4.166666666666666e-10
2727,1.4e-09
2728,3.8333333333333335e-10
2729,2.0333333333333333e-09
2730,4.833333333333333e-10
2731,2.016666666666667e-09
2732,7.833333333333333e-10
2733,1.0666666666666667e-09
2734,1.8666666666666664e-09
2735,1.85e-09
2736,1.9e-09
2737,1.95e-09
2738,8.333333333333332e-10
2739,7.666666666666667e-10
2740,6.333333333333334e-10
2741,8.666666666666667e-10
2742,8.666666666666667e-10
2743,1.6666666666666665e-09
2744,1.6e-09
2745,9.166666666666667e-10
2746,1.15e-09
2747,1.2e-09
2748,1.7166666666666665e-09
2749,3.1166666666666665e-09
2750,1.4166666666666665e-09
2751,7.333333333333333e-10
2752,1.3833333333333333e-09
2753,2.0333333333333333e-09
2754,9.333333333333332e-10
2755,1.7666666666666666e-09
2756,1.5666666666666666e-09
2757,7.166666666666667e-10
2758,1.7833333333333334e-09
2759,1.8666666666666664e-09
2760,1.5666666666666666e-09
2761,1.4333333333333333e-09
2762,2.0999999999999998e-09
2763,1.0833333333333333e-09
2764,1.5666666666666666e-09
2765,1.1666666666666668e-09
2766,2.4166666666666664e-09
2767,1.0666666666666667e-09
2768,1.0666666666666667e-09
2769,1.1166666666666667e-09
2770,2.0666666666666666e-09
2771,1.0333333333333333e-09
2772,1.0833333333333333e-09
2773,1.2333333333333334e-09
2774,8.833333333333333e-10
2775,1.2166666666666668e-09
2776,7.5e-10
2777,1.9833333333333333e-09
2778,7e-10
2779,1.6666666666666665e-09
2780,2.0333333333333333e-09
2781,9.166666666666667e-10
2782,1.65e-09
2783,8e-10
2784,9.666666666666666e-10
2785,2.25e-09
2786,2.466666666666667e-09
2787,3.8333333333333335e-10
2788,1.2333333333333334e-09
2789,1.2166666666666668e-09
2790,1.7833333333333334e-09
2791,1.9666666666666665e-09
2792,2.216666666666667e-09
2793,1.2166666666666668e-09
2794,1.7666666666666666e-09
2795,7.333333333333333e-10
2796,1.95e-09
2797,7.5e-10
2798,1.2999999999999999e-09
2799,8e-10
2800,7.833333333333333e-10
2801,2.1666666666666666e-09
2802,2.35e-09
2803,2.35e-09
2804,1.2333333333333334e-09
2805,2.933333333333333e-09
2806,1.0333333333333333e-09
2807,2.4166666666666664e-09
2808,1.1833333333333334e-09
2809,2.9666666666666668e-09
2810,4.616666666666667e-09
2811,2.6333333333333333e-09
2812,4.533333333333333e-09
2813,3.3666666666666666e-09
2814,9.166666666666667e-10
2815,1.3333333333333333e-09
2816,2.35e-09
2817,8.5e-10
2818,2.6833333333333334e-09
2819,9.5e-10
2820,6.333333333333334e-10
2821,2.7500000000000002e-09
2822,2.3666666666666668e-09
2823,2.6833333333333334e-09
2824,3.2e-09
2825,3.2166666666666665e-09
2826,3.4666666666666667e-09
2827,4.3333333333333334e-10
2828,9.833333333333332e-10
2829,8e-10
2830,1.6e-09
2831,3.05e-09
2832,3.0166666666666664e-09
2833,4.999999999999999e-10
2834,2.983333333333333e-09
2835,9.833333333333332e-10
2836,1.2666666666666668e-09
2837,4.216666666666666e-09
2838,2.933333333333333e-09
2839,2.9666666666666668e-09
2840,1.1e-09
2841,2.9e-09
2842,1.0833333333333333e-09
2843,4.666666666666666e-10
2844,2.566666666666667e-09
2845,2.45e-09
2846,2.5999999999999997e-09
2847,2.3e-09
2848,2.2666666666666667e-09
2849,2.666666666666667e-10
2850,3.8333333333333335e-10
2851,2.283333333333333e-09
2852,2.8833333333333335e-09
2853,6.833333333333334e-10
2854,2.6166666666666665e-09
2855,2.666666666666667e-10
2856,6.833333333333334e-10
2857,3.0166666666666664e-09
2858,7.666666666666667e-10
2859,2.283333333333333e-09
2860,2.7166666666666666e-09
2861,1.1166666666666667e-09
2862,3.033333333333333e-09
2863,4.833333333333333e-10
2864,2.383333333333333e-09
2865,1.0166666666666667e-09
2866,1.0666666666666667e-09
2867,9.5e-10
2868,7.166666666666667e-10
2869,6.833333333333334e-10
2870,1.9333333333333333e-09
2871,1.75e-09
2872,5.333333333333334e-10
2873,1.8833333333333332e-09
2874,1.9833333333333333e-09
2875,3.5e-10
2876,8.5e-10
2877,1.9999999999999997e-09
2878,5.666666666666667e-10
2879,1.8333333333333334e-09
2880,2.0833333333333334e-09
2881,4.166666666666666e-10
2882,1.3833333333333333e-09
2883,1.7166666666666665e-09
2884,7.5e-10
2885,6.666666666666666e-10
2886,2.2333333333333335e-09
2887,1.7666666666666666e-09
2888,2.0999999999999998e-09
2889,8.166666666666667e-10
2890,9.5e-10
2891,1.8166666666666666e-09
2892,9.166666666666667e-10
2893,7.833333333333333e-10
2894,1.9333333333333333e-09
2895,1.9333333333333333e-09
2896,1.2e-09
2897,2.3333333333333335e-09
2898,2.1333333333333334e-09
2899,2.6833333333333334e-09
2900,1.4e-09
2901,2.1666666666666666e-09
2902,2.6333333333333333e-09
2903,1.3333333333333333e-09
2904,2.5e-09
2905,2.116666666666667e-09
2906,5.666666666666666e-09
2907,3e-09
2908,1.1e-09
2909,1.0833333333333333e-09
2910,2.2333333333333335e-09
2911,1.0666666666666667e-09
2912,1.2833333333333335e-09
2913,1.6333333333333335e-09
2914,1.3499999999999999e-09
2915,1.2166666666666668e-09
2916,1.3333333333333333e-09
2917,2.65e-09
2918,1.2833333333333335e-09
2919,1.7166666666666665e-09
2920,8.666666666666667e-10
2921,1.2e-09
2922,1.4333333333333333e-09
2923,1.9333333333333333e-09
2924,4.05e-09
2925,9.333333333333332e-10
2926,2.466666666666667e-09
2927,1.7333333333333333e-09
2928,1.7833333333333334e-09
2929,1.65e-09
2930,3.266666666666667e-09
2931,2.4333333333333336e-09
2932,1.8166666666666666e-09
2933,3.1e-09
2934,3.066666666666667e-09
2935,2.7333333333333334e-09
2936,1.5666666666666666e-09
2937,2.9666666666666668e-09
2938,1.3666666666666667e-09
2939,3.3166666666666666e-09
2940,2.7666666666666666e-09
2941,2.8666666666666667e-09
2942,3.1833333333333333e-09
2943,3.3833333333333334e-09
2944,2.8666666666666667e-09
2945,3.3e-09
2946,8.166666666666667e-10
2947,3.15e-09
2948,8.333333333333332e-10
2949,8.5e-10
2950,8.666666666666667e-10
2951,3.0833333333333332e-09
2952,3.25e-09
2953,2.933333333333333e-09
2954,6.166666666666667e-10
2955,7.5e-10
2956,4.833333333333333e-10
2957,2.9e-09
2958,3.1833333333333333e-09
2959,7.166666666666667e-10
2960,8.166666666666667e-10
2961,7.166666666666667e-10
2962,1.2833333333333335e-09
2963,3.1e-09
2964,1.0333333333333333e-09
2965,2.9500000000000004e-09
2966,2.5e-09
2967,1.5333333333333334e-09
2968,9.666666666666666e-10
2969,8.833333333333333e-10
2970,2.566666666666667e-09
2971,1.2e-09
2972,9.666666666666666e-10
2973,1.15e-09
2974,2.3e-09
2975,1.0666666666666667e-09
2976,7.333333333333333e-10
2977,8.333333333333332e-10
2978,2.1833333333333334e-09
2979,1.1666666666666668e-09
2980,3.2833333333333334e-09
2981,9.333333333333332e-10
2982,2.116666666666667e-09
2983,2.4333333333333336e-09
2984,5.666666666666667e-10
2985,2.6666666666666666e-09
2986,2.6666666666666666e-09
2987,2.25e-09
2988,2.2e-09
2989,1.15e-09
2990,7.333333333333333e-10
2991,2.283333333333333e-09
2992,4.999999999999999e-10
2993,1.65e-09
2994,1.6e-09
2995,7e-10
2996,6.833333333333334e-10
2997,3.6666666666666664e-10
2998,1.8e-09
2999,6.499999999999999e-10
3000,5.833333333333334e-10
3001,1.65e-09
3002,1.9833333333333333e-09
3003,3.5e-10
3004,3.333333333333333e-10
3005,6e-10
3006,4.5e-10
3007,9.5e-10
3008,2.4999999999999996e-10
3009,8.833333333333333e-10
3010,6.666666666666666e-10
3011,1.5e-09
3012,8.5e-10
3013,5.5e-10
3014,1.0666666666666667e-09
3015,6.166666666666667e-10
3016,6.499999999999999e-10
3017,9.999999999999999e-10
3018,6.833333333333334e-10
3019,1.15e-09
3020,1.15e-09
3021,2.7833333333333334e-09
3022,1.4e-09
3023,7.833333333333333e-10
3024,7.166666666666667e-10
3025,1.4666666666666666e-09
3026,6e-10
3027,1.4166666666666665e-09
3028,4.3333333333333334e-10
3029,6.833333333333334e-10
3030,1.4833333333333334e-09
3031,1.8666666666666664e-09
3032,1.1666666666666668e-09
3033,8.666666666666667e-10
3034,1.45e-09
3035,9.166666666666667e-10
3036,1.1166666666666667e-09
3037,1.5666666666666666e-09
3038,1.9833333333333333e-09
3039,2.7500000000000002e-09
3040,2.116666666666667e-09
3041,2.8500000000000003e-09
3042,4.833333333333333e-10
3043,1.2833333333333335e-09
3044,1.2833333333333335e-09
3045,1.3833333333333333e-09
3046,6.833333333333334e-10
3047,1.5333333333333334e-09
3048,1.6833333333333333e-09
3049,9.833333333333332e-10
3050,1.8666666666666664e-09
3051,1.3166666666666667e-09
3052,1.2999999999999999e-09
3053,1.6333333333333335e-09
3054,7.333333333333333e-10
3055,1.2333333333333334e-09
3056,1.0166666666666667e-09
3057,1.5166666666666666e-09
3058,2.1500000000000002e-09
3059,2.4e-09
3060,1.2166666666666668e-09
3061,1.4666666666666666e-09
3062,1.5166666666666666e-09
3063,1.6666666666666665e-09
3064,1.8166666666666666e-09
3065,1.7833333333333334e-09
3066,1.4166666666666665e-09
3067,9.166666666666667e-10
3068,1.7833333333333334e-09
3069,1.6333333333333335e-09
3070,1.9833333333333333e-09
3071,2.4333333333333336e-09
3072,5.833333333333334e-10
3073,9.166666666666667e-10
3074,1.6e-09
3075,2.2e-09
3076,1.9166666666666665e-09
3077,2.016666666666667e-09
3078,2.2333333333333335e-09
3079,9.833333333333332e-10
3080,1.5666666666666666e-09
3081,5.666666666666667e-10
3082,9.166666666666667e-10
3083,4.999999999999999e-10
3084,1.2e-09
3085,1.7166666666666665e-09
3086,6.666666666666666e-10
3087,1.55e-09
3088,9.166666666666667e-10
3089,1.8e-09
3090,1.2666666666666668e-09
3091,1.2166666666666668e-09
3092,1.4333333333333333e-09
3093,1.7333333333333333e-09
3094,1.2666666666666668e-09
3095,4.666666666666666e-10
3096,1.7833333333333334e-09
3097,1.4e-09
3098,1.8333333333333334e-09
3099,1.4e-09
3100,8e-10
3101,1.7833333333333334e-09
3102,1.4166666666666665e-09
3103,1.4e-09
3104,1.2166666666666668e-09
3105,1.9833333333333333e-09
3106,9.333333333333332e-10
3107,1.3666666666666667e-09
3108,9.833333333333332e-10
3109,9.5e-10
3110,1.3666666666666667e-09
3111,9.666666666666666e-10
3112,1.6833333333333333e-09
3113,1.25e-09
3114,1.5833333333333334e-09
3115,1.95e-09
3116,1.2999999999999999e-09
3117,1.1333333333333333e-09
3118,1.4333333333333333e-09
3119,9.666666666666666e-10
3120,1.1333333333333333e-09
3121,1.5166666666666666e-09
3122,2.4333333333333336e-09
3123,9.999999999999999e-10
3124,2.2333333333333335e-09
3125,1.7833333333333334e-09
3126,7.833333333333333e-10
3127,1.15e-09
3128,1.0833333333333333e-09
3129,1.5e-09
3130,8.833333333333333e-10
3131,8.666666666666667e-10
3132,9.166666666666667e-10
3133,1.3166666666666667e-09
3134,2.0833333333333334e-09
3135,1.4333333333333333e-09
3136,6.833333333333334e-10
3137,7.5e-10
3138,1.6666666666666665e-09
3139,8.333333333333332e-10
3140,6.333333333333334e-10
3141,7.5e-10
3142,9.666666666666666e-10
3143,9.666666666666666e-10
3144,5.333333333333334e-10
3145,9.166666666666667e-10
3146,8e-10
3147,9e-10
3148,8.666666666666667e-10
3149,8.333333333333332e-10
3150,4.999999999999999e-10
3151,1.45e-09
3152,8.333333333333332e-10
3153,7.5e-10
3154,8.833333333333333e-10
3155,5.166666666666666e-10
3156,1.2166666666666668e-09
3157,7.5e-10
3158,1.55e-09
3159,7.666666666666667e-10
3160,1.85e-09
3161,4.3333333333333334e-10
3162,1.7166666666666665e-09
3163,4.5e-10
3164,3.333333333333333e-10
3165,6.166666666666667e-10
3166,7.833333333333333e-10
3167,1.5833333333333334e-09
3168,2.3666666666666668e-09
3169,1.4e-09
3170,5.833333333333334e-10
3171,7.5e-10
3172,1.6e-09
3173,1.4166666666666665e-09
3174,1.45e-09
3175,1.4e-09
3176,1.3333333333333333e-09
3177,1.5e-09
3178,2.666666666666667e-10
3179,1.2333333333333334e-09
3180,1.25e-09
3181,4e-10
3182,9e-10
3183,8e-10
3184,1.9333333333333333e-09
3185,3.166666666666667e-10
3186,1.1166666666666667e-09
3187,9.666666666666666e-10
3188,9e-10
3189,5.5e-10
3190,7e-10
3191,1.2666666666666668e-09
3192,1.0333333333333333e-09
3193,6.166666666666667e-10
3194,8.166666666666667e-10
3195,8.666666666666667e-10
3196,7.833333333333333e-10
3197,1.4166666666666665e-09
3198,7e-10
3199,9.999999999999999e-10
3200,7.333333333333333e-10
3201,7.333333333333333e-10
3202,7.333333333333333e-10
3203,9.666666666666666e-10
3204,4.166666666666666e-10
3205,1.7e-09
3206,1.25e-09
3207,1.2666666666666668e-09
3208,1.5333333333333334e-09
3209,1.3666666666666667e-09
3210,1.3833333333333333e-09
3211,1.0499999999999999e-09
3212,6.166666666666667e-10
3213,1.0666666666666667e-09
3214,3.8333333333333335e-10
3215,1.4e-09
3216,2.05e-09
3217,1.8833333333333332e-09
3218,1.0666666666666667e-09
3219,1.1833333333333334e-09
3220,1.7333333333333333e-09
3221,7.5e-10
3222,3.8333333333333335e-10
3223,1.1e-09
3224,6.833333333333334e-10
3225,1.3666666666666667e-09
3226,1.3666666666666667e-09
3227,6.333333333333334e-10
3228,1.1166666666666667e-09
3229,6.833333333333334e-10
3230,1.5166666666666666e-09
3231,1.3666666666666667e-09
3232,7.166666666666667e-10
3233,1.3333333333333333e-09
3234,1.2166666666666668e-09
3235,1.2666666666666668e-09
3236,1.3333333333333333e-09
3237,1.75e-09
3238,1.3333333333333333e-09
3239,6.499999999999999e-10
3240,1.0166666666666667e-09
3241,8.833333333333333e-10
3242,1.15e-09
3243,7.333333333333333e-10
3244,9e-10
3245,1.0666666666666667e-09
3246,1.2166666666666668e-09
3247,1.5166666666666666e-09
3248,1.2666666666666668e-09
3249,6.166666666666667e-10
3250,1.3833333333333333e-09
3251,1.3333333333333333e-09
3252,1.0833333333333333e-09
3253,1.4833333333333334e-09
3254,1.3666666666666667e-09
3255,1.5833333333333334e-09
3256,9.333333333333332e-10
3257,1.4e-09
3258,7.166666666666667e-10
3259,1.15e-09
3260,6.333333333333334e-10
3261,1.2833333333333335e-09
3262,6e-10
3263,1.6333333333333335e-09
3264,1.55e-09
3265,1.4166666666666665e-09
3266,1.7666666666666666e-09
3267,1.0833333333333333e-09
3268,1.7666666666666666e-09
3269,1.4333333333333333e-09
3270,7.5e-10
3271,1.4666666666666666e-09
3272,1.1e-09
3273,6e-10
3274,7.833333333333333e-10
3275,1.3499999999999999e-09
3276,1.2999999999999999e-09
3277,1.7333333333333333e-09
3278,1.85e-09
3279,1.5e-09
3280,6.666666666666666e-10
3281,1.6166666666666667e-09
3282,1.1666666666666668e-09
3283,1.7333333333333333e-09
3284,1.45e-09
3285,1.2999999999999999e-09
3286,6.666666666666666e-10
3287,1.2333333333333334e-09
3288,1.4e-09
3289,1.1666666666666668e-09
3290,1.8333333333333334e-09
3291,1.4666666666666666e-09
3292,1.5666666666666666e-09
3293,2.4833333333333332e-09
3294,7.5e-10
3295,9e-10
3296,8e-10
3297,6.499999999999999e-10
3298,9.999999999999999e-10
3299,1.0833333333333333e-09
3300,1.25e-09
3301,8e-10
3302,4.833333333333333e-10
3303,1.3499999999999999e-09
3304,1.3499999999999999e-09
3305,1.2166666666666668e-09
3306,6.666666666666666e-10
3307,1.4e-09
3308,1.3666666666666667e-09
3309,1.4e-09
3310,1.4166666666666665e-09
3311,9.833333333333332e-10
3312,1.9e-09
3313,7.166666666666667e-10
3314,1.6e-09
3315,3.5e-10
3316,1.2666666666666668e-09
3317,1.1666666666666668e-09
3318,7.5e-10
3319,1.3833333333333333e-09
3320,1.6166666666666667e-09
3321,1.2e-09
3322,1.7e-09
3323,1.2333333333333334e-09
3324,9e-10
3325,1.0333333333333333e-09
3326,9.333333333333332e-10
3327,1.8833333333333332e-09
3328,8.5e-10
3329,1.2666666666666668e-09
3330,1.2999999999999999e-09
3331,1.1e-09
3332,1.1166666666666667e-09
3333,1.0499999999999999e-09
3334,1.5e-09
3335,1.8e-09
3336,1.0499999999999999e-09
3337,1.25e-09
3338,1.4666666666666666e-09
3339,1.6166666666666667e-09
3340,1.0666666666666667e-09
3341,1.25e-09
3342,1.3833333333333333e-09
3343,1.1e-09
3344,1.55e-09
3345,1.3499999999999999e-09
3346,1.0833333333333333e-09
3347,2.3666666666666668e-09
3348,2.0666666666666666e-09
3349,1.2666666666666668e-09
3350,1.1833333333333334e-09
3351,7.666666666666667e-10
3352,1.1166666666666667e-09
3353,2.3166666666666663e-09
3354,1.6666666666666665e-09
3355,2.4833333333333332e-09
3356,1.55e-09
3357,1.7833333333333334e-09
3358,1.5333333333333334e-09
3359,2.3333333333333335e-09
3360,2.05e-09
3361,1.7166666666666665e-09
3362,7.5e-10
3363,1.2999999999999999e-09
3364,2.35e-09
3365,4.666666666666666e-10
3366,1.75e-09
3367,1.2333333333333334e-09
3368,5.333333333333334e-10
3369,2.1500000000000002e-09
3370,1.8166666666666666e-09
3371,1.5333333333333334e-09
3372,1.1333333333333333e-09
3373,2.1333333333333334e-09
3374,2.7166666666666666e-09
3375,3.8666666666666665e-09
3376,1.0666666666666667e-09
3377,1.5333333333333334e-09
3378,9.333333333333332e-10
3379,1.0499999999999999e-09
3380,2.2666666666666667e-09
3381,2.566666666666667e-09
3382,1.25e-09
3383,8.333333333333332e-10
3384,2.45e-09
3385,2.3e-09
3386,2.3666666666666668e-09
3387,9.5e-10
3388,4.999999999999999e-10
3389,1.0499999999999999e-09
3390,6.166666666666667e-10
3391,4.999999999999999e-10
3392,2.1500000000000002e-09
3393,6.833333333333334e-10
3394,2.4e-09
3395,5.333333333333334e-10
3396,2.5833333333333333e-09
3397,1.9166666666666665e-09
3398,8.666666666666667e-10
3399,1.7333333333333333e-09
3400,7.333333333333333e-10
3401,1.1166666666666667e-09
3402,2.55e-09
3403,2.5333333333333337e-09
3404,1.5e-09
3405,1.1166666666666667e-09
3406,9.833333333333332e-10
3407,8e-10
3408,1.5e-09
3409,1.8e-09
3410,2.35e-09
3411,2.3e-09
3412,1.5666666666666666e-09
3413,3.0166666666666664e-09
3414,1.65e-09
3415,9.333333333333332e-10
3416,2.8166666666666667e-09
3417,3.066666666666667e-09
3418,9.999999999999999e-10
3419,1.0499999999999999e-09
3420,2.2666666666666667e-09
3421,8.333333333333332e-10
3422,1.0333333333333333e-09
3423,7.166666666666667e-10
3424,9.333333333333332e-10
3425,2.7166666666666666e-09
3426,3.533333333333333e-09
3427,1.0499999999999999e-09
3428,2.1833333333333334e-09
3429,1.2833333333333335e-09
3430,1.3333333333333333e-09
3431,1.1333333333333333e-09
3432,1.7666666666666666e-09
3433,1.1166666666666667e-09
3434,1.3666666666666667e-09
3435,1.3666666666666667e-09
3436,2.2666666666666667e-09
3437,1.4e-09
3438,1.2166666666666668e-09
3439,9.666666666666666e-10
3440,1.3333333333333333e-09
3441,1.3499999999999999e-09
3442,2.1333333333333334e-09
3443,1.4833333333333334e-09
3444,9.5e-10
3445,1.4166666666666665e-09
3446,1.6666666666666665e-09
3447,2.116666666666667e-09
3448,1.2999999999999999e-09
3449,7.666666666666667e-10
3450,8.833333333333333e-10
3451,1.8e-09
3452,2.2e-09
3453,8.666666666666667e-10
3454,3.5833333333333336e-09
3455,2.3166666666666663e-09
3456,1.7333333333333333e-09
3457,1.9833333333333333e-09
3458,1.7333333333333333e-09
3459,1.85e-09
3460,1.7e-09
3461,2.5333333333333337e-09
3462,2.2333333333333335e-09
3463,2.283333333333333e-09
3464,2.466666666666667e-09
3465,1.4333333333333333e-09
3466,1.5e-09
3467,1.5333333333333334e-09
3468,1.3333333333333333e-09
3469,1.2166666666666668e-09
3470,1.3333333333333333e-09
3471,2.466666666666667e-09
3472,2.933333333333333e-09
3473,1.6833333333333333e-09
3474,1.9833333333333333e-09
3475,1.2833333333333335e-09
3476,2.6166666666666665e-09
3477,1.0666666666666667e-09
3478,1.6e-09
3479,2.3666666666666668e-09
3480,2.4166666666666664e-09
3481,2.2e-09
3482,1.4166666666666665e-09
3483,1.0833333333333333e-09
3484,1.25e-09
3485,2.65e-09
3486,8.833333333333333e-10
3487,1.1833333333333334e-09
3488,1.6333333333333335e-09
3489,1.5e-09
3490,2.466666666666667e-09
3491,3.033333333333333e-09
3492,1.0166666666666667e-09
3493,1.3499999999999999e-09
3494,5.5e-10
3495,6.333333333333334e-10
3496,2.4833333333333332e-09
3497,2.55e-09
3498,2.1500000000000002e-09
3499,2.283333333333333e-09
3500,1.2666666666666668e-09
3501,2.9166666666666667e-09
3502,1.25e-09
3503,3e-09
3504,3.066666666666667e-09
3505,1.4833333333333334e-09
3506,3.2166666666666665e-09
3507,2.0666666666666666e-09
3508,2.8833333333333335e-09
3509,3.45e-09
3510,1.0499999999999999e-09
3511,2.7833333333333334e-09
3512,9.5e-10
3513,2.5166666666666665e-09
3514,2.2333333333333335e-09
3515,3.066666666666667e-09
3516,1.2999999999999999e-09
3517,2.8500000000000003e-09
3518,3.05e-09
3519,1.15e-09
3520,1.5166666666666666e-09
3521,2.7833333333333334e-09
3522,2.9500000000000004e-09
3523,7.833333333333333e-10
3524,7.833333333333333e-10
3525,2.8666666666666667e-09
3526,1.3166666666666667e-09
3527,2.9166666666666667e-09
3528,1.2666666666666668e-09
3529,2.6833333333333334e-09
3530,1.2166666666666668e-09
3531,7.833333333333333e-10
3532,2.35e-09
3533,1.5333333333333334e-09
3534,1.9833333333333333e-09
3535,1.4833333333333334e-09
3536,1.3333333333333333e-09
3537,2.25e-09
3538,2.4e-09
3539,2.25e-09
3540,2.0666666666666666e-09
3541,2.3166666666666663e-09
3542,2.0333333333333333e-09
3543,2.216666666666667e-09
3544,1.8e-09
3545,1.2e-09
3546,2.9500000000000004e-09
3547,2.1666666666666666e-09
3548,2.0666666666666666e-09
3549,2.35e-09
3550,1.9333333333333333e-09
3551,1.3166666666666667e-09
3552,9.166666666666667e-10
3553,2.3333333333333335e-09
3554,1.7333333333333333e-09
3555,9e-10
3556,1.7333333333333333e-09
3557,1.1166666666666667e-09
3558,1.95e-09
3559,5.5e-10
3560,7.333333333333333e-10
3561,7.166666666666667e-10
3562,1.55e-09
3563,8.166666666666667e-10
3564,1.8666666666666664e-09
3565,1.15e-09
3566,1.6333333333333335e-09
3567,1.5166666666666666e-09
3568,1.4833333333333334e-09
3569,2.0333333333333333e-09
3570,1.4166666666666665e-09
3571,1.5833333333333334e-09
3572,1.5833333333333334e-09
3573,1.9999999999999997e-09
3574,1.2833333333333335e-09
3575,1.1833333333333334e-09
3576,6.333333333333334e-10
3577,1.4666666666666666e-09
3578,1.65e-09
3579,1.7333333333333333e-09
3580,1.45e-09
3581,1.9166666666666665e-09
3582,1.7333333333333333e-09
3583,2.4833333333333332e-09
3584,1.15e-09
3585,2.283333333333333e-09
3586,1.3333333333333333e-09
3587,1.3166666666666667e-09
3588,1.9e-09
3589,1.4666666666666666e-09
3590,1.2999999999999999e-09
3591,1.3499999999999999e-09
3592,1.7666666666666666e-09
3593,1.1e-09
3594,2.4833333333333332e-09
3595,1.45e-09
3596,1.8333333333333334e-09
3597,1.75e-09
3598,1.3666666666666667e-09
3599,1.1666666666666668e-09
3600,1.9833333333333333e-09
3601,1.4166666666666665e-09
3602,1.3666666666666667e-09
3603,1.9666666666666665e-09
3604,1.9166666666666665e-09
3605,1.9999999999999997e-09
3606,1.75e-09
3607,2.0666666666666666e-09
3608,2.0999999999999998e-09
3609,1.2666666666666668e-09
3610,9.666666666666666e-10
3611,2.016666666666667e-09
3612,1.9333333333333333e-09
3613,1.0833333333333333e-09
3614,1.45e-09
3615,1.65e-09
3616,2.4333333333333336e-09
3617,1.1666666666666668e-09
3618,1.6666666666666665e-09
3619,1.0166666666666667e-09
3620,2.0833333333333334e-09
3621,1.85e-09
3622,2.3e-09
3623,1.8166666666666666e-09
3624,2.2e-09
3625,2.3166666666666663e-09
3626,1.7166666666666665e-09
3627,2.4166666666666664e-09
3628,2.1666666666666666e-09
3629,1.5e-09
3630,2.1333333333333334e-09
3631,3.05e-09
3632,1.2999999999999999e-09
3633,2.7666666666666666e-09
3634,1.9666666666666665e-09
3635,1.3166666666666667e-09
3636,1.3333333333333333e-09
3637,1.3666666666666667e-09
3638,2.55e-09
3639,2.7833333333333334e-09
3640,1.2333333333333334e-09
3641,1.1833333333333334e-09
3642,2.3666666666666668e-09
3643,1.1666666666666668e-09
3644,2.65e-09
3645,2.5166666666666665e-09
3646,1.3833333333333333e-09
3647,1.2666666666666668e-09
3648,1.2333333333333334e-09
3649,2.55e-09
3650,1.95e-09
3651,2.4166666666666664e-09
3652,1.2999999999999999e-09
3653,4.933333333333334e-09
3654,2.35e-09
3655,3.6166666666666668e-09
3656,2.216666666666667e-09
3657,1.0499999999999999e-09
3658,2.983333333333333e-09
3659,2.4333333333333336e-09
3660,2.4333333333333336e-09
3661,2.55e-09
3662,3.2333333333333333e-09
3663,9.166666666666667e-10
3664,2.6666666666666666e-09
3665,9.333333333333332e-10
3666,3.15e-09
3667,2.6666666666666666e-09
3668,1.0833333333333333e-09
3669,2.5999999999999997e-09
3670,3.6166666666666668e-09
3671,4.65e-09
3672,1.0499999999999999e-09
3673,1.1333333333333333e-09
3674,1.2166666666666668e-09
3675,3.0833333333333332e-09
3676,3.3166666666666666e-09
3677,3.2333333333333333e-09
3678,1.0499999999999999e-09
3679,3.0166666666666664e-09
3680,3.4e-09
3681,1.2e-09
3682,2.5999999999999997e-09
3683,8.333333333333332e-10
3684,2.65e-09
3685,2.6833333333333334e-09
3686,2.7833333333333334e-09
3687,2.65e-09
3688,2.7500000000000002e-09
3689,8.5e-10
3690,2.9166666666666667e-09
3691,1.1166666666666667e-09
3692,6.166666666666667e-10
3693,3.15e-09
3694,3.15e-09
3695,2.9666666666666668e-09
3696,7.333333333333333e-10
3697,8.166666666666667e-10
3698,8.333333333333332e-10
3699,8.5e-10
3700,7e-10
3701,8e-10
3702,2.8e-09
3703,9e-10
3704,1.0666666666666667e-09
3705,2.016666666666667e-09
3706,2.8166666666666667e-09
3707,2.7333333333333334e-09
3708,2.35e-09
3709,8e-10
3710,2.25e-09
3711,8.666666666666667e-10
3712,2.383333333333333e-09
3713,2.466666666666667e-09
3714,1.0666666666666667e-09
3715,1.1e-09
3716,8.5e-10
3717,2.0833333333333334e-09
3718,9.333333333333332e-10
3719,1.8e-09
3720,9e-10
3721,1.9666666666666665e-09
3722,1.8333333333333334e-09
3723,2.65e-09
3724,8.5e-10
3725,9e-10
3726,2.4333333333333336e-09
3727,2.116666666666667e-09
3728,1.2666666666666668e-09
3729,1.2833333333333335e-09
3730,7.5e-10
3731,8.333333333333332e-10
3732,1.8e-09
3733,2.1833333333333334e-09
3734,2.2e-09
3735,8.5e-10
3736,1.1e-09
3737,1.8333333333333334e-09
3738,2.5333333333333337e-09
3739,7.666666666666667e-10
3740,2.833333333333333e-09
3741,2.1500000000000002e-09
3742,2.6999999999999998e-09
3743,1.8e-09
3744,2.5333333333333337e-09
3745,2.4833333333333332e-09
3746,1.65e-09
3747,2.016666666666667e-09
3748,2.216666666666667e-09
3749,2.1666666666666666e-09
3750,1.8e-09
3751,2.35e-09
3752,2.833333333333333e-09
3753,2.2e-09
3754,1.3833333333333333e-09
3755,2.3166666666666663e-09
3756,1.5333333333333334e-09
3757,1.6833333333333333e-09
3758,2.6333333333333333e-09
3759,1.75e-09
3760,1.85e-09
3761,2.3166666666666663e-09
3762,2.0333333333333333e-09
3763,2.4833333333333332e-09
3764,1.9e-09
3765,1.65e-09
3766,1.6666666666666665e-09
3767,1.7833333333333334e-09
3768,1.8833333333333332e-09
3769,1.8333333333333334e-09
3770,1.9833333333333333e-09
3771,2.116666666666667e-09
3772,1.9e-09
3773,1.75e-09
3774,1.85e-09
3775,1.6666666666666665e-09
3776,1.7666666666666666e-09
3777,1.5e-09
3778,1.7833333333333334e-09
3779,1.8833333333333332e-09
3780,1.0333333333333333e-09
3781,1.7333333333333333e-09
3782,1.6166666666666667e-09
3783,1.85e-09
3784,1.6333333333333335e-09
3785,1.9e-09
3786,1.5333333333333334e-09
3787,2.0666666666666666e-09
3788,1.7833333333333334e-09
3789,2.0666666666666666e-09
3790,2.2e-09
3791,2.2e-09
3792,2.35e-09
3793,2.1833333333333334e-09
3794,2.4333333333333336e-09
3795,1.9333333333333333e-09
3796,2.6166666666666665e-09
3797,3.5e-09
3798,2.3166666666666663e-09
3799,2.7666666666666666e-09
3800,2.6333333333333333e-09
3801,2.116666666666667e-09
3802,1.9333333333333333e-09
3803,1.8833333333333332e-09
3804,2.9500000000000004e-09
3805,7.2333333333333336e-09
3806,2.1833333333333334e-09
3807,2.9666666666666668e-09
3808,4.366666666666667e-09
3809,2.466666666666667e-09
3810,2.3333333333333335e-09
3811,2.016666666666667e-09
3812,3.0166666666666664e-09
3813,2.5166666666666665e-09
3814,3.45e-09
3815,3.1833333333333333e-09
3816,2.5333333333333337e-09
3817,2.5e-09
3818,2.116666666666667e-09
3819,3.3666666666666666e-09
3820,2.3333333333333335e-09
3821,2.5833333333333333e-09
3822,3.166666666666667e-09
3823,2.2333333333333335e-09
3824,5.333333333333333e-09
3825,3.75e-09
3826,3.5666666666666668e-09
3827,1.8166666666666666e-09
3828,3.533333333333333e-09
3829,3.1e-09
3830,2.2333333333333335e-09
3831,3.0833333333333332e-09
3832,3.4e-09
3833,2.4166666666666664e-09
3834,3.833333333333333e-09
3835,3.1833333333333333e-09
3836,3.033333333333333e-09
3837,4.283333333333333e-09
3838,3.2333333333333333e-09
3839,2.35e-09
3840,4.25e-09
3841,3.4166666666666667e-09
3842,4.1e-09
3843,4.7e-09
3844,3.066666666666667e-09
3845,3.25e-09
3846,4.6e-09
3847,3.3e-09
3848,6.383333333333333e-09
3849,3.15e-09
3850,4.233333333333334e-09
3851,2.8166666666666667e-09
3852,3.1333333333333333e-09
3853,4.016666666666667e-09
3854,4.166666666666667e-09
3855,3.0833333333333332e-09
3856,3.15e-09
3857,3.1833333333333333e-09
3858,2.983333333333333e-09
3859,3.1e-09
3860,2.9500000000000004e-09
3861,3.333333333333333e-09
3862,3.2166666666666665e-09
3863,3.15e-09
3864,3.4666666666666667e-09
3865,3.666666666666667e-09
3866,3.95e-09
3867,4.25e-09
3868,3.2e-09
3869,3.75e-09
3870,3.9e-09
3871,4.583333333333334e-09
3872,5.6166666666666665e-09
3873,3.966666666666667e-09
3874,2.6666666666666666e-09
3875,2.6999999999999998e-09
3876,3.5666666666666668e-09
3877,4.5e-09
3878,3.7e-09
3879,3.7166666666666664e-09
3880,2.5999999999999997e-09
3881,3.8666666666666665e-09
3882,3.9999999999999994e-09
3883,3.8666666666666665e-09
3884,2.9e-09
3885,2.6333333333333333e-09
3886,3.166666666666667e-09
3887,4.5166666666666666e-09
3888,3.15e-09
3889,4.716666666666667e-09
3890,3.5833333333333336e-09
3891,3.4833333333333335e-09
3892,4.5e-09
3893,3.6833333333333336e-09
3894,3.333333333333333e-09
3895,3.5666666666666668e-09
3896,4.433333333333334e-09
3897,4.8e-09
3898,3.6833333333333336e-09
3899,3.4666666666666667e-09
3900,4.633333333333333e-09
3901,4.833333333333333e-09
3902,4.55e-09
3903,4.75e-09
3904,4.066666666666667e-09
3905,4.383333333333334e-09
3906,3.05e-09
3907,3.25e-09
3908,3.2e-09
3909,4.216666666666666e-09
3910,3.3666666666666666e-09
3911,4.066666666666667e-09
3912,2.7166666666666666e-09
3913,3.833333333333333e-09
3914,3.85e-09
3915,3.266666666666667e-09
3916,3.3666666666666666e-09
3917,3.55e-09
3918,3.966666666666667e-09
3919,3.65e-09
3920,4.016666666666667e-09
3921,3.2833333333333334e-09
3922,3e-09
3923,4.033333333333334e-09
3924,3.95e-09
3925,3.733333333333333e-09
3926,3.2166666666666665e-09
3927,3.45e-09
3928,5.316666666666666e-09
3929,3.3500000000000002e-09
3930,3.633333333333333e-09
3931,3.1333333333333333e-09
3932,3.65e-09
3933,3.25e-09
3934,3.066666666666667e-09
3935,2.8500000000000003e-09
3936,3.066666666666667e-09
3937,3.033333333333333e-09
3938,2.8e-09
3939,3.55e-09
3940,3.1833333333333333e-09
3941,3.066666666666667e-09
3942,3.65e-09
3943,3.2e-09
3944,2.65e-09
3945,3.1833333333333333e-09
3946,2.9e-09
3947,3.5666666666666668e-09
3948,2.8166666666666667e-09
3949,3.9833333333333334e-09
3950,4.016666666666667e-09
3951,3.2833333333333334e-09
3952,3.2333333333333333e-09
3953,2.9166666666666667e-09
3954,3.4166666666666667e-09
3955,3.4666666666666667e-09
3956,2.6666666666666666e-09
3957,2.9166666666666667e-09
3958,3.533333333333333e-09
3959,3.166666666666667e-09
3960,2.466666666666667e-09
3961,2.9666666666666668e-09
3962,3.2833333333333334e-09
3963,2.7500000000000002e-09
3964,3.1166666666666665e-09
3965,2.4166666666666664e-09
3966,3.1333333333333333e-09
3967,2.933333333333333e-09
3968,2.25e-09
3969,3.066666666666667e-09
3970,2.1666666666666666e-09
3971,2.983333333333333e-09
3972,2.5e-09
3973,2.3166666666666663e-09
3974,2.8500000000000003e-09
3975,3.9833333333333334e-09
3976,2.4333333333333336e-09
3977,2.5333333333333337e-09
3978,3.6833333333333336e-09
3979,3.266666666666667e-09
3980,5.8e-09
3981,3.266666666666667e-09
3982,3.6e-09
3983,2.8166666666666667e-09
3984,2.7333333333333334e-09
3985,3.0166666666666664e-09
3986,2.65e-09
3987,3.166666666666667e-09
3988,3.4833333333333335e-09
3989,2.6166666666666665e-09
3990,2.6333333333333333e-09
3991,4.033333333333334e-09
3992,2.5999999999999997e-09
3993,3.3666666666666666e-09
3994,3.4666666666666667e-09
3995,6.1e-09
3996,2.7333333333333334e-09
3997,3.8666666666666665e-09
3998,2.7833333333333334e-09
3999,3.2333333333333333e-09
4000,3.5833333333333336e-09
4001,3.3500000000000002e-09
4002,2.8500000000000003e-09
4003,2.5999999999999997e-09
4004,3.916666666666667e-09
4005,3.5833333333333336e-09
4006,3.166666666666667e-09
4007,3.5166666666666667e-09
4008,3.5666666666666668e-09
4009,3.533333333333333e-09
4010,3.5666666666666668e-09
4011,3.5166666666666667e-09
4012,3.6e-09
4013,2.1500000000000002e-09
4014,3.7e-09
4015,3.6833333333333336e-09
4016,1.6666666666666665e-09
4017,5.766666666666667e-09
4018,3.733333333333333e-09
4019,2.5333333333333337e-09
4020,3.4166666666666667e-09
4021,3.4166666666666667e-09
4022,1.6666666666666665e-09
4023,3.3166666666666666e-09
4024,1.9833333333333333e-09
4025,1.7833333333333334e-09
4026,1.8833333333333332e-09
4027,2.1666666666666666e-09
4028,3.4833333333333335e-09
4029,2.0666666666666666e-09
4030,2.2333333333333335e-09
4031,3.6e-09
4032,2.1666666666666666e-09
4033,3.15e-09
4034,3.9999999999999994e-09
4035,2.3333333333333335e-09
4036,3.266666666666667e-09
4037,1.6166666666666667e-09
4038,2.216666666666667e-09
4039,2.3666666666666668e-09
4040,2.983333333333333e-09
4041,3.066666666666667e-09
4042,2.8500000000000003e-09
4043,2.8833333333333335e-09
4044,2.0833333333333334e-09
4045,4.133333333333333e-09
4046,2.45e-09
4047,1.9833333333333333e-09
4048,2.8500000000000003e-09
4049,2.4e-09
4050,4.683333333333333e-09
4051,2.283333333333333e-09
4052,2.566666666666667e-09
4053,2.3166666666666663e-09
4054,2.4833333333333332e-09
4055,2.0999999999999998e-09
4056,2.9e-09
4057,5.316666666666666e-09
4058,2.65e-09
4059,2.5833333333333333e-09
4060,2.3166666666666663e-09
4061,2.8166666666666667e-09
4062,2.833333333333333e-09
4063,2.8166666666666667e-09
4064,2.4166666666666664e-09
4065,2.2e-09
4066,2.6333333333333333e-09
4067,2.35e-09
4068,2.4833333333333332e-09
4069,2.8500000000000003e-09
4070,2.7833333333333334e-09
4071,2.5166666666666665e-09
4072,2.5333333333333337e-09
4073,2.65e-09
4074,2.3333333333333335e-09
4075,4.1833333333333336e-09
4076,3.0166666666666664e-09
4077,2.9500000000000004e-09
4078,3.1e-09
4079,3.2e-09
4080,2.833333333333333e-09
4081,2.6333333333333333e-09
4082,3.666666666666667e-09
4083,3.25e-09
4084,3.05e-09
4085,3.2833333333333334e-09
4086,2.983333333333333e-09
4087,2.983333333333333e-09
4088,3.0833333333333332e-09
4089,3.9833333333333334e-09
4090,3.933333333333333e-09
4091,3.65e-09
4092,3.9e-09
4093,3.6e-09
4094,3.55e-09
4095,4.3000000000000005e-09
4096,3.833333333333333e-09
4097,3.6833333333333336e-09
4098,3.833333333333333e-09
4099,3.85e-09
4100,4.066666666666667e-09
4101,3.85e-09
4102,3.5666666666666668e-09
4103,3.8e-09
4104,3.4833333333333335e-09
4105,4.6e-09
4106,4.083333333333333e-09
4107,4.166666666666667e-09
4108,4.466666666666667e-09
4109,3.883333333333333e-09
4110,4.283333333333333e-09
4111,4.133333333333333e-09
4112,4.383333333333334e-09
4113,4.566666666666666e-09
4114,4.05e-09
4115,3.433333333333333e-09
4116,4.616666666666667e-09
4117,4.35e-09
4118,3.833333333333333e-09
4119,4.366666666666667e-09
4120,4.166666666666667e-09
4121,3.3666666666666666e-09
4122,4.633333333333333e-09
4123,3.266666666666667e-09
4124,4.066666666666667e-09
4125,4.4e-09
4126,4.1999999999999996e-09
4127,3.7166666666666664e-09
4128,4.283333333333333e-09
4129,4.1833333333333336e-09
4130,4.283333333333333e-09
4131,3.883333333333333e-09
4132,3.5166666666666667e-09
4133,3.5666666666666668e-09
4134,3.5e-09
4135,3.933333333333333e-09
4136,4.05e-09
4137,3.666666666666667e-09
4138,3.833333333333333e-09
4139,3.95e-09
4140,3.833333333333333e-09
4141,3.5166666666666667e-09
4142,3.883333333333333e-09
4143,4.083333333333333e-09
4144,3.5166666666666667e-09
4145,3.95e-09
4146,4.133333333333333e-09
4147,3.45e-09
4148,4.9666666666666665e-09
4149,3.75e-09
4150,4.216666666666666e-09
4151,4.616666666666667e-09
4152,4.433333333333334e-09
4153,3.333333333333333e-09
4154,3.3e-09
4155,3.783333333333333e-09
4156,5.25e-09
4157,3.9999999999999994e-09
4158,3.1166666666666665e-09
4159,3.7666666666666665e-09
4160,4.133333333333333e-09
4161,3.6166666666666668e-09
4162,4.866666666666667e-09
4163,3.05e-09
4164,3.633333333333333e-09
4165,4.833333333333333e-09
4166,4.883333333333333e-09
4167,3.816666666666667e-09
4168,4.4e-09
4169,3.7e-09
4170,3.85e-09
4171,4.85e-09
4172,4.016666666666667e-09
4173,4.583333333333334e-09
4174,4.616666666666667e-09
4175,3.9833333333333334e-09
4176,4.783333333333334e-09
4177,3.4666666666666667e-09
4178,4.983333333333333e-09
4179,4.616666666666667e-09
4180,3.8e-09
4181,3.266666666666667e-09
4182,3.883333333333333e-09
4183,4.75e-09
4184,4.916666666666666e-09
4185,4.9500000000000005e-09
4186,3.733333333333333e-09
4187,4.666666666666667e-09
4188,3.916666666666667e-09
4189,4.483333333333333e-09
4190,3.883333333333333e-09
4191,4.783333333333334e-09
4192,4.5166666666666666e-09
4193,3.7166666666666664e-09
4194,3.8666666666666665e-09
4195,4.45e-09
4196,3.95e-09
4197,4.1e-09
4198,3.9999999999999994e-09
4199,3.7166666666666664e-09
4200,3.5833333333333336e-09
4201,3.633333333333333e-09
4202,5.45e-09
4203,3.7e-09
4204,3.4e-09
4205,3.7666666666666665e-09
4206,3.883333333333333e-09
4207,4.7e-09
4208,4.266666666666667e-09
4209,3.75e-09
4210,3.733333333333333e-09
4211,3.5666666666666668e-09
4212,3.883333333333333e-09
4213,3.7e-09
4214,3.3666666666666666e-09
4215,3.5666666666666668e-09
4216,3.25e-09
4217,3.65e-09
4218,3.55e-09
4219,3.25e-09
4220,3.333333333333333e-09
4221,3.2833333333333334e-09
4222,3.0833333333333332e-09
4223,2.8166666666666667e-09
4224,3.2e-09
4225,3.1333333333333333e-09
4226,2.6166666666666665e-09
4227,4.4e-09
4228,3.4833333333333335e-09
4229,3.066666666666667e-09
4230,2.65e-09
4231,4.433333333333334e-09
4232,2.9166666666666667e-09
4233,3.1333333333333333e-09
4234,2.9e-09
4235,2.25e-09
4236,2.9666666666666668e-09
4237,2.0666666666666666e-09
4238,2.3e-09
4239,2.05e-09
4240,2.2333333333333335e-09
4241,3.3166666666666666e-09
4242,2.6666666666666666e-09
4243,2.7833333333333334e-09
4244,2.3166666666666663e-09
4245,2.1333333333333334e-09
4246,3.0833333333333332e-09
4247,3.266666666666667e-09
4248,2.5999999999999997e-09
4249,3.1166666666666665e-09
4250,2.8e-09
4251,3.55e-09
4252,3.5666666666666668e-09
4253,3.7e-09
4254,3.4166666666666667e-09
4255,3.2833333333333334e-09
4256,2.3e-09
4257,2.8833333333333335e-09
4258,2.3e-09
4259,3.55e-09
4260,2.45e-09
4261,2.3e-09
4262,2.8666666666666667e-09
4263,4.15e-09
4264,3.0833333333333332e-09
4265,3.1833333333333333e-09
4266,3.1166666666666665e-09
4267,2.7500000000000002e-09
4268,2.8500000000000003e-09
4269,3.1333333333333333e-09
4270,3.633333333333333e-09
4271,5.3833333333333336e-09
4272,3.9e-09
4273,3.5e-09
4274,3.1333333333333333e-09
4275,3.1166666666666665e-09
4276,3.15e-09
4277,2.1500000000000002e-09
4278,4.533333333333333e-09
4279,1.6666666666666665e-09
4280,1.9833333333333333e-09
4281,3.55e-09
4282,3.05e-09
4283,3.166666666666667e-09
4284,2.3166666666666663e-09
4285,3.833333333333333e-09
4286,2.566666666666667e-09
4287,3.3666666666666666e-09
4288,2.9166666666666667e-09
4289,2.3333333333333335e-09
4290,2.5e-09
4291,3.033333333333333e-09
4292,3.6e-09
4293,2.0666666666666666e-09
4294,3e-09
4295,3.05e-09
4296,3.1e-09
4297,2.6333333333333333e-09
4298,3.55e-09
4299,3.4666666666666667e-09
4300,4.133333333333333e-09
4301,3.6166666666666668e-09
4302,3.4e-09
4303,3.0833333333333332e-09
4304,2.283333333333333e-09
4305,2.55e-09
4306,2.383333333333333e-09
4307,2.9666666666666668e-09
4308,3.05e-09
4309,2.8166666666666667e-09
4310,2.383333333333333e-09
4311,2.9666666666666668e-09
4312,2.9e-09
4313,2.4333333333333336e-09
4314,2.6999999999999998e-09
4315,3.033333333333333e-09
4316,3e-09
4317,2.4166666666666664e-09
4318,2.9500000000000004e-09
4319,2.5e-09
4320,2.5e-09
4321,3.05e-09
4322,2.2e-09
4323,2.466666666666667e-09
4324,2.5166666666666665e-09
4325,2.05e-09
4326,2.1333333333333334e-09
4327,2.0666666666666666e-09
4328,2.383333333333333e-09
4329,1.9833333333333333e-09
4330,2.283333333333333e-09
4331,1.8166666666666666e-09
4332,2.1500000000000002e-09
4333,1.8833333333333332e-09
4334,2.0833333333333334e-09
4335,2.4333333333333336e-09
4336,1.95e-09
4337,1.95e-09
4338,1.6e-09
4339,2.283333333333333e-09
4340,1.7166666666666665e-09
4341,1.8666666666666664e-09
4342,1.9166666666666665e-09
4343,2.116666666666667e-09
4344,1.9333333333333333e-09
4345,1.8333333333333334e-09
4346,1.9166666666666665e-09
4347,1.9833333333333333e-09
4348,2.65e-09
4349,1.6833333333333333e-09
4350,1.9999999999999997e-09
4351,2.1833333333333334e-09
4352,2.0999999999999998e-09
4353,1.9e-09
4354,1.7e-09
4355,2.283333333333333e-09
4356,2.016666666666667e-09
4357,1.8166666666666666e-09
4358,1.8333333333333334e-09
4359,1.5666666666666666e-09
4360,2.3e-09
4361,3.333333333333333e-09
4362,3.633333333333333e-09
4363,1.95e-09
4364,2.5e-09
4365,2.216666666666667e-09
4366,2.016666666666667e-09
4367,2.05e-09
4368,2.0333333333333333e-09
4369,2.6999999999999998e-09
4370,2.3333333333333335e-09
4371,2.7333333333333334e-09
4372,2.6833333333333334e-09
4373,2.383333333333333e-09
4374,2.2e-09
4375,2.35e-09
4376,2.1833333333333334e-09
4377,2.566666666666667e-09
4378,3.0166666666666664e-09
4379,2.466666666666667e-09
4380,2.3166666666666663e-09
4381,2.1666666666666666e-09
4382,3.05e-09
4383,2.4833333333333332e-09
4384,2.3e-09
4385,2.45e-09
4386,2.833333333333333e-09
4387,2.4333333333333336e-09
4388,1.9999999999999997e-09
4389,2.466666666666667e-09
4390,2.45e-09
4391,2.5833333333333333e-09
4392,2.1833333333333334e-09
4393,2.3666666666666668e-09
4394,1.85e-09
4395,1.9666666666666665e-09
4396,2.1500000000000002e-09
4397,2.0333333333333333e-09
4398,2.2333333333333335e-09
4399,2.5166666666666665e-09
4400,2.4333333333333336e-09
4401,2.0333333333333333e-09
4402,2.016666666666667e-09
4403,2.4166666666666664e-09
4404,1.9e-09
4405,2.9e-09
4406,2.4e-09
4407,2.1833333333333334e-09
4408,1.9166666666666665e-09
4409,2.0999999999999998e-09
4410,2.0833333333333334e-09
4411,2.7166666666666666e-09
4412,2.0333333333333333e-09
4413,2.2333333333333335e-09
4414,1.7333333333333333e-09
4415,2.3333333333333335e-09
4416,1.7666666666666666e-09
4417,1.95e-09
4418,3.1166666666666665e-09
4419,1.5166666666666666e-09
4420,1.7e-09
4421,2.383333333333333e-09
4422,2.7333333333333334e-09
4423,1.9333333333333333e-09
4424,2.0833333333333334e-09
4425,2.7333333333333334e-09
4426,1.9833333333333333e-09
4427,2.7500000000000002e-09
4428,2.25e-09
4429,2.283333333333333e-09
4430,2.1500000000000002e-09
4431,2.7666666666666666e-09
4432,2.1333333333333334e-09
4433,2.55e-09
4434,1.8e-09
4435,2.65e-09
4436,2.6833333333333334e-09
4437,2.1500000000000002e-09
4438,2.6333333333333333e-09
4439,2.1500000000000002e-09
4440,2.6999999999999998e-09
4441,3.2333333333333333e-09
4442,1.5666666666666666e-09
4443,2.7333333333333334e-09
4444,2.6166666666666665e-09
4445,1.65e-09
4446,3.2333333333333333e-09
4447,1.6e-09
4448,2.8833333333333335e-09
4449,1.4333333333333333e-09
4450,2.7833333333333334e-09
4451,3.1333333333333333e-09
4452,3.5833333333333336e-09
4453,2.7333333333333334e-09
4454,1.6666666666666665e-09
4455,2.05e-09
4456,1.7833333333333334e-09
4457,2.7833333333333334e-09
4458,2.2666666666666667e-09
4459,1.7e-09
4460,2.2e-09
4461,2.4e-09
4462,1.8833333333333332e-09
4463,2.2666666666666667e-09
4464,1.7666666666666666e-09
4465,5.016666666666667e-09
4466,2.35e-09
4467,2.7500000000000002e-09
4468,1.9666666666666665e-09
4469,4.1e-09
4470,1.6e-09
4471,3.033333333333333e-09
4472,2.6999999999999998e-09
4473,2.7333333333333334e-09
4474,1.7666666666666666e-09
4475,2.6333333333333333e-09
4476,2.0999999999999998e-09
4477,1.45e-09
4478,1.6333333333333335e-09
4479,2.0333333333333333e-09
4480,2.25e-09
4481,1.9666666666666665e-09
4482,2.1500000000000002e-09
4483,3.55e-09
4484,1.7833333333333334e-09
4485,2.8833333333333335e-09
4486,2.7166666666666666e-09
4487,2.933333333333333e-09
4488,3e-09
4489,2.3666666666666668e-09
4490,2.466666666666667e-09
4491,2.65e-09
4492,2.9166666666666667e-09
4493,1.3833333333333333e-09
4494,2.45e-09
4495,2.6666666666666666e-09
4496,3.45e-09
4497,2.55e-09
4498,3.15e-09
4499,3.166666666666667e-09
4500,3.5833333333333336e-09
4501,2.933333333333333e-09
4502,1.0833333333333333e-09
4503,3.2166666666666665e-09
4504,1.4166666666666665e-09
4505,2.466666666666667e-09
4506,2.5e-09
4507,1.4333333333333333e-09
4508,2.7833333333333334e-09
4509,1.4333333333333333e-09
4510,1.6666666666666665e-09
4511,1.9999999999999997e-09
4512,1.85e-09
4513,2.6666666666666666e-09
4514,1.75e-09
4515,2.2e-09
4516,1.75e-09
4517,2.8833333333333335e-09
4518,2.6833333333333334e-09
4519,1.9666666666666665e-09
4520,2.45e-09
4521,1.9833333333333333e-09
4522,2.8166666666666667e-09
4523,1.7833333333333334e-09
4524,1.6e-09
4525,2.4e-09
4526,2.65e-09
4527,2.2e-09
4528,2.9500000000000004e-09
4529,2.7166666666666666e-09
4530,2.1333333333333334e-09
4531,2.983333333333333e-09
4532,2.05e-09
4533,2.1333333333333334e-09
4534,2.6833333333333334e-09
4535,2.383333333333333e-09
4536,3.1333333333333333e-09
4537,2.2666666666666667e-09
4538,1.6333333333333335e-09
4539,2.6333333333333333e-09
4540,2.6166666666666665e-09
4541,1.7e-09
4542,1.8166666666666666e-09
4543,1.9999999999999997e-09
4544,1.6333333333333335e-09
4545,1.7166666666666665e-09
4546,2.45e-09
4547,2.3166666666666663e-09
4548,2.6166666666666665e-09
4549,2.283333333333333e-09
4550,1.55e-09
4551,1.8833333333333332e-09
4552,1.9833333333333333e-09
4553,2.0666666666666666e-09
4554,2.0666666666666666e-09
4555,2.2333333333333335e-09
4556,1.9333333333333333e-09
4557,2.0999999999999998e-09
4558,1.9833333333333333e-09
4559,2.3e-09
4560,2.3666666666666668e-09
4561,1.8166666666666666e-09
4562,2.283333333333333e-09
4563,2.9666666666666668e-09
4564,2.0666666666666666e-09
4565,2.0833333333333334e-09
4566,2.1833333333333334e-09
4567,2.05e-09
4568,1.9999999999999997e-09
4569,2.4166666666666664e-09
4570,2.4333333333333336e-09
4571,1.9333333333333333e-09
4572,2.1500000000000002e-09
4573,2.0833333333333334e-09
4574,1.6e-09
4575,1.5666666666666666e-09
4576,1.85e-09
4577,1.5e-09
4578,1.6666666666666665e-09
4579,1.6833333333333333e-09
4580,1.6333333333333335e-09
4581,1.7666666666666666e-09
4582,1.2166666666666668e-09
4583,1.55e-09
4584,1.5333333333333334e-09
4585,1.4333333333333333e-09
4586,1.6166666666666667e-09
4587,1.5166666666666666e-09
4588,1.95e-09
4589,1.9999999999999997e-09
4590,1.7666666666666666e-09
4591,1.75e-09
4592,1.5e-09
4593,2.283333333333333e-09
4594,1.6e-09
4595,1.6333333333333335e-09
4596,1.8166666666666666e-09
4597,1.55e-09
4598,2.016666666666667e-09
4599,1.9999999999999997e-09
4600,1.9166666666666665e-09
4601,1.3166666666666667e-09
4602,1.4666666666666666e-09
4603,1.45e-09
4604,1.9833333333333333e-09
4605,1.5166666666666666e-09
4606,9.666666666666666e-10
4607,1.5166666666666666e-09
4608,1.4e-09
4609,7.666666666666667e-10
4610,2.5e-09
4611,1.1833333333333334e-09
4612,1.95e-09
4613,1.2e-09
4614,1.7666666666666666e-09
4615,2.0833333333333334e-09
4616,1.3166666666666667e-09
4617,1.9666666666666665e-09
4618,2.1833333333333334e-09
4619,1.5333333333333334e-09
4620,2.4e-09
4621,1.6666666666666665e-09
4622,2.1833333333333334e-09
4623,1.9999999999999997e-09
4624,2.5e-09
4625,2.5166666666666665e-09
4626,9e-10
4627,1.1e-09
4628,2.566666666666667e-09
4629,2.5166666666666665e-09
4630,9.333333333333332e-10
4631,7.5e-10
4632,8.5e-10
4633,9.5e-10
4634,1.15e-09
4635,1.85e-09
4636,1.25e-09
4637,2.2666666666666667e-09
4638,9.666666666666666e-10
4639,2.3333333333333335e-09
4640,2.45e-09
4641,7e-10
4642,2.283333333333333e-09
4643,7.5e-10
4644,2.3166666666666663e-09
4645,1.0166666666666667e-09
4646,2.016666666666667e-09
4647,2.2e-09
4648,1.0166666666666667e-09
4649,1.0666666666666667e-09
4650,1.8666666666666664e-09
4651,7.666666666666667e-10
4652,8.333333333333332e-10
4653,1.4833333333333334e-09
4654,9.333333333333332e-10
4655,1.6833333333333333e-09
4656,2.283333333333333e-09
4657,7.166666666666667e-10
4658,1.75e-09
4659,1.2e-09
4660,2.05e-09
4661,1.5333333333333334e-09
4662,2.216666666666667e-09
4663,1.5666666666666666e-09
4664,1.7833333333333334e-09
4665,1.8e-09
4666,1.2833333333333335e-09
4667,1.3499999999999999e-09
4668,1.6e-09
4669,1.8333333333333334e-09
4670,1.65e-09
4671,6.833333333333334e-10
4672,2.116666666666667e-09
4673,1.4e-09
4674,1.7166666666666665e-09
4675,1.7166666666666665e-09
4676,4.999999999999999e-10
4677,1.5833333333333334e-09
4678,1.7833333333333334e-09
4679,1.8e-09
4680,1.6e-09
4681,1.65e-09
4682,1.9833333333333333e-09
4683,1.5e-09
4684,2.4999999999999996e-10
4685,1.2833333333333335e-09
4686,1.6e-09
4687,1.8e-09
4688,4.5e-10
4689,1.4166666666666665e-09
4690,6.333333333333334e-10
4691,5.333333333333334e-10
4692,1.4666666666666666e-09
4693,1.3833333333333333e-09
4694,2.0666666666666666e-09
4695,1.5333333333333334e-09
4696,1.1666666666666668e-09
4697,5.333333333333334e-10
4698,3.333333333333333e-10
4699,1.6166666666666667e-09
4700,4.666666666666666e-10
4701,3.5e-10
4702,9.166666666666667e-10
4703,1.55e-09
4704,4.833333333333333e-10
4705,1.1e-09
4706,1.1333333333333333e-09
4707,1.3833333333333333e-09
4708,1.2833333333333335e-09
4709,9e-10
4710,8.166666666666667e-10
4711,1.5166666666666666e-09
4712,9.5e-10
4713,8.666666666666667e-10
4714,7.5e-10
4715,7.833333333333333e-10
4716,8.833333333333333e-10
4717,7.166666666666667e-10
4718,5.666666666666667e-10
4719,6.333333333333334e-10
4720,7.333333333333333e-10
4721,1.2999999999999999e-09
4722,1.0666666666666667e-09
4723,9.999999999999999e-10
4724,1.65e-09
4725,1.5166666666666666e-09
4726,6.333333333333334e-10
4727,6e-10
4728,7.833333333333333e-10
4729,9.666666666666666e-10
4730,2.1500000000000002e-09
4731,1.5666666666666666e-09
4732,1.0166666666666667e-09
4733,8.5e-10
4734,7.833333333333333e-10
4735,1.5666666666666666e-09
4736,4.166666666666666e-10
4737,3.5e-10
4738,6e-10
4739,1.1333333333333333e-09
4740,7.166666666666667e-10
4741,8.5e-10
4742,6.833333333333334e-10
4743,1.25e-09
4744,1.2e-09
4745,1.2999999999999999e-09
4746,6.166666666666667e-10
4747,1.5666666666666666e-09
4748,9e-10
4749,5.333333333333334e-10
4750,1.4666666666666666e-09
4751,1.1833333333333334e-09
4752,4.5e-10
4753,7.333333333333333e-10
4754,1.2166666666666668e-09
4755,9.166666666666667e-10
4756,1.0833333333333333e-09
4757,6.499999999999999e-10
4758,4.999999999999999e-10
4759,8.5e-10
4760,1.4166666666666665e-09
4761,1.0333333333333333e-09
4762,1.2166666666666668e-09
4763,1.2999999999999999e-09
4764,7.333333333333333e-10
4765,1.1e-09
4766,1.0499999999999999e-09
4767,1.1e-09
4768,9e-10
4769,1.4166666666666665e-09
4770,7.666666666666667e-10
4771,7.166666666666667e-10
4772,5.5e-10
4773,8.666666666666667e-10
4774,8.5e-10
4775,7.166666666666667e-10
4776,6.333333333333334e-10
4777,6.499999999999999e-10
4778,5.666666666666667e-10
4779,8.166666666666667e-10
4780,5.833333333333334e-10
4781,9.666666666666666e-10
4782,6.166666666666667e-10
4783,6.833333333333334e-10
4784,7.833333333333333e-10
4785,8.333333333333332e-10
4786,7.5e-10
4787,8.166666666666667e-10
4788,1.0833333333333333e-09
4789,5.5e-10
4790,5.333333333333334e-10
4791,8e-10
4792,7.5e-10
4793,8.333333333333332e-10
4794,5.666666666666667e-10
4795,9.999999999999999e-10
4796,6.666666666666666e-10
4797,5.666666666666667e-10
4798,1.1e-09
4799,7.833333333333333e-10
4800,6.833333333333334e-10
4801,9e-10
4802,1.0166666666666667e-09
4803,4.833333333333333e-10
4804,1.0166666666666667e-09
4805,4.3333333333333334e-10
4806,4.166666666666666e-10
4807,5.5e-10
4808,1.45e-09
4809,1.2e-09
4810,6.833333333333334e-10
4811,9.666666666666666e-10
4812,4.999999999999999e-10
4813,6.499999999999999e-10
4814,3e-10
4815,5.166666666666666e-10
4816,6.166666666666667e-10
4817,6.666666666666666e-10
4818,2.4999999999999996e-10
4819,7e-10
4820,9.999999999999999e-10
4821,5.166666666666666e-10
4822,4.833333333333333e-10
4823,7.5e-10
4824,1.15e-09
4825,7.333333333333333e-10
4826,6e-10
4827,7.666666666666667e-10
4828,1.55e-09
4829,4.833333333333333e-10
4830,4.666666666666666e-10
4831,4.666666666666666e-10
4832,1.0833333333333333e-09
4833,5.833333333333334e-10
4834,1.0333333333333333e-09
4835,6.666666666666666e-10
4836,9.5e-10
4837,1.0499999999999999e-09
4838,9.999999999999999e-10
4839,5.666666666666667e-10
4840,1.0666666666666667e-09
4841,6.333333333333334e-10
4842,1.0499999999999999e-09
4843,7.666666666666667e-10
4844,8.666666666666667e-10
4845,5.666666666666667e-10
4846,9e-10
4847,1.0333333333333333e-09
4848,1.1833333333333334e-09
4849,1.25e-09
4850,2.7333333333333334e-09
4851,7e-10
4852,8.333333333333332e-10
4853,7.166666666666667e-10
4854,1.2333333333333334e-09
4855,1.1e-09
4856,1.1666666666666668e-09
4857,8.833333333333333e-10
4858,9.166666666666667e-10
4859,9.999999999999999e-10
4860,1.1666666666666668e-09
4861,1.4666666666666666e-09
4862,1.1833333333333334e-09
4863,9.999999999999999e-10
4864,8e-10
4865,1.5833333333333334e-09
4866,1.0333333333333333e-09
4867,1.0166666666666667e-09
4868,1.2e-09
4869,9.666666666666666e-10
4870,2.016666666666667e-09
4871,9.833333333333332e-10
4872,1.7666666666666666e-09
4873,1.1833333333333334e-09
4874,1.8166666666666666e-09
4875,1.4e-09
4876,1.0166666666666667e-09
4877,1.8166666666666666e-09
4878,1.55e-09
4879,6e-10
4880,8.666666666666667e-10
4881,9e-10
4882,1.0499999999999999e-09
4883,8.666666666666667e-10
4884,1.3666666666666667e-09
4885,7.166666666666667e-10
4886,1.7666666666666666e-09
4887,8.333333333333332e-10
4888,7.5e-10
4889,9.5e-10
4890,7.166666666666667e-10
4891,7.5e-10
4892,2.2e-09
4893,2.016666666666667e-09
4894,7e-10
4895,1.5666666666666666e-09
4896,4.999999999999999e-10
4897,8e-10
4898,6.166666666666667e-10
4899,6.333333333333334e-10
4900,7e-10
4901,7.833333333333333e-10
4902,5.666666666666667e-10
4903,8e-10
4904,1.3333333333333333e-09
4905,8.5e-10
4906,7.166666666666667e-10
4907,4.5e-10
4908,7.5e-10
4909,1.3166666666666667e-09
4910,6.833333333333334e-10
4911,1.5e-09
4912,9.166666666666667e-10
4913,1.3333333333333333e-09
4914,1.4666666666666666e-09
4915,1.7166666666666665e-09
4916,9.166666666666667e-10
4917,9.5e-10
4918,1.55e-09
4919,7.166666666666667e-10
4920,1.6833333333333333e-09
4921,8.833333333333333e-10
4922,1.3166666666666667e-09
4923,7.333333333333333e-10
4924,7.833333333333333e-10
4925,9.833333333333332e-10
4926,1.25e-09
4927,9.833333333333332e-10
4928,1.2333333333333334e-09
4929,1.25e-09
4930,9.5e-10
4931,1.0833333333333333e-09
4932,1.2166666666666668e-09
4933,1.4333333333333333e-09
4934,9.666666666666666e-10
4935,1.1333333333333333e-09
4936,1.0333333333333333e-09
4937,9.999999999999999e-10
4938,9e-10
4939,8.666666666666667e-10
4940,9.833333333333332e-10
4941,1.1833333333333334e-09
4942,1.0666666666666667e-09
4943,1.8833333333333332e-09
4944,8.333333333333332e-10
4945,8.166666666666667e-10
4946,1.2666666666666668e-09
4947,1.0166666666666667e-09
4948,1.0166666666666667e-09
4949,6.333333333333334e-10
4950,5.666666666666667e-10
4951,1.4333333333333333e-09
4952,1.5333333333333334e-09
4953,2.1500000000000002e-09
4954,1.6e-09
4955,4.666666666666666e-10
4956,4.3333333333333334e-10
4957,1.3499999999999999e-09
4958,6.833333333333334e-10
4959,1.4666666666666666e-09
4960,1.6333333333333335e-09
4961,1.4666666666666666e-09
4962,1.9e-09
4963,1.1666666666666668e-09
4964,6.499999999999999e-10
4965,2.0833333333333334e-09
4966,1.2999999999999999e-09
4967,1.4e-09
4968,8.666666666666667e-10
4969,2.25e-09
4970,1.4166666666666665e-09
4971,3.5833333333333336e-09
4972,5.333333333333334e-10
4973,9.999999999999999e-10
4974,2.2666666666666667e-09
4975,5.333333333333334e-10
4976,1.2333333333333334e-09
4977,7.166666666666667e-10
4978,2.2666666666666667e-09
4979,4.833333333333333e-10
4980,1.45e-09
4981,1.2999999999999999e-09
4982,3.1333333333333333e-09
4983,1.3499999999999999e-09
4984,1.3666666666666667e-09
4985,3.783333333333333e-09
4986,1.5e-09
4987,9.5e-10
4988,1.7666666666666666e-09
4989,3.4166666666666667e-09
4990,1.55e-09
4991,1.2833333333333335e-09
4992,1.3333333333333333e-09
4993,1.1833333333333334e-09
4994,1.7333333333333333e-09
4995,1.4666666666666666e-09
4996,9.999999999999999e-10
4997,1.4833333333333334e-09
4998,1.75e-09
4999,1.4666666666666666e-09
5000,1.7833333333333334e-09
5001,1.4833333333333334e-09
5002,1.6833333333333333e-09
5003,2.9e-09
5004,1.7333333333333333e-09
5005,2.6333333333333333e-09
5006,1.1166666666666667e-09
5007,2.016666666666667e-09
5008,1.9e-09
5009,1.9e-09
5010,1.8e-09
5011,1.9833333333333333e-09
5012,1.7166666666666665e-09
5013,1.8333333333333334e-09
5014,1.6666666666666665e-09
5015,1.7166666666666665e-09
5016,1.7e-09
5017,1.5833333333333334e-09
5018,2.0333333333333333e-09
5019,2.2333333333333335e-09
5020,2.3333333333333335e-09
5021,2.2e-09
5022,1.5333333333333334e-09
5023,1.95e-09
5024,2.1666666666666666e-09
5025,1.85e-09
5026,3.816666666666667e-09
5027,1.3333333333333333e-09
5028,2.2e-09
5029,1.75e-09
5030,2.45e-09
5031,1.6333333333333335e-09
5032,1.2666666666666668e-09
5033,1.1e-09
5034,1.2166666666666668e-09
5035,3.1166666666666665e-09
5036,1.7e-09
5037,1.2e-09
5038,2.4166666666666664e-09
5039,9.833333333333332e-10
5040,2.5166666666666665e-09
5041,2.35e-09
5042,1.2e-09
5043,1.2166666666666668e-09
5044,1.1833333333333334e-09
5045,6.333333333333334e-10
5046,1.85e-09
5047,2.0333333333333333e-09
5048,1.0166666666666667e-09
5049,8.5e-10
5050,1.0166666666666667e-09
5051,1.0666666666666667e-09
5052,1.4166666666666665e-09
5053,1.4833333333333334e-09
5054,9.999999999999999e-10
5055,1.4833333333333334e-09
5056,1.7833333333333334e-09
5057,1.0499999999999999e-09
5058,9e-10
5059,1.5833333333333334e-09
5060,1.25e-09
5061,1.7166666666666665e-09
5062,1.3166666666666667e-09
5063,1.9833333333333333e-09
5064,1.4833333333333334e-09
5065,1.4833333333333334e-09
5066,1.9833333333333333e-09
5067,1.6e-09
5068,1.7e-09
5069,9.999999999999999e-10
5070,1.6166666666666667e-09
5071,2.3166666666666663e-09
5072,1.7333333333333333e-09
5073,1.6666666666666665e-09
5074,1.2e-09
5075,1.1166666666666667e-09
5076,2.4333333333333336e-09
5077,2.3666666666666668e-09
5078,1.7666666666666666e-09
5079,1.15e-09
5080,1.9e-09
5081,2.9e-09
5082,2.4e-09
5083,3.45e-09
5084,1.2666666666666668e-09
5085,1.0833333333333333e-09
5086,3.15e-09
5087,6.499999999999999e-10
5088,2.3666666666666668e-09
5089,7.333333333333333e-10
5090,7e-10
5091,8e-10
5092,1.0333333333333333e-09
5093,7.666666666666667e-10
5094,1.8166666666666666e-09
5095,9.333333333333332e-10
5096,1.8333333333333334e-09
5097,1.3166666666666667e-09
5098,1.55e-09
5099,6e-10
5100,1.5666666666666666e-09
5101,1.3333333333333333e-09
5102,1.3166666666666667e-09
5103,1.2833333333333335e-09
5104,1.85e-09
5105,2.3166666666666663e-09
5106,1.9e-09
5107,1.7166666666666665e-09
5108,1.3499999999999999e-09
5109,1.6833333333333333e-09
5110,1.75e-09
5111,1.45e-09
5112,1.4833333333333334e-09
5113,1.55e-09
5114,1.5e-09
5115,1.0499999999999999e-09
5116,1.8666666666666664e-09
5117,1.8666666666666664e-09
5118,1.2833333333333335e-09
5119,1.2666666666666668e-09
5120,2.1833333333333334e-09
5121,1.2999999999999999e-09
5122,1.1333333333333333e-09
5123,1.6833333333333333e-09
5124,1.2666666666666668e-09
5125,1.6333333333333335e-09
5126,1.3666666666666667e-09
5127,1.1166666666666667e-09
5128,1.75e-09
5129,1.8666666666666664e-09
5130,1.2166666666666668e-09
5131,1.3833333333333333e-09
5132,1.3499999999999999e-09
5133,1.3833333333333333e-09
5134,1.55e-09
5135,1.9666666666666665e-09
5136,1.2333333333333334e-09
5137,1.2333333333333334e-09
5138,1.25e-09
5139,1.0833333333333333e-09
5140,1.5833333333333334e-09
5141,1.4666666666666666e-09
5142,1.1e-09
5143,1.6666666666666665e-09
5144,1.0166666666666667e-09
5145,1.55e-09
5146,1.2333333333333334e-09
5147,1.3499999999999999e-09
5148,8e-10
5149,1.2333333333333334e-09
5150,8.333333333333332e-10
5151,9.166666666666667e-10
5152,1.3666666666666667e-09
5153,7.333333333333333e-10
5154,1.1833333333333334e-09
5155,1.0666666666666667e-09
5156,1.2999999999999999e-09
5157,1.3666666666666667e-09
5158,1.65e-09
5159,8.333333333333332e-10
5160,7.833333333333333e-10
5161,1.0666666666666667e-09
5162,1.25e-09
5163,3.6666666666666664e-10
5164,1.2833333333333335e-09
5165,2.3333333333333335e-09
5166,1.8166666666666666e-09
5167,1.4833333333333334e-09
5168,1.2e-09
5169,4.5e-10
5170,9.999999999999999e-10
5171,1.3333333333333333e-09
5172,9.5e-10
5173,1.45e-09
5174,8.666666666666667e-10
5175,1.65e-09
5176,1.95e-09
5177,2.25e-09
5178,2.35e-09
5179,6.666666666666666e-10
5180,2.0833333333333334e-09
5181,8.5e-10
5182,1.75e-09
5183,7.833333333333333e-10
5184,6.499999999999999e-10
5185,2.2333333333333335e-09
5186,2.0999999999999998e-09
5187,6.666666666666666e-10
5188,6.166666666666667e-10
5189,6.333333333333334e-10
5190,1.8666666666666664e-09
5191,1.8666666666666664e-09
5192,2.4333333333333336e-09
5193,2.0333333333333333e-09
5194,7e-10
5195,2.116666666666667e-09
5196,4.166666666666666e-10
5197,2.1333333333333334e-09
5198,2.2333333333333335e-09
5199,1.0166666666666667e-09
5200,3.333333333333333e-10
5201,2.116666666666667e-09
5202,7.333333333333333e-10
5203,6.333333333333334e-10
5204,1.95e-09
5205,2.0333333333333333e-09
5206,1.9666666666666665e-09
5207,9.5e-10
5208,3.0833333333333332e-09
5209,1.2666666666666668e-09
5210,2.05e-09
5211,1.8e-09
5212,4.383333333333334e-09
5213,2.6166666666666665e-09
5214,7.5e-10
5215,2.1666666666666666e-09
5216,3.8333333333333335e-10
5217,4.999999999999999e-10
5218,5.166666666666666e-10
5219,8.166666666666667e-10
5220,3.633333333333333e-09
5221,5.833333333333334e-10
5222,2.8e-09
5223,3.15e-09
5224,2.4333333333333336e-09
5225,2.0333333333333333e-09
5226,2.3166666666666663e-09
5227,1.0666666666666667e-09
5228,2.3166666666666663e-09
5229,2.283333333333333e-09
5230,2.8e-09
5231,2.933333333333333e-09
5232,9.833333333333332e-10
5233,1.3166666666666667e-09
5234,1.3166666666666667e-09
5235,5.333333333333334e-10
5236,6.499999999999999e-10
5237,2.7166666666666666e-09
5238,2.9e-09
5239,2.983333333333333e-09
5240,1.4e-09
5241,1.2333333333333334e-09
5242,3.0166666666666664e-09
5243,1.2166666666666668e-09
5244,1.3166666666666667e-09
5245,3.0833333333333332e-09
5246,4.1833333333333336e-09
5247,2.6999999999999998e-09
5248,1.25e-09
5249,9e-10
5250,8e-10
5251,2.4333333333333336e-09
5252,9.166666666666667e-10
5253,1.6333333333333335e-09
5254,2.7333333333333334e-09
5255,8.333333333333332e-10
5256,1.0666666666666667e-09
5257,2.5166666666666665e-09
5258,2.566666666666667e-09
5259,9.5e-10
5260,1.0666666666666667e-09
5261,1.75e-09
5262,1.2666666666666668e-09
5263,1.3333333333333333e-09
5264,2.35e-09
5265,2.7166666666666666e-09
5266,1.5e-09
5267,2.216666666666667e-09
5268,2.65e-09
5269,3.966666666666667e-09
5270,2.5e-09
5271,1.4e-09
5272,1.45e-09
5273,2.4e-09
5274,1.2999999999999999e-09
5275,2.4166666666666664e-09
5276,8.666666666666667e-10
5277,2.1833333333333334e-09
5278,1.0499999999999999e-09
5279,1.2833333333333335e-09
5280,2.6333333333333333e-09
5281,1.9333333333333333e-09
5282,1.3666666666666667e-09
5283,2.2e-09
5284,1.9833333333333333e-09
5285,2.6333333333333333e-09
5286,9.333333333333332e-10
5287,2.5166666666666665e-09
5288,7.5e-10
5289,1.1666666666666668e-09
5290,8.333333333333332e-10
5291,2.383333333333333e-09
5292,3.1333333333333333e-09
5293,1.8833333333333332e-09
5294,2.216666666666667e-09
5295,5.666666666666667e-10
5296,1.2333333333333334e-09
5297,5.333333333333334e-10
5298,4.833333333333333e-10
5299,3.6666666666666664e-10
5300,6.666666666666666e-10
5301,9.5e-10
5302,2.3333333333333335e-09
5303,7.166666666666667e-10
5304,1.6833333333333333e-09
5305,6e-10
5306,1.5e-09
5307,4.999999999999999e-10
5308,7.5e-10
5309,9.833333333333332e-10
5310,9.666666666666666e-10
5311,7.166666666666667e-10
5312,5.333333333333334e-10
5313,9.666666666666666e-10
5314,1.3499999999999999e-09
5315,4.833333333333333e-10
5316,5.833333333333334e-10
5317,1.1666666666666668e-09
5318,8e-10
5319,5.666666666666667e-10
5320,9e-10
5321,8.166666666666667e-10
5322,7.5e-10
5323,1.0333333333333333e-09
5324,6.833333333333334e-10
5325,7.166666666666667e-10
5326,3.333333333333333e-10
5327,7.166666666666667e-10
5328,4.833333333333333e-10
5329,6.833333333333334e-10
5330,7.833333333333333e-10
5331,1.0166666666666667e-09
5332,1.3833333333333333e-09
5333,9.333333333333332e-10
5334,1.15e-09
5335,7.833333333333333e-10
5336,1.3499999999999999e-09
5337,1.2999999999999999e-09
5338,9e-10
5339,1.8333333333333332e-10
5340,2.4999999999999996e-10
5341,3.5e-10
5342,3.5e-10
5343,5.833333333333334e-10
5344,6e-10
5345,4e-10
5346,1.0166666666666667e-09
5347,1.2833333333333335e-09
5348,1.1333333333333333e-09
5349,3.5e-10
5350,7.833333333333333e-10
5351,1.8166666666666666e-09
5352,1.0499999999999999e-09
5353,1.0166666666666667e-09
5354,1.0499999999999999e-09
5355,1.1e-09
5356,8.833333333333333e-10
5357,1.0666666666666667e-09
5358,1.3499999999999999e-09
5359,1.2833333333333335e-09
5360,1.4666666666666666e-09
5361,1.75e-09
5362,1.4833333333333334e-09
5363,1.45e-09
5364,1.1e-09
5365,9.333333333333332e-10
5366,1.2166666666666668e-09
5367,9.166666666666667e-10
5368,9.333333333333332e-10
5369,1.0166666666666667e-09
5370,6.333333333333334e-10
5371,1.5333333333333334e-09
5372,1.5e-09
5373,7.666666666666667e-10
5374,1.75e-09
5375,1.4166666666666665e-09
5376,1.5e-09
5377,1.0833333333333333e-09
5378,1.5833333333333334e-09
5379,1.5666666666666666e-09
5380,1.4166666666666665e-09
5381,1.0833333333333333e-09
5382,1.7333333333333333e-09
5383,1.2833333333333335e-09
5384,9.833333333333332e-10
5385,1.1666666666666668e-09
5386,1.3666666666666667e-09
5387,1.4e-09
5388,1.2166666666666668e-09
5389,1.0833333333333333e-09
5390,1.2833333333333335e-09
5391,1.0666666666666667e-09
5392,1.8833333333333332e-09
5393,1.8666666666666664e-09
5394,1.2166666666666668e-09
5395,1.8e-09
5396,1.2333333333333334e-09
5397,1.1e-09
5398,1.2833333333333335e-09
5399,1.1e-09
5400,1.3166666666666667e-09
5401,2.466666666666667e-09
5402,9.5e-10
5403,1.6e-09
5404,1.4333333333333333e-09
5405,9.333333333333332e-10
5406,1.2e-09
5407,1.2833333333333335e-09
5408,2.35e-09
5409,1.85e-09
5410,1.85e-09
5411,1.5666666666666666e-09
5412,1.8333333333333334e-09
5413,1.7166666666666665e-09
5414,1.3499999999999999e-09
5415,5.333333333333334e-10
5416,1.4833333333333334e-09
5417,1.2999999999999999e-09
5418,1.9e-09
5419,9.999999999999999e-10
5420,1.45e-09
5421,1.1e-09
5422,7.666666666666667e-10
5423,1.4333333333333333e-09
5424,1.0499999999999999e-09
5425,1.8333333333333334e-09
5426,1.6166666666666667e-09
5427,1.6333333333333335e-09
5428,1.2e-09
5429,5.666666666666667e-10
5430,1.4833333333333334e-09
5431,1.6833333333333333e-09
5432,6.666666666666666e-10
5433,2.7666666666666666e-09
5434,1.5e-09
5435,9.666666666666666e-10
5436,1.4666666666666666e-09
5437,1.0166666666666667e-09
5438,1.1333333333333333e-09
5439,4e-10
5440,1.1833333333333334e-09
5441,1.6e-09
5442,1.4666666666666666e-09
5443,7.166666666666667e-10
5444,1.5166666666666666e-09
5445,1.3833333333333333e-09
5446,1.6333333333333335e-09
5447,3.8333333333333335e-10
5448,8.833333333333333e-10
5449,6.833333333333334e-10
5450,1.2333333333333334e-09
5451,1.1833333333333334e-09
5452,1.0833333333333333e-09
5453,1.3666666666666667e-09
5454,7.5e-10
5455,9.666666666666666e-10
5456,1.2333333333333334e-09
5457,1.15e-09
5458,1.7666666666666666e-09
5459,1.6833333333333333e-09
5460,1.9333333333333333e-09
5461,1.6333333333333335e-09
5462,1.1e-09
5463,1.9333333333333333e-09
5464,1.7166666666666665e-09
5465,9e-10
5466,1.2666666666666668e-09
5467,8e-10
5468,1.85e-09
5469,2.3333333333333335e-09
5470,8e-10
5471,8.833333333333333e-10
5472,1.3166666666666667e-09
5473,1.9666666666666665e-09
5474,2.3666666666666668e-09
5475,1.25e-09
5476,1.0499999999999999e-09
5477,1.9666666666666665e-09
5478,7.166666666666667e-10
5479,8.666666666666667e-10
5480,1.4833333333333334e-09
5481,4.833333333333333e-10
5482,4e-10
5483,1.3833333333333333e-09
5484,6e-10
5485,9.333333333333332e-10
5486,9e-10
5487,8.5e-10
5488,1.0833333333333333e-09
5489,9.833333333333332e-10
5490,3.5e-10
5491,1.1166666666666667e-09
5492,6.666666666666666e-10
5493,9.666666666666666e-10
5494,1.1666666666666668e-09
5495,1.2999999999999999e-09
5496,1.0333333333333333e-09
5497,1.0499999999999999e-09
5498,1.15e-09
5499,2.666666666666667e-10
5500,9.999999999999999e-10
5501,9.333333333333332e-10
5502,1.0333333333333333e-09
5503,7.666666666666667e-10
5504,1.0833333333333333e-09
5505,1.3166666666666667e-09
5506,7.5e-10
5507,1.15e-09
5508,1.2666666666666668e-09
5509,1.1833333333333334e-09
5510,8.166666666666667e-10
5511,4.116666666666666e-09
5512,9.999999999999999e-10
5513,1.5333333333333334e-09
5514,1.3333333333333333e-09
5515,1.25e-09
5516,1.3166666666666667e-09
5517,9.166666666666667e-10
5518,1.3833333333333333e-09
5519,1.3333333333333333e-09
5520,9e-10
5521,5.5e-10
5522,9.999999999999999e-10
5523,2.0833333333333334e-09
5524,5.666666666666667e-10
5525,1.3499999999999999e-09
5526,9.666666666666666e-10
5527,3e-10
5528,1.25e-09
5529,5.5e-10
5530,8e-10
5531,9.5e-10
5532,1.2833333333333335e-09
5533,1.5166666666666666e-09
5534,2.8e-09
5535,1.5e-09
5536,1.3166666666666667e-09
5537,8.666666666666667e-10
5538,8e-10
5539,9.166666666666667e-10
5540,1.1e-09
5541,1.3166666666666667e-09
5542,1.3333333333333333e-09
5543,9.166666666666667e-10
5544,7.5e-10
5545,1.9666666666666665e-09
5546,1.9999999999999997e-09
5547,8.5e-10
5548,1.15e-09
5549,9.999999999999999e-10
5550,1.2e-09
5551,1.1833333333333334e-09
5552,2.05e-09
5553,1.8666666666666664e-09
5554,2.116666666666667e-09
5555,1.3499999999999999e-09
5556,2.1500000000000002e-09
5557,2.1333333333333334e-09
5558,2.1666666666666666e-09
5559,2.0999999999999998e-09
5560,1.1166666666666667e-09
5561,1.95e-09
5562,1.95e-09
5563,1.8166666666666666e-09
5564,1.0499999999999999e-09
5565,8.333333333333332e-10
5566,1.0166666666666667e-09
5567,7.166666666666667e-10
5568,1.0833333333333333e-09
5569,1.0333333333333333e-09
5570,1.7e-09
5571,1.2333333333333334e-09
5572,1.95e-09
5573,1.2833333333333335e-09
5574,1.5e-09
5575,1.7666666666666666e-09
5576,1.6e-09
5577,1.6e-09
5578,1.2666666666666668e-09
5579,1.6666666666666665e-09
5580,1.3833333333333333e-09
5581,8.666666666666667e-10
5582,1.3333333333333333e-09
5583,1.6666666666666665e-09
5584,6.666666666666666e-10
5585,1.5166666666666666e-09
5586,1.55e-09
5587,1.6333333333333335e-09
5588,5.333333333333334e-10
5589,1.5333333333333334e-09
5590,1.5666666666666666e-09
5591,1.1833333333333334e-09
5592,5.5e-10
5593,6.166666666666667e-10
5594,1.5666666666666666e-09
5595,1.4833333333333334e-09
5596,9.666666666666666e-10
5597,1.2166666666666668e-09
5598,1.3499999999999999e-09
5599,1.45e-09
5600,8e-10
5601,1.3499999999999999e-09
5602,3e-10
5603,1.2666666666666668e-09
5604,1.1833333333333334e-09
5605,1.15e-09
5606,1.15e-09
5607,6.333333333333334e-10
5608,1.1666666666666668e-09
5609,8.833333333333333e-10
5610,7.666666666666667e-10
5611,8.5e-10
5612,3.333333333333333e-10
5613,3.5e-10
5614,8.5e-10
5615,8.666666666666667e-10
5616,1.1166666666666667e-09
5617,9.166666666666667e-10
5618,5.666666666666667e-10
5619,6e-10
5620,1.0166666666666667e-09
5621,9.999999999999999e-10
5622,4.3333333333333334e-10
5623,5.666666666666667e-10
5624,1.0666666666666667e-09
5625,7.166666666666667e-10
5626,1.1e-09
5627,6.666666666666666e-10
5628,3.6666666666666664e-10
5629,7e-10
5630,9e-10
5631,5.833333333333334e-10
5632,6.333333333333334e-10
5633,7.5e-10
5634,6e-10
5635,7e-10
5636,9.666666666666666e-10
5637,7.166666666666667e-10
5638,1.15e-09
5639,9.999999999999999e-10
5640,1.3833333333333333e-09
5641,1.1666666666666668e-09
5642,6.833333333333334e-10
5643,6.333333333333334e-10
5644,5.166666666666666e-10
5645,1.3666666666666667e-09
5646,1.0666666666666667e-09
5647,1.9666666666666665e-09
5648,2.6999999999999998e-09
5649,3.5e-10
5650,6e-10
5651,3.066666666666667e-09
5652,1.2999999999999999e-09
5653,1.45e-09
5654,5.333333333333334e-10
5655,1.0666666666666667e-09
5656,2.016666666666667e-09
5657,1.25e-09
5658,9.999999999999999e-10
5659,9.166666666666667e-10
5660,1.3166666666666667e-09
5661,9.166666666666667e-10
5662,1.3333333333333333e-09
5663,2.5833333333333333e-09
5664,1.4333333333333333e-09
5665,9.166666666666667e-10
5666,1.8833333333333332e-09
5667,1.25e-09
5668,2.8500000000000003e-09
5669,1.3499999999999999e-09
5670,1.2166666666666668e-09
5671,1.6833333333333333e-09
5672,1.5e-09
5673,1.0333333333333333e-09
5674,4.666666666666666e-10
5675,1.0333333333333333e-09
5676,1.3666666666666667e-09
5677,9.666666666666666e-10
5678,6.333333333333334e-10
5679,1.2999999999999999e-09
5680,1.1666666666666668e-09
5681,1.4166666666666665e-09
5682,1.4333333333333333e-09
5683,1.1166666666666667e-09
5684,1.0499999999999999e-09
5685,1.6166666666666667e-09
5686,8.833333333333333e-10
5687,8.333333333333332e-10
5688,1.7e-09
5689,1.0666666666666667e-09
5690,1.5666666666666666e-09
5691,1.3333333333333333e-09
5692,4.999999999999999e-10
5693,7.833333333333333e-10
5694,8e-10
5695,1.1666666666666668e-09
5696,7.166666666666667e-10
5697,1.3333333333333333e-09
5698,1.9166666666666665e-09
5699,1.3666666666666667e-09
5700,1.4666666666666666e-09
5701,1.0499999999999999e-09
5702,1.2166666666666668e-09
5703,1.0666666666666667e-09
5704,1.6666666666666666e-10
5705,1.2333333333333334e-09
5706,4.833333333333333e-10
5707,4e-10
5708,5.5e-10
5709,1.1e-09
5710,8e-10
5711,9e-10
5712,5.5e-10
5713,9.5e-10
5714,9.666666666666666e-10
5715,8.666666666666667e-10
5716,8.5e-10
5717,8.5e-10
5718,1.0666666666666667e-09
5719,8e-10
5720,5.5e-10
5721,7.666666666666667e-10
5722,8.833333333333333e-10
5723,7e-10
5724,8.333333333333332e-10
5725,7.5e-10
5726,8.333333333333332e-10
5727,4.3333333333333334e-10
5728,8.5e-10
5729,6.666666666666666e-10
5730,1.1333333333333333e-09
5731,5.333333333333334e-10
5732,4.666666666666666e-10
5733,2.216666666666667e-09
5734,9e-10
5735,2.45e-09
5736,1.8833333333333332e-09
5737,1.1e-09
5738,9.666666666666666e-10
5739,4.166666666666666e-10
5740,1.1833333333333334e-09
5741,1.1833333333333334e-09
5742,8e-10
5743,6.833333333333334e-10
5744,6.499999999999999e-10
5745,8.333333333333332e-10
5746,8.333333333333333e-11
5747,1.1333333333333333e-09
5748,9.5e-10
5749,1.25e-09
5750,1.1666666666666668e-09
5751,1.0499999999999999e-09
5752,8.5e-10
5753,6e-10
5754,1.0166666666666667e-09
5755,1.6e-09
5756,5.666666666666667e-10
5757,4.3333333333333334e-10
5758,6.666666666666666e-10
5759,3e-10
5760,1.1e-09
5761,5.666666666666667e-10
5762,1.1666666666666668e-09
5763,6.166666666666667e-10
5764,6.166666666666667e-10
5765,1.2333333333333334e-09
5766,6.833333333333334e-10
5767,8.833333333333333e-10
5768,8.5e-10
5769,7.5e-10
5770,8.166666666666667e-10
5771,1.6e-09
5772,1.0833333333333333e-09
5773,1.2e-09
5774,9.5e-10
5775,1.3166666666666667e-09
5776,5.333333333333334e-10
5777,9.166666666666667e-10
5778,1.0499999999999999e-09
5779,8.833333333333333e-10
5780,1.1666666666666668e-09
5781,1.2833333333333335e-09
5782,8.5e-10
5783,1.85e-09
5784,1.9833333333333333e-09
5785,1.9333333333333333e-09
5786,1.1666666666666668e-09
5787,1.4666666666666666e-09
5788,1.25e-09
5789,1.5333333333333334e-09
5790,1.0166666666666667e-09
5791,1.6833333333333333e-09
5792,1.55e-09
5793,1.4833333333333334e-09
5794,1.55e-09
5795,1.8666666666666664e-09
5796,1.5833333333333334e-09
5797,1.2166666666666668e-09
5798,1.4333333333333333e-09
5799,2.6999999999999998e-09
5800,1.2833333333333335e-09
5801,1.7e-09
5802,1.6333333333333335e-09
5803,1.9333333333333333e-09
5804,1.6666666666666665e-09
5805,3.1166666666666665e-09
5806,1.65e-09
5807,2.566666666666667e-09
5808,1.5e-09
5809,1.9333333333333333e-09
5810,2.0666666666666666e-09
5811,1.4666666666666666e-09
5812,1.3166666666666667e-09
5813,2.25e-09
5814,1.5333333333333334e-09
5815,2.1333333333333334e-09
5816,2.016666666666667e-09
5817,1.9166666666666665e-09
5818,1.8333333333333334e-09
5819,2.45e-09
5820,2.3666666666666668e-09
5821,1.9999999999999997e-09
5822,1.6666666666666665e-09
5823,1.9833333333333333e-09
5824,2.0333333333333333e-09
5825,1.9833333333333333e-09
5826,2.4333333333333336e-09
5827,2.0833333333333334e-09
5828,2.1500000000000002e-09
5829,2.1666666666666666e-09
5830,2.566666666666667e-09
5831,3.166666666666667e-09
5832,2.4166666666666664e-09
5833,2.2333333333333335e-09
5834,2.2333333333333335e-09
5835,3.1166666666666665e-09
5836,2.1500000000000002e-09
5837,2.1833333333333334e-09
5838,2.2333333333333335e-09
5839,1.7833333333333334e-09
5840,2.216666666666667e-09
5841,2.8166666666666667e-09
5842,1.85e-09
5843,2.016666666666667e-09
5844,2.3e-09
5845,2.2666666666666667e-09
5846,1.8166666666666666e-09
5847,2.383333333333333e-09
5848,2.383333333333333e-09
5849,2.0666666666666666e-09
5850,1.3833333333333333e-09
5851,2.4333333333333336e-09
5852,1.4833333333333334e-09
5853,2.7166666666666666e-09
5854,2.116666666666667e-09
5855,1.9333333333333333e-09
5856,2.45e-09
5857,2.6666666666666666e-09
5858,2.0833333333333334e-09
5859,2.65e-09
5860,2.2666666666666667e-09
5861,2.1500000000000002e-09
5862,2.3666666666666668e-09
5863,2.4166666666666664e-09
5864,1.6e-09
5865,2.2e-09
5866,1.5666666666666666e-09
5867,2.2e-09
5868,2.6833333333333334e-09
5869,2.35e-09
5870,1.95e-09
5871,2.3e-09
5872,2.016666666666667e-09
5873,2.0999999999999998e-09
5874,2.1833333333333334e-09
5875,2.3e-09
5876,2.1666666666666666e-09
5877,2.0999999999999998e-09
5878,2.2e-09
5879,2.283333333333333e-09
5880,1.95e-09
5881,2.8166666666666667e-09
5882,1.8666666666666664e-09
5883,2.1833333333333334e-09
5884,2.7666666666666666e-09
5885,1.85e-09
5886,2.0333333333333333e-09
5887,2.016666666666667e-09
5888,2.05e-09
5889,1.8e-09
5890,1.7833333333333334e-09
5891,2.2333333333333335e-09
5892,2.05e-09
5893,2.566666666666667e-09
5894,2.216666666666667e-09
5895,1.7333333333333333e-09
5896,2.8666666666666667e-09
5897,2.8833333333333335e-09
5898,1.55e-09
5899,1.95e-09
5900,1.8666666666666664e-09
5901,3.1833333333333333e-09
5902,1.7e-09
5903,1.7166666666666665e-09
5904,1.6666666666666665e-09
5905,2.116666666666667e-09
5906,1.1166666666666667e-09
5907,2.5e-09
5908,1.2166666666666668e-09
5909,2.5999999999999997e-09
5910,9.166666666666667e-10
5911,2.216666666666667e-09
5912,2.5166666666666665e-09
5913,2.05e-09
5914,1.45e-09
5915,1.7333333333333333e-09
5916,2.2e-09
5917,2.3166666666666663e-09
5918,1.9333333333333333e-09
5919,5.5e-10
5920,1.95e-09
5921,1.1666666666666668e-09
5922,1.1833333333333334e-09
5923,1.5666666666666666e-09
5924,1.5e-09
5925,1.9e-09
5926,1.2e-09
5927,1.6333333333333335e-09
5928,1.6666666666666665e-09
5929,1.3666666666666667e-09
5930,1.2333333333333334e-09
5931,1.25e-09
5932,1.3833333333333333e-09
5933,1.1833333333333334e-09
5934,1.4666666666666666e-09
5935,1.5e-09
5936,1.1333333333333333e-09
5937,1.7e-09
5938,1.6333333333333335e-09
5939,1.8333333333333334e-09
5940,1.2166666666666668e-09
5941,1.6666666666666665e-09
5942,1.9333333333333333e-09
5943,1.6333333333333335e-09
5944,1.5166666666666666e-09
5945,1.2833333333333335e-09
5946,1.65e-09
5947,1.0499999999999999e-09
5948,1.0833333333333333e-09
5949,1.6333333333333335e-09
5950,1.8833333333333332e-09
5951,2.216666666666667e-09
5952,1.15e-09
5953,1.2666666666666668e-09
5954,1.9999999999999997e-09
5955,1.8333333333333334e-09
5956,1.85e-09
5957,1.4166666666666665e-09
5958,1.4833333333333334e-09
5959,1.65e-09
5960,1.5333333333333334e-09
5961,1.9999999999999997e-09
5962,1.4333333333333333e-09
5963,1.4833333333333334e-09
5964,1.6333333333333335e-09
5965,1.6666666666666665e-09
5966,1.45e-09
5967,1.55e-09
5968,1.7e-09
5969,8.5e-10
5970,2.116666666666667e-09
5971,9.999999999999999e-10
5972,1.55e-09
5973,1.1833333333333334e-09
5974,1.55e-09
5975,1.3499999999999999e-09
5976,1.1166666666666667e-09
5977,1.45e-09
5978,1.5166666666666666e-09
5979,8.833333333333333e-10
5980,1.4333333333333333e-09
5981,9.333333333333332e-10
5982,1.6333333333333335e-09
5983,1.0499999999999999e-09
5984,1.6166666666666667e-09
5985,1.15e-09
5986,9.666666666666666e-10
5987,9.999999999999999e-10
5988,2.0333333333333333e-09
5989,2.2333333333333335e-09
5990,1.9166666666666665e-09
5991,2.5333333333333337e-09
5992,9.5e-10
5993,1.55e-09
5994,9.166666666666667e-10
5995,1.1166666666666667e-09
5996,2.55e-09
5997,1.9666666666666665e-09
5998,8.166666666666667e-10
5999,2.283333333333333e-09
6000,2.283333333333333e-09
6001,2.566666666666667e-09
6002,2.9666666666666668e-09
6003,1.2333333333333334e-09
6004,7.666666666666667e-10
6005,2.5166666666666665e-09
6006,9.333333333333332e-10
6007,2.65e-09
6008,1.2999999999999999e-09
6009,1.7666666666666666e-09
6010,1.3166666666666667e-09
6011,1.6166666666666667e-09
6012,1.3499999999999999e-09
6013,1.8166666666666666e-09
6014,5.833333333333334e-10
6015,2.5166666666666665e-09
6016,1.85e-09
6017,2.3166666666666663e-09
6018,1.6166666666666667e-09
6019,1.2666666666666668e-09
6020,2.65e-09
6021,2.35e-09
6022,1.8e-09
6023,1.0499999999999999e-09
6024,1.1333333333333333e-09
6025,2.1833333333333334e-09
6026,2.383333333333333e-09
6027,2.2333333333333335e-09
6028,2.0333333333333333e-09
6029,2.383333333333333e-09
6030,1.8e-09
6031,2.3666666666666668e-09
6032,2.0666666666666666e-09
6033,1.8666666666666664e-09
6034,2.2333333333333335e-09
6035,3.166666666666667e-09
6036,3.4833333333333335e-09
6037,2.1333333333333334e-09
6038,2.8833333333333335e-09
6039,1.4833333333333334e-09
6040,2.466666666666667e-09
6041,2.4e-09
6042,1.4333333333333333e-09
6043,1.3333333333333333e-09
6044,2.3166666666666663e-09
6045,2.016666666666667e-09
6046,1.9833333333333333e-09
6047,2.5833333333333333e-09
6048,1.55e-09
6049,2.4166666666666664e-09
6050,2.383333333333333e-09
6051,2.0999999999999998e-09
6052,2.05e-09
6053,1.6333333333333335e-09
6054,1.6333333333333335e-09
6055,2.3e-09
6056,1.65e-09
6057,1.85e-09
6058,2.8166666666666667e-09
6059,1.2e-09
6060,2.1666666666666666e-09
6061,2.4166666666666664e-09
6062,1.8833333333333332e-09
6063,2.0666666666666666e-09
6064,2.7833333333333334e-09
6065,2.1833333333333334e-09
6066,1.5e-09
6067,2.3166666666666663e-09
6068,3.2833333333333334e-09
6069,1.45e-09
6070,1.8666666666666664e-09
6071,2.1333333333333334e-09
6072,2.0999999999999998e-09
6073,1.3833333333333333e-09
6074,2.2e-09
6075,1.7833333333333334e-09
6076,1.7833333333333334e-09
6077,1.65e-09
6078,2.7333333333333334e-09
6079,2.2333333333333335e-09
6080,2.2666666666666667e-09
6081,1.9333333333333333e-09
6082,2.0999999999999998e-09
6083,1.9e-09
6084,3.066666666666667e-09
6085,2.0833333333333334e-09
6086,2.5166666666666665e-09
6087,1.9e-09
6088,2.4e-09
6089,2.1833333333333334e-09
6090,1.6166666666666667e-09
6091,1.7333333333333333e-09
6092,2.2666666666666667e-09
6093,2.216666666666667e-09
6094,1.85e-09
6095,2.4e-09
6096,1.5333333333333334e-09
6097,2.216666666666667e-09
6098,3e-09
6099,2.116666666666667e-09
6100,1.8e-09
6101,1.8833333333333332e-09
6102,1.7833333333333334e-09
6103,1.7666666666666666e-09
6104,1.95e-09
6105,1.8166666666666666e-09
6106,2.0333333333333333e-09
6107,2.5333333333333337e-09
6108,2.0333333333333333e-09
6109,1.8166666666666666e-09
6110,2.0333333333333333e-09
6111,1.6166666666666667e-09
6112,2.4166666666666664e-09
6113,1.7833333333333334e-09
6114,1.0666666666666667e-09
6115,2.7166666666666666e-09
6116,9.999999999999999e-10
6117,1.3166666666666667e-09
6118,1.4e-09
6119,1.5166666666666666e-09
6120,1.3333333333333333e-09
6121,1.6666666666666665e-09
6122,1.5333333333333334e-09
6123,1.2833333333333335e-09
6124,1.6e-09
6125,1.8666666666666664e-09
6126,1.2333333333333334e-09
6127,1.0833333333333333e-09
6128,1.2666666666666668e-09
6129,1.5833333333333334e-09
6130,1.1833333333333334e-09
6131,1.5e-09
6132,1.8666666666666664e-09
6133,1.4333333333333333e-09
6134,1.2333333333333334e-09
6135,1.4666666666666666e-09
6136,1.6833333333333333e-09
6137,1.65e-09
6138,1.2833333333333335e-09
6139,1.2999999999999999e-09
6140,1.7666666666666666e-09
6141,1.2333333333333334e-09
6142,1.4e-09
6143,1.2666666666666668e-09
6144,1.1333333333333333e-09
6145,1.7166666666666665e-09
6146,9.5e-10
6147,8e-10
6148,7.833333333333333e-10
6149,1.6833333333333333e-09
6150,8e-10
6151,7.833333333333333e-10
6152,7.833333333333333e-10
6153,9.666666666666666e-10
6154,1.2333333333333334e-09
6155,6.833333333333334e-10
6156,7.333333333333333e-10
6157,9.5e-10
6158,1.4666666666666666e-09
6159,1.5333333333333334e-09
6160,1.3333333333333333e-09
6161,4.833333333333333e-10
6162,1.4e-09
6163,8.166666666666667e-10
6164,9e-10
6165,6.666666666666666e-10
6166,1.5e-09
6167,1.4833333333333334e-09
6168,1.4666666666666666e-09
6169,6.166666666666667e-10
6170,1.5833333333333334e-09
6171,8.666666666666667e-10
6172,7.833333333333333e-10
6173,6.333333333333334e-10
6174,1.1833333333333334e-09
6175,6.499999999999999e-10
6176,7.166666666666667e-10
6177,4.999999999999999e-10
6178,4.5e-10
6179,1.4e-09
6180,4.666666666666666e-10
6181,9.666666666666666e-10
6182,8.666666666666667e-10
6183,6.333333333333334e-10
6184,1.1833333333333334e-09
6185,1.2999999999999999e-09
6186,1.1166666666666667e-09
6187,8.833333333333333e-10
6188,2.333333333333333e-10
6189,1.2833333333333335e-09
6190,1.2e-09
6191,1.0166666666666667e-09
6192,7.666666666666667e-10
6193,1.5e-09
6194,1.1666666666666668e-09
6195,5.166666666666666e-10
6196,1.2666666666666668e-09
6197,1.7e-09
6198,1.1e-09
6199,1.5166666666666666e-09
6200,1.3333333333333333e-09
6201,3.333333333333333e-10
6202,2.3166666666666663e-09
6203,1.2333333333333334e-09
6204,6.166666666666667e-10
6205,4.666666666666666e-10
6206,1.5166666666666666e-09
6207,9.666666666666666e-10
6208,2.333333333333333e-10
6209,1.6e-09
6210,1.2833333333333335e-09
6211,9.333333333333332e-10
6212,1.3166666666666667e-09
6213,9.5e-10
6214,1.1e-09
6215,9.999999999999999e-10
6216,4.666666666666666e-10
6217,1.0499999999999999e-09
6218,1.1e-09
6219,1.3166666666666667e-09
6220,1.5666666666666666e-09
6221,1.4666666666666666e-09
6222,1.3833333333333333e-09
6223,1.1166666666666667e-09
6224,1.9e-09
6225,7.833333333333333e-10
6226,1.8666666666666664e-09
6227,1.65e-09
6228,1.4333333333333333e-09
6229,1.6166666666666667e-09
6230,1.5666666666666666e-09
6231,1.4833333333333334e-09
6232,1.3833333333333333e-09
6233,1.2833333333333335e-09
6234,1.3333333333333333e-09
6235,1.2166666666666668e-09
6236,1.2833333333333335e-09
6237,1.3333333333333333e-09
6238,1.1833333333333334e-09
6239,1.3833333333333333e-09
6240,1.6e-09
6241,1.2166666666666668e-09
6242,1.0499999999999999e-09
6243,1.0833333333333333e-09
6244,1.5333333333333334e-09
6245,1.4333333333333333e-09
6246,1.0333333333333333e-09
6247,2.0333333333333333e-09
6248,1.3833333333333333e-09
6249,1.3499999999999999e-09
6250,1.2333333333333334e-09
6251,1.8666666666666664e-09
6252,1.6e-09
6253,1.8166666666666666e-09
6254,1.45e-09
6255,1.3499999999999999e-09
6256,1.3166666666666667e-09
6257,9.5e-10
6258,1.4e-09
6259,1.0333333333333333e-09
6260,1.5833333333333334e-09
6261,1.2999999999999999e-09
6262,1.3333333333333333e-09
6263,1.2999999999999999e-09
6264,1.2999999999999999e-09
6265,8.666666666666667e-10
6266,1.3166666666666667e-09
6267,1.1166666666666667e-09
6268,1.2999999999999999e-09
6269,1.2166666666666668e-09
6270,1.2166666666666668e-09
6271,1.4833333333333334e-09
6272,1.3333333333333333e-09
6273,1.2333333333333334e-09
6274,9e-10
6275,1.0833333333333333e-09
6276,1.3499999999999999e-09
6277,1.4e-09
6278,1.1166666666666667e-09
6279,9.333333333333332e-10
6280,9.999999999999999e-10
6281,1.0833333333333333e-09
6282,1.1166666666666667e-09
6283,8.333333333333332e-10
6284,1.7833333333333334e-09
6285,8.5e-10
6286,1.2166666666666668e-09
6287,1.5e-09
6288,1.0499999999999999e-09
6289,1.1e-09
6290,9.166666666666667e-10
6291,6e-10
6292,2.016666666666667e-09
6293,1.3166666666666667e-09
6294,1.45e-09
6295,1.5166666666666666e-09
6296,1.45e-09
6297,8.5e-10
6298,1.65e-09
6299,1.85e-09
6300,1.0833333333333333e-09
6301,1.5166666666666666e-09
6302,1.0499999999999999e-09
6303,1.2166666666666668e-09
6304,7.666666666666667e-10
6305,1.45e-09
6306,1.4333333333333333e-09
6307,1.2833333333333335e-09
6308,1.7333333333333333e-09
6309,1.75e-09
6310,1.75e-09
6311,1.2333333333333334e-09
6312,1.2666666666666668e-09
6313,1.5666666666666666e-09
6314,1.2333333333333334e-09
6315,2.3e-09
6316,1.7333333333333333e-09
6317,2.35e-09
6318,8e-10
6319,1.1666666666666668e-09
6320,1.9999999999999997e-09
6321,1.4166666666666665e-09
6322,1.5833333333333334e-09
6323,2.4833333333333332e-09
6324,2.05e-09
6325,1.3833333333333333e-09
6326,2.1833333333333334e-09
6327,7.666666666666667e-10
6328,9e-10
6329,1.0833333333333333e-09
6330,9.666666666666666e-10
6331,1.45e-09
6332,2.1333333333333334e-09
6333,1.0166666666666667e-09
6334,1.5833333333333334e-09
6335,1.3833333333333333e-09
6336,1.8833333333333332e-09
6337,1.3166666666666667e-09
6338,1.1333333333333333e-09
6339,1.4833333333333334e-09
6340,9.166666666666667e-10
6341,2.2666666666666667e-09
6342,1.8166666666666666e-09
6343,2.1333333333333334e-09
6344,1.25e-09
6345,1.3333333333333333e-09
6346,1.4e-09
6347,1.2833333333333335e-09
6348,1.4e-09
6349,1.9e-09
6350,2.5e-09
6351,1.2166666666666668e-09
6352,1.6666666666666665e-09
6353,1.8166666666666666e-09
6354,1.45e-09
6355,1.6333333333333335e-09
6356,1.1333333333333333e-09
6357,2.25e-09
6358,1.15e-09
6359,2.383333333333333e-09
6360,2.283333333333333e-09
6361,2.1500000000000002e-09
6362,2.6833333333333334e-09
6363,1.1666666666666668e-09
6364,2.283333333333333e-09
6365,3.1833333333333333e-09
6366,2.45e-09
6367,1.5e-09
6368,1.9999999999999997e-09
6369,2.5e-09
6370,1.0833333333333333e-09
6371,2.3333333333333335e-09
6372,9.166666666666667e-10
6373,1.6166666666666667e-09
6374,2.1333333333333334e-09
6375,2.3166666666666663e-09
6376,1.2666666666666668e-09
6377,2.55e-09
6378,2.1833333333333334e-09
6379,1.95e-09
6380,1.2833333333333335e-09
6381,1.0833333333333333e-09
6382,2.3166666666666663e-09
6383,1.6e-09
6384,2.4333333333333336e-09
6385,2.0999999999999998e-09
6386,1.9166666666666665e-09
6387,1.3499999999999999e-09
6388,1.3666666666666667e-09
6389,1.5833333333333334e-09
6390,2.0833333333333334e-09
6391,1.1666666666666668e-09
6392,1.8333333333333334e-09
6393,1.75e-09
6394,2.1666666666666666e-09
6395,2.4833333333333332e-09
6396,1.6166666666666667e-09
6397,1.2666666666666668e-09
6398,1.5833333333333334e-09
6399,1.3666666666666667e-09
6400,1.1166666666666667e-09
6401,1.6e-09
6402,1.5166666666666666e-09
6403,1.6166666666666667e-09
6404,2.0833333333333334e-09
6405,1.2833333333333335e-09
6406,1.85e-09
6407,1.4e-09
6408,1.7e-09
6409,1.75e-09
6410,1.2666666666666668e-09
6411,1.5833333333333334e-09
6412,1.7e-09
6413,1.7333333333333333e-09
6414,1.5333333333333334e-09
6415,1.2999999999999999e-09
6416,1.4333333333333333e-09
6417,1.7833333333333334e-09
6418,1.2666666666666668e-09
6419,1.4833333333333334e-09
6420,1.0666666666666667e-09
6421,1.4833333333333334e-09
6422,1.1e-09
6423,9e-10
6424,1.5e-09
6425,1.6833333333333333e-09
6426,1.4166666666666665e-09
6427,1.2833333333333335e-09
6428,1.2333333333333334e-09
6429,1.2666666666666668e-09
6430,1.3499999999999999e-09
6431,1.2666666666666668e-09
6432,1.0666666666666667e-09
6433,7.333333333333333e-10
6434,1.2e-09
6435,1.2e-09
6436,1.0166666666666667e-09
6437,1.1e-09
6438,1.0166666666666667e-09
6439,9e-10
6440,9.5e-10
6441,7.5e-10
6442,8e-10
6443,1.1166666666666667e-09
6444,8.833333333333333e-10
6445,5.666666666666667e-10
6446,1.45e-09
6447,1.25e-09
6448,5.833333333333334e-10
6449,7.833333333333333e-10
6450,4.833333333333333e-10
6451,7.5e-10
6452,7.666666666666667e-10
6453,7.5e-10
6454,1.2833333333333335e-09
6455,4.3333333333333334e-10
6456,1.75e-09
6457,1.3166666666666667e-09
6458,3.333333333333333e-10
6459,1.7666666666666666e-09
6460,8.666666666666667e-10
6461,1.0333333333333333e-09
6462,1.2166666666666668e-09
6463,8.666666666666667e-10
6464,9.5e-10
6465,9e-10
6466,4.999999999999999e-10
6467,1.1666666666666668e-09
6468,8e-10
6469,3e-10
6470,6.833333333333334e-10
6471,1.1666666666666668e-09
6472,2.666666666666667e-10
6473,1.4333333333333333e-09
6474,1.6e-09
6475,4.833333333333333e-10
6476,6e-10
6477,1.6666666666666665e-09
6478,1.7666666666666666e-09
6479,1.5333333333333334e-09
6480,1.0833333333333333e-09
6481,1.2e-09
6482,9.999999999999999e-10
6483,3.333333333333333e-10
6484,3.8333333333333335e-10
6485,9.999999999999999e-10
6486,7.333333333333333e-10
6487,1.0333333333333333e-09
6488,4.5e-10
6489,1.1833333333333334e-09
6490,7.5e-10
6491,1.2e-09
6492,7.166666666666667e-10
6493,8.666666666666667e-10
6494,1.0666666666666667e-09
6495,8.5e-10
6496,1.5666666666666666e-09
6497,1.4666666666666666e-09
6498,1.6333333333333335e-09
6499,5.5e-10
6500,5.5e-10
6501,3.166666666666667e-10
6502,1.0833333333333333e-09
6503,1.2666666666666668e-09
6504,1.3666666666666667e-09
6505,9.999999999999999e-10
6506,1.2e-09
6507,9.833333333333332e-10
6508,9e-10
6509,9.166666666666667e-10
6510,7.5e-10
6511,1.3166666666666667e-09
6512,7.833333333333333e-10
6513,8e-10
6514,5.666666666666667e-10
6515,1.1833333333333334e-09
6516,1.0833333333333333e-09
6517,8e-10
6518,9.833333333333332e-10
6519,1.65e-09
6520,1.7e-09
6521,1.0833333333333333e-09
6522,8.166666666666667e-10
6523,2.1500000000000002e-09
6524,1.7833333333333334e-09
6525,1.6333333333333335e-09
6526,1.1833333333333334e-09
6527,1.0499999999999999e-09
6528,8.166666666666667e-10
6529,9.833333333333332e-10
6530,4.833333333333333e-10
6531,1.2999999999999999e-09
6532,8.333333333333332e-10
6533,1.4166666666666665e-09
6534,9.666666666666666e-10
6535,7.833333333333333e-10
6536,7.666666666666667e-10
6537,1.2e-09
6538,1.25e-09
6539,1.0166666666666667e-09
6540,9.5e-10
6541,8.833333333333333e-10
6542,8.833333333333333e-10
6543,1.15e-09
6544,1.2833333333333335e-09
6545,9.999999999999999e-10
6546,1.1333333333333333e-09
6547,7.333333333333333e-10
6548,1.4333333333333333e-09
6549,9.833333333333332e-10
6550,1.5166666666666666e-09
6551,1.2e-09
6552,1.2e-09
6553,1.4e-09
6554,9.833333333333332e-10
6555,1.0666666666666667e-09
6556,9.999999999999999e-10
6557,6.499999999999999e-10
6558,1.2166666666666668e-09
6559,6.833333333333334e-10
6560,6.833333333333334e-10
6561,9.333333333333332e-10
6562,7.166666666666667e-10
6563,7.5e-10
6564,6.166666666666667e-10
6565,6.333333333333334e-10
6566,8.5e-10
6567,9.333333333333332e-10
6568,9e-10
6569,7.666666666666667e-10
6570,6e-10
6571,9.333333333333332e-10
6572,6.333333333333334e-10
6573,5.833333333333334e-10
6574,8.166666666666667e-10
6575,4.166666666666666e-10
6576,4.666666666666666e-10
6577,5.333333333333334e-10
6578,5.666666666666667e-10
6579,5.833333333333334e-10
6580,5.5e-10
6581,7.166666666666667e-10
6582,7.833333333333333e-10
6583,7.166666666666667e-10
6584,1.0333333333333333e-09
6585,9.999999999999999e-10
6586,7e-10
6587,5.5e-10
6588,4.833333333333333e-10
6589,8.166666666666667e-10
6590,1.4333333333333333e-09
6591,5.833333333333334e-10
6592,1.1166666666666667e-09
6593,2.333333333333333e-10
6594,9.666666666666666e-10
6595,8.333333333333332e-10
6596,9.166666666666667e-10
6597,7.666666666666667e-10
6598,8.666666666666667e-10
6599,5.5e-10
6600,1.3833333333333333e-09
6601,8.666666666666667e-10
6602,6.833333333333334e-10
6603,1.3333333333333333e-09
6604,8.833333333333333e-10
6605,4.833333333333333e-10
6606,9.333333333333332e-10
6607,4.833333333333333e-10
6608,6e-10
6609,9.999999999999999e-10
6610,5.833333333333334e-10
6611,1.4333333333333333e-09
6612,8.666666666666667e-10
6613,5.833333333333334e-10
6614,7.333333333333333e-10
6615,8.166666666666667e-10
6616,4e-10
6617,1.8666666666666664e-09
6618,7.5e-10
6619,8.166666666666667e-10
6620,1.2e-09
6621,5.333333333333334e-10
6622,1.65e-09
6623,1.2666666666666668e-09
6624,9.666666666666666e-10
6625,1.0666666666666667e-09
6626,9e-10
6627,1.3499999999999999e-09
6628,1.2666666666666668e-09
6629,1.1833333333333334e-09
6630,7.666666666666667e-10
6631,8.333333333333332e-10
6632,6.666666666666666e-10
6633,8.5e-10
6634,1.0666666666666667e-09
6635,8.666666666666667e-10
6636,5.5e-10
6637,7.5e-10
6638,7.833333333333333e-10
6639,4.999999999999999e-10
6640,8.833333333333333e-10
6641,6.333333333333334e-10
6642,5.333333333333334e-10
6643,8.833333333333333e-10
6644,7.833333333333333e-10
6645,2.5333333333333337e-09
6646,1.1833333333333334e-09
6647,1.1166666666666667e-09
6648,3.3500000000000002e-09
6649,4.5e-10
6650,5.5e-10
6651,8.5e-10
6652,1.4166666666666665e-09
6653,5.5e-10
6654,4.999999999999999e-10
6655,8e-10
6656,2.0999999999999998e-09
6657,7.333333333333333e-10
6658,5.5e-10
6659,2.2333333333333335e-09
6660,9.333333333333332e-10
6661,5.5e-10
6662,2.3e-09
6663,1.1e-09
6664,9e-10
6665,4e-10
6666,2.45e-09
6667,1.1333333333333333e-09
6668,1.1666666666666668e-09
6669,7.833333333333333e-10
6670,1.0833333333333333e-09
6671,1.3499999999999999e-09
6672,1.25e-09
6673,1.0166666666666667e-09
6674,3.6666666666666664e-10
6675,1.85e-09
6676,1.0833333333333333e-09
6677,1.5833333333333334e-09
6678,3.05e-09
6679,1.5833333333333334e-09
6680,1.8166666666666666e-09
6681,2.7500000000000002e-09
6682,4.083333333333333e-09
6683,2.666666666666667e-10
6684,1.9833333333333333e-09
6685,2.0833333333333334e-09
6686,4.666666666666666e-10
6687,2.6666666666666666e-09
6688,1.7166666666666665e-09
6689,2.25e-09
6690,2.45e-09
6691,4.833333333333333e-10
6692,2.45e-09
6693,1.25e-09
6694,4.999999999999999e-10
6695,5.5e-10
6696,1.3833333333333333e-09
6697,7.5e-10
6698,5.1e-09
6699,2.016666666666667e-09
6700,5.333333333333334e-10
6701,2.0666666666666666e-09
6702,1.5166666666666666e-09
6703,1.95e-09
6704,1.4e-09
6705,7.833333333333333e-10
6706,1.4333333333333333e-09
6707,2.116666666666667e-09
6708,2.3e-09
6709,1.3333333333333333e-09
6710,2.6333333333333333e-09
6711,1.5333333333333334e-09
6712,1.8833333333333332e-09
6713,2.8166666666666667e-09
6714,2.55e-09
6715,2.6833333333333334e-09
6716,1.2666666666666668e-09
6717,1.0333333333333333e-09
6718,3.916666666666667e-09
6719,8.5e-10
6720,3.916666666666667e-09
6721,3.2e-09
6722,1.0833333333333333e-09
6723,9e-10
6724,1.2666666666666668e-09
6725,6.333333333333334e-10
6726,3.066666666666667e-09
6727,2.5833333333333333e-09
6728,3.666666666666667e-09
6729,7.5e-10
6730,3.6166666666666668e-09
6731,5.1e-09
6732,5.833333333333334e-10
6733,3.1e-09
6734,1.1666666666666668e-09
6735,8e-10
6736,2.016666666666667e-09
6737,3e-10
6738,8.333333333333332e-10
6739,8.666666666666667e-10
6740,3.2e-09
6741,1.6666666666666665e-09
6742,2.8e-09
6743,3.266666666666667e-09
6744,8.5e-10
6745,8.166666666666667e-10
6746,1.45e-09
6747,2.8666666666666667e-09
6748,5.166666666666666e-10
6749,1.8e-09
6750,2.6666666666666666e-09
6751,8.166666666666667e-10
6752,2.5166666666666665e-09
6753,1.1166666666666667e-09
6754,2.566666666666667e-09
6755,9e-10
6756,2.1333333333333334e-09
6757,4.266666666666667e-09
6758,6.666666666666666e-10
6759,2.2666666666666667e-09
6760,2.0833333333333334e-09
6761,1.4833333333333334e-09
6762,1.9999999999999997e-09
6763,1.4e-09
6764,2.8e-09
6765,3.1e-09
6766,6.833333333333334e-10
6767,2.1500000000000002e-09
6768,2.466666666666667e-09
6769,2.116666666666667e-09
6770,2.5166666666666665e-09
6771,1.2e-09
6772,1.2166666666666668e-09
6773,2.6833333333333334e-09
6774,1.1166666666666667e-09
6775,2.65e-09
6776,1.55e-09
6777,1.25e-09
6778,1.4166666666666665e-09
6779,1.0499999999999999e-09
6780,2.8166666666666667e-09
6781,1.1333333333333333e-09
6782,2.7166666666666666e-09
6783,2.55e-09
6784,3.05e-09
6785,1.55e-09
6786,2.933333333333333e-09
6787,3.1166666666666665e-09
6788,1.1166666666666667e-09
6789,3.933333333333333e-09
6790,2.5166666666666665e-09
6791,2.8e-09
6792,1.0833333333333333e-09
6793,1.5666666666666666e-09
6794,2.8500000000000003e-09
6795,1.1833333333333334e-09
6796,1.3166666666666667e-09
6797,2.5999999999999997e-09
6798,1.4166666666666665e-09
6799,1.1333333333333333e-09
6800,2.4333333333333336e-09
6801,2.6333333333333333e-09
6802,2.4333333333333336e-09
6803,1.5833333333333334e-09
6804,1.3666666666666667e-09
6805,9.999999999999999e-10
6806,1.1666666666666668e-09
6807,2.3e-09
6808,2.4333333333333336e-09
6809,1.3666666666666667e-09
6810,2.2333333333333335e-09
6811,1.1833333333333334e-09
6812,2.2e-09
6813,1.3499999999999999e-09
6814,1.1666666666666668e-09
6815,1.3833333333333333e-09
6816,3.6166666666666668e-09
6817,1.5333333333333334e-09
6818,2.3e-09
6819,1.2e-09
6820,2.4166666666666664e-09
6821,1.0166666666666667e-09
6822,2.0666666666666666e-09
6823,1.1833333333333334e-09
6824,8.833333333333333e-10
6825,9e-10
6826,1.45e-09
6827,1.9166666666666665e-09
6828,2.3e-09
6829,1.9e-09
6830,7.666666666666667e-10
6831,2.0833333333333334e-09
6832,2.4e-09
6833,2.2666666666666667e-09
6834,1.3333333333333333e-09
6835,6.499999999999999e-10
6836,2.566666666666667e-09
6837,6.666666666666666e-10
6838,1.0166666666666667e-09
6839,6.333333333333334e-10
6840,2.4e-09
6841,3.3e-09
6842,1.5666666666666666e-09
6843,9.999999999999999e-10
6844,8e-10
6845,9.333333333333332e-10
6846,2.1500000000000002e-09
6847,2.4833333333333332e-09
6848,7e-10
6849,8.5e-10
6850,1.5166666666666666e-09
6851,2.3333333333333335e-09
6852,1.9666666666666665e-09
6853,3.3666666666666666e-09
6854,1.7833333333333334e-09
6855,2.8166666666666667e-09
6856,2.9166666666666667e-09
6857,1.0166666666666667e-09
6858,1.1666666666666668e-09
6859,1.1e-09
6860,9.333333333333332e-10
6861,1.9666666666666665e-09
6862,1.2e-09
6863,2.8666666666666667e-09
6864,1.8833333333333332e-09
6865,1.3666666666666667e-09
6866,2.833333333333333e-09
6867,2.7666666666666666e-09
6868,3.033333333333333e-09
6869,1.7166666666666665e-09
6870,1.5e-09
6871,2.5833333333333333e-09
6872,2.8e-09
6873,2.6833333333333334e-09
6874,1.65e-09
6875,2.6999999999999998e-09
6876,2.6999999999999998e-09
6877,1.45e-09
6878,2.6333333333333333e-09
6879,2.4333333333333336e-09
6880,2.3333333333333335e-09
6881,1.15e-09
6882,2.0333333333333333e-09
6883,1.4666666666666666e-09
6884,2.283333333333333e-09
6885,1.5166666666666666e-09
6886,1.85e-09
6887,1.9999999999999997e-09
6888,1.9166666666666665e-09
6889,1.9666666666666665e-09
6890,1.5666666666666666e-09
6891,1.6333333333333335e-09
6892,1.2333333333333334e-09
6893,1.65e-09
6894,1.6833333333333333e-09
6895,1.5833333333333334e-09
6896,1.6333333333333335e-09
6897,2.1833333333333334e-09
6898,1.5833333333333334e-09
6899,1.25e-09
6900,1.5333333333333334e-09
6901,1.3666666666666667e-09
6902,1.4666666666666666e-09
6903,1.3499999999999999e-09
6904,1.0666666666666667e-09
6905,2.1333333333333334e-09
6906,1.4666666666666666e-09
6907,2.466666666666667e-09
6908,1.2333333333333334e-09
6909,1.0833333333333333e-09
6910,2.016666666666667e-09
6911,1.4666666666666666e-09
6912,9.333333333333332e-10
6913,9.166666666666667e-10
6914,1.4333333333333333e-09
6915,9.833333333333332e-10
6916,9.166666666666667e-10
6917,1.2666666666666668e-09
6918,7.333333333333333e-10
6919,1.8666666666666664e-09
6920,1.0333333333333333e-09
6921,1.7166666666666665e-09
6922,1.2166666666666668e-09
6923,2.0833333333333334e-09
6924,1.8333333333333334e-09
6925,9.5e-10
6926,1.7666666666666666e-09
6927,1.8833333333333332e-09
6928,1.5333333333333334e-09
6929,1.5e-09
6930,1.0833333333333333e-09
6931,1.3333333333333333e-09
6932,1.3499999999999999e-09
6933,1.25e-09
6934,2.0833333333333334e-09
6935,1.8333333333333334e-09
6936,1.4666666666666666e-09
6937,2.2e-09
6938,1.1666666666666668e-09
6939,2.016666666666667e-09
6940,1.3499999999999999e-09
6941,2.0833333333333334e-09
6942,9.5e-10
6943,9.333333333333332e-10
6944,1.2166666666666668e-09
6945,9.999999999999999e-10
6946,1.0499999999999999e-09
6947,1.6666666666666665e-09
6948,1.0833333333333333e-09
6949,1.0666666666666667e-09
6950,9.999999999999999e-10
6951,1.2e-09
6952,1.4333333333333333e-09
6953,1.2833333333333335e-09
6954,1.1e-09
6955,1.3666666666666667e-09
6956,1.4166666666666665e-09
6957,9.5e-10
6958,1.2999999999999999e-09
6959,9.333333333333332e-10
6960,8.5e-10
6961,9.166666666666667e-10
6962,8.333333333333332e-10
6963,5.833333333333334e-10
6964,7.166666666666667e-10
6965,4.3333333333333334e-10
6966,6.166666666666667e-10
6967,1.45e-09
6968,5.666666666666667e-10
6969,8e-10
6970,1.0833333333333333e-09
6971,1.4166666666666665e-09
6972,1.8333333333333334e-09
6973,8e-10
6974,1.3666666666666667e-09
6975,6.833333333333334e-10
6976,3e-10
6977,9.666666666666666e-10
6978,9.333333333333332e-10
6979,1.0333333333333333e-09
6980,9e-10
6981,1.7333333333333333e-09
6982,9.333333333333332e-10
6983,1.1333333333333333e-09
6984,8.166666666666667e-10
6985,1.2e-09
6986,1.1166666666666667e-09
6987,9e-10
6988,1.5e-09
6989,1.6e-09
6990,1.3833333333333333e-09
6991,1.0833333333333333e-09
6992,9.833333333333332e-10
6993,1.7e-09
6994,1.2333333333333334e-09
6995,1.55e-09
6996,1.5833333333333334e-09
6997,1.4166666666666665e-09
6998,1.0833333333333333e-09
6999,8.666666666666667e-10
7000,1.3333333333333333e-09
7001,9e-10
7002,1.4666666666666666e-09
7003,1.7833333333333334e-09
7004,1.3166666666666667e-09
7005,1.2166666666666668e-09
7006,1.7333333333333333e-09
7007,1.1e-09
7008,1.15e-09
7009,1.55e-09
7010,1.7833333333333334e-09
7011,1.1e-09
7012,1.0666666666666667e-09
7013,1.3666666666666667e-09
7014,1.55e-09
7015,6.333333333333334e-10
7016,9.166666666666667e-10
7017,1.0166666666666667e-09
7018,9.833333333333332e-10
7019,9.833333333333332e-10
7020,1.4166666666666665e-09
7021,1.0833333333333333e-09
7022,9.666666666666666e-10
7023,1.55e-09
7024,1.1e-09
7025,8e-10
7026,5.5e-10
7027,9e-10
7028,4.833333333333333e-10
7029,1.0833333333333333e-09
7030,9.166666666666667e-10
7031,1.0166666666666667e-09
7032,1.25e-09
7033,1.1e-09
7034,1.15e-09
7035,1.25e-09
7036,9.5e-10
7037,1.2833333333333335e-09
7038,1.4833333333333334e-09
7039,1.0833333333333333e-09
7040,1.0166666666666667e-09
7041,9.666666666666666e-10
7042,1.1333333333333333e-09
7043,8.333333333333332e-10
7044,9.999999999999999e-10
7045,1.3333333333333333e-09
7046,1.1833333333333334e-09
7047,8.833333333333333e-10
7048,1.2833333333333335e-09
7049,8.833333333333333e-10
7050,1.5666666666666666e-09
7051,1.25e-09
7052,1.2999999999999999e-09
7053,1.5e-09
7054,1.15e-09
7055,6.166666666666667e-10
7056,8.833333333333333e-10
7057,6.666666666666666e-10
7058,7.166666666666667e-10
7059,6.499999999999999e-10
7060,8.5e-10
7061,1.0166666666666667e-09
7062,1.2666666666666668e-09
7063,8.666666666666667e-10
7064,9.166666666666667e-10
7065,1.6166666666666667e-09
7066,6e-10
7067,1.2e-09
7068,1.0166666666666667e-09
7069,1.1333333333333333e-09
7070,9.333333333333332e-10
7071,9.333333333333332e-10
7072,1.4333333333333333e-09
7073,1.3833333333333333e-09
7074,1.3833333333333333e-09
7075,1.3666666666666667e-09
7076,7.333333333333333e-10
7077,8.666666666666667e-10
7078,1.1166666666666667e-09
7079,1.2999999999999999e-09
7080,1.0833333333333333e-09
7081,1.0166666666666667e-09
7082,1.6666666666666665e-09
7083,1.5166666666666666e-09
7084,1.7666666666666666e-09
7085,1.2333333333333334e-09
7086,1.6666666666666665e-09
7087,6e-10
7088,6e-10
7089,1.15e-09
7090,9.166666666666667e-10
7091,8.166666666666667e-10
7092,9e-10
7093,1.5833333333333334e-09
7094,1.2833333333333335e-09
7095,1.2e-09
7096,9.666666666666666e-10
7097,9.333333333333332e-10
7098,1.0666666666666667e-09
7099,8.666666666666667e-10
7100,1.4e-09
7101,6e-10
7102,7.666666666666667e-10
7103,1.3333333333333333e-09
7104,1.0833333333333333e-09
7105,7e-10
7106,7e-10
7107,9.833333333333332e-10
7108,7.833333333333333e-10
7109,7.166666666666667e-10
7110,1.2166666666666668e-09
7111,4.3333333333333334e-10
7112,3.6666666666666664e-10
7113,5.833333333333334e-10
7114,5.5e-10
7115,1.0499999999999999e-09
7116,7e-10
7117,5.166666666666666e-10
7118,8.166666666666667e-10
7119,8.666666666666667e-10
7120,5.5e-10
7121,9.833333333333332e-10
7122,6.166666666666667e-10
7123,4.5e-10
7124,6.499999999999999e-10
7125,7.5e-10
7126,4.166666666666666e-10
7127,4.999999999999999e-10
7128,1.1e-09
7129,3.333333333333333e-10
7130,4.5e-10
7131,4.3333333333333334e-10
7132,9.5e-10
7133,5.333333333333334e-10
7134,2.666666666666667e-10
7135,1.0666666666666667e-09
7136,9.833333333333332e-10
7137,4.5e-10
7138,3.8333333333333335e-10
7139,8e-10
7140,4.833333333333333e-10
7141,3.333333333333333e-10
7142,6.333333333333334e-10
7143,9.166666666666667e-10
7144,9.333333333333332e-10
7145,6.333333333333334e-10
7146,7.166666666666667e-10
7147,9.5e-10
7148,4.666666666666666e-10
7149,1.0166666666666667e-09
7150,5.166666666666666e-10
7151,8.333333333333332e-10
7152,1.1333333333333333e-09
7153,6.166666666666667e-10
7154,1.25e-09
7155,1.5833333333333334e-09
7156,6e-10
7157,1.3166666666666667e-09
7158,1.95e-09
7159,3.6666666666666664e-10
7160,4e-10
7161,1.9e-09
7162,2.333333333333333e-10
7163,2.4999999999999996e-10
7164,1.7666666666666666e-09
7165,2.3e-09
7166,1.85e-09
7167,2.833333333333333e-09
7168,4.666666666666666e-10
7169,2.7333333333333334e-09
7170,7.5e-10
7171,2.7833333333333334e-09
7172,2.4333333333333336e-09
7173,2.7500000000000002e-09
7174,2.7333333333333334e-09
7175,5.166666666666666e-10
7176,2.8666666666666667e-09
7177,9.999999999999999e-10
7178,3.166666666666667e-09
7179,9.666666666666666e-10
7180,9.5e-10
7181,5.833333333333334e-10
7182,1.2e-09
7183,3.1833333333333333e-09
7184,2.5333333333333337e-09
7185,1.1833333333333334e-09
7186,2.466666666666667e-09
7187,3.65e-09
7188,1.0166666666666667e-09
7189,3.1333333333333333e-09
7190,1.3666666666666667e-09
7191,4.5e-10
7192,5.666666666666667e-10
7193,2.4e-09
7194,3.3833333333333334e-09
7195,5.116666666666666e-09
7196,6.166666666666667e-10
7197,8.333333333333332e-10
7198,2.55e-09
7199,2.5833333333333333e-09
7200,3.45e-09
7201,3.166666666666667e-09
7202,1.1666666666666668e-09
7203,4.999999999999999e-10
7204,3.1e-09
7205,2.6666666666666666e-09
7206,2.6666666666666666e-09
7207,9.333333333333332e-10
7208,3.1166666666666665e-09
7209,1.25e-09
7210,1.2999999999999999e-09
7211,2.65e-09
7212,3.433333333333333e-09
7213,3.15e-09
7214,3.2333333333333333e-09
7215,8.666666666666667e-10
7216,9.333333333333332e-10
7217,5.5e-10
7218,3.4666666666666667e-09
7219,1.7666666666666666e-09
7220,1.6833333333333333e-09
7221,3.5166666666666667e-09
7222,1.6833333333333333e-09
7223,3.333333333333333e-09
7224,3.2166666666666665e-09
7225,3.3666666666666666e-09
7226,1.5833333333333334e-09
7227,8e-10
7228,5.833333333333334e-10
7229,3.3500000000000002e-09
7230,8.666666666666667e-10
7231,3.2333333333333333e-09
7232,3.4666666666666667e-09
7233,1.0666666666666667e-09
7234,3.1333333333333333e-09
7235,3.15e-09
7236,3.4e-09
7237,3.2166666666666665e-09
7238,3.7166666666666664e-09
7239,2.7833333333333334e-09
7240,1.8e-09
7241,1.15e-09
7242,3.5166666666666667e-09
7243,1.55e-09
7244,2.983333333333333e-09
7245,1.8e-09
7246,2.933333333333333e-09
7247,2.0833333333333334e-09
7248,2.8500000000000003e-09
7249,3.3666666666666666e-09
7250,1.1833333333333334e-09
7251,3.3833333333333334e-09
7252,2.8e-09
7253,1.75e-09
7254,9.5e-10
7255,2.1500000000000002e-09
7256,2.1833333333333334e-09
7257,8.166666666666667e-10
7258,3.1166666666666665e-09
7259,3.3833333333333334e-09
7260,3.5e-09
7261,1.5e-09
7262,1.3833333333333333e-09
7263,1.5e-09
7264,1.9999999999999997e-09
7265,1.7833333333333334e-09
7266,3.3666666666666666e-09
7267,1.8e-09
7268,3.1833333333333333e-09
7269,3.4666666666666667e-09
7270,2.933333333333333e-09
7271,2.7500000000000002e-09
7272,3.1166666666666665e-09
7273,2.8833333333333335e-09
7274,3.1e-09
7275,1.6333333333333335e-09
7276,3.033333333333333e-09
7277,2.8166666666666667e-09
7278,2.6333333333333333e-09
7279,2.45e-09
7280,1.6666666666666665e-09
7281,1.6333333333333335e-09
7282,1.5166666666666666e-09
7283,1.4e-09
7284,2.1333333333333334e-09
7285,2.383333333333333e-09
7286,2.216666666666667e-09
7287,2.566666666666667e-09
7288,2.466666666666667e-09
7289,2.1833333333333334e-09
7290,1.3666666666666667e-09
7291,1.4333333333333333e-09
7292,2.283333333333333e-09
7293,2.3333333333333335e-09
7294,1.5833333333333334e-09
7295,1.9e-09
7296,1.0499999999999999e-09
7297,2.0833333333333334e-09
7298,1.7833333333333334e-09
7299,1.1666666666666668e-09
7300,1.1333333333333333e-09
7301,1.2833333333333335e-09
7302,1.1166666666666667e-09
7303,2.35e-09
7304,1.25e-09
7305,1.7666666666666666e-09
7306,1.4e-09
7307,9.5e-10
7308,1.5666666666666666e-09
7309,1.3499999999999999e-09
7310,9e-10
7311,7.333333333333333e-10
7312,1.15e-09
7313,1.0333333333333333e-09
7314,1.65e-09
7315,1.0333333333333333e-09
7316,1.3166666666666667e-09
7317,1.7833333333333334e-09
7318,1.65e-09
7319,9.5e-10
7320,7.833333333333333e-10
7321,9.5e-10
7322,7.833333333333333e-10
7323,1.2999999999999999e-09
7324,1.0333333333333333e-09
7325,1.2666666666666668e-09
7326,8e-10
7327,7.833333333333333e-10
7328,7.5e-10
7329,1.9833333333333333e-09
7330,6.499999999999999e-10
7331,2.466666666666667e-09
7332,6.833333333333334e-10
7333,7.166666666666667e-10
7334,2.1500000000000002e-09
7335,4.3333333333333334e-10
7336,4.833333333333333e-10
7337,3.4e-09
7338,8.166666666666667e-10
7339,9.166666666666667e-10
7340,3.55e-09
7341,5.5e-10
7342,1.1e-09
7343,2.116666666666667e-09
7344,1.1e-09
7345,9.333333333333332e-10
7346,7e-10
7347,1.1333333333333333e-09
7348,7.833333333333333e-10
7349,1.4e-09
7350,7e-10
7351,2.9166666666666667e-09
7352,1.6166666666666667e-09
7353,9.999999999999999e-10
7354,1.3833333333333333e-09
7355,2.8166666666666667e-09
7356,1.8166666666666666e-09
7357,1.1e-09
7358,1.3166666666666667e-09
7359,1.4666666666666666e-09
7360,1.3499999999999999e-09
7361,1.45e-09
7362,6.166666666666667e-10
7363,2.6666666666666666e-09
7364,2.25e-09
7365,2.25e-09
7366,2.2e-09
7367,1.7e-09
7368,1.8e-09
7369,3.5e-10
7370,2.1666666666666666e-09
7371,6.666666666666666e-10
7372,1.6333333333333335e-09
7373,9.999999999999999e-10
7374,1.6333333333333335e-09
7375,3.8333333333333335e-10
7376,1.6166666666666667e-09
7377,2.4999999999999996e-10
7378,1.45e-09
7379,9.833333333333332e-10
7380,2.666666666666667e-10
7381,7e-10
7382,1.2999999999999999e-09
7383,1.2833333333333335e-09
7384,2.05e-09
7385,1.3499999999999999e-09
7386,1.9833333333333333e-09
7387,2.4999999999999996e-10
7388,1.8333333333333334e-09
7389,1.8833333333333332e-09
7390,5.333333333333334e-10
7391,7.333333333333333e-10
7392,1.6333333333333335e-09
7393,3.166666666666667e-10
7394,4.3333333333333334e-10
7395,1.3333333333333333e-09
7396,1.4833333333333334e-09
7397,1.0333333333333333e-09
7398,9.666666666666666e-10
7399,1.3499999999999999e-09
7400,1.2e-09
7401,5.833333333333334e-10
7402,1.7e-09
7403,2.333333333333333e-10
7404,9.166666666666667e-10
7405,7.666666666666667e-10
7406,1.2833333333333335e-09
7407,1.1166666666666667e-09
7408,9.666666666666666e-10
7409,7.166666666666667e-10
7410,1.0666666666666667e-09
7411,9.999999999999999e-10
7412,9e-10
7413,1.25e-09
7414,8e-10
7415,8.166666666666667e-10
7416,8.166666666666667e-10
7417,1.2999999999999999e-09
7418,1.0166666666666667e-09
7419,4e-10
7420,4e-10
7421,6.333333333333334e-10
7422,8.333333333333332e-10
7423,5.833333333333334e-10
7424,9e-10
7425,1.0333333333333333e-09
7426,6.499999999999999e-10
7427,1.1833333333333334e-09
7428,9.666666666666666e-10
7429,7.5e-10
7430,8e-10
7431,4.5e-10
7432,1.15e-09
7433,6.166666666666667e-10
7434,8.333333333333332e-10
7435,4.666666666666666e-10
7436,1.15e-09
7437,9.833333333333332e-10
7438,1.0333333333333333e-09
7439,6e-10
7440,6e-10
7441,7.333333333333333e-10
7442,6.833333333333334e-10
7443,6e-10
7444,9.5e-10
7445,6.666666666666666e-10
7446,7e-10
7447,8.833333333333333e-10
7448,5.666666666666667e-10
7449,5.5e-10
7450,5.833333333333334e-10
7451,6.333333333333334e-10
7452,5.666666666666667e-10
7453,5.5e-10
7454,7.333333333333333e-10
7455,3.5e-10
7456,4.3333333333333334e-10
7457,5.333333333333334e-10
7458,8.666666666666667e-10
7459,4.166666666666666e-10
7460,3.6666666666666664e-10
7461,5.166666666666666e-10
7462,2.333333333333333e-10
7463,3.166666666666667e-10
7464,3e-10
7465,4e-10
7466,4.666666666666666e-10
7467,7e-10
7468,4.666666666666666e-10
7469,1.1333333333333333e-09
7470,9e-10
7471,7e-10
7472,1.5833333333333334e-09
7473,1.1666666666666668e-09
7474,7.166666666666667e-10
7475,1.6833333333333333e-09
7476,1.4e-09
7477,1.4833333333333334e-09
7478,9.166666666666667e-10
7479,9e-10
7480,9.666666666666666e-10
7481,1.6333333333333335e-09
7482,3.333333333333333e-10
7483,1.5e-09
7484,1.2e-09
7485,1.15e-09
7486,1.1166666666666667e-09
7487,1.15e-09
7488,1.2999999999999999e-09
7489,1.5833333333333334e-09
7490,1.5666666666666666e-09
7491,1.7e-09
7492,1.15e-09
7493,1.45e-09
7494,1.1e-09
7495,1.4e-09
7496,7.833333333333333e-10
7497,1.1e-09
7498,9.5e-10
7499,9.333333333333332e-10
7500,1.2666666666666668e-09
7501,1.8e-09
7502,1.0833333333333333e-09
7503,1.6e-09
7504,4.65e-09
7505,1.45e-09
7506,9.5e-10
7507,2.5999999999999997e-09
7508,3.45e-09
7509,1.1666666666666668e-09
7510,1.5166666666666666e-09
7511,8.666666666666667e-10
7512,3.1333333333333333e-09
7513,1.1666666666666668e-09
7514,3.033333333333333e-09
7515,2.5166666666666665e-09
7516,1.1666666666666668e-09
7517,2.55e-09
7518,1.55e-09
7519,1.2e-09
7520,1.9999999999999997e-09
7521,3.333333333333333e-09
7522,3.2333333333333333e-09
7523,2.65e-09
7524,2.0666666666666666e-09
7525,2.116666666666667e-09
7526,3.4666666666666667e-09
7527,3.25e-09
7528,3.5833333333333336e-09
7529,3.4666666666666667e-09
7530,3.5666666666666668e-09
7531,1.9e-09
7532,2.1333333333333334e-09
7533,3.7166666666666664e-09
7534,3.45e-09
7535,4.166666666666667e-09
7536,2.05e-09
7537,3.25e-09
7538,3.9e-09
7539,3.5166666666666667e-09
7540,3.5833333333333336e-09
7541,1.6833333333333333e-09
7542,1.6833333333333333e-09
7543,3.6e-09
7544,1.75e-09
7545,3.0833333333333332e-09
7546,1.4333333333333333e-09
7547,2.2666666666666667e-09
7548,3.1166666666666665e-09
7549,1.45e-09
7550,3.033333333333333e-09
7551,1.5666666666666666e-09
7552,1.25e-09
7553,1.4166666666666665e-09
7554,2.9666666666666668e-09
7555,2.8666666666666667e-09
7556,1.2999999999999999e-09
7557,3.1166666666666665e-09
7558,2.9166666666666667e-09
7559,3.4833333333333335e-09
7560,3.1e-09
7561,3.2333333333333333e-09
7562,2.216666666666667e-09
7563,1.1333333333333333e-09
7564,1.9999999999999997e-09
7565,2.7166666666666666e-09
7566,1.1833333333333334e-09
7567,1.3666666666666667e-09
7568,1.55e-09
7569,2.3666666666666668e-09
7570,2.55e-09
7571,2.2e-09
7572,2.6333333333333333e-09
7573,2.6166666666666665e-09
7574,3.4166666666666667e-09
7575,2.5e-09
7576,2.7333333333333334e-09
7577,2.5166666666666665e-09
7578,2.8e-09
7579,2.6999999999999998e-09
7580,2.6999999999999998e-09
7581,1.8333333333333334e-09
7582,1.9166666666666665e-09
7583,1.4e-09
7584,2.5999999999999997e-09
7585,2.7333333333333334e-09
7586,3.05e-09
7587,2.3166666666666663e-09
7588,2.0333333333333333e-09
7589,2.6166666666666665e-09
7590,1.7833333333333334e-09
7591,2.283333333333333e-09
7592,2.2666666666666667e-09
7593,2.3166666666666663e-09
7594,2.3666666666666668e-09
7595,2.8500000000000003e-09
7596,7.2e-09
7597,2.833333333333333e-09
7598,3.3e-09
7599,3.333333333333333e-09
7600,2.1500000000000002e-09
7601,2.9500000000000004e-09
7602,2.3666666666666668e-09
7603,2.3333333333333335e-09
7604,2.6999999999999998e-09
7605,2.933333333333333e-09
7606,1.8e-09
7607,1.9833333333333333e-09
7608,2.6833333333333334e-09
7609,2.6833333333333334e-09
7610,3.5166666666666667e-09
7611,1.8666666666666664e-09
7612,2.7833333333333334e-09
7613,2.65e-09
7614,1.95e-09
7615,1.6166666666666667e-09
7616,1.7666666666666666e-09
7617,2.4833333333333332e-09
7618,3.666666666666667e-09
7619,2.6333333333333333e-09
7620,2.383333333333333e-09
7621,3.75e-09
7622,1.45e-09
7623,2.8e-09
7624,1.9999999999999997e-09
7625,2.6999999999999998e-09
7626,3.433333333333333e-09
7627,3.783333333333333e-09
7628,2.25e-09
7629,2.4833333333333332e-09
7630,1.4666666666666666e-09
7631,1.6833333333333333e-09
7632,1.6833333333333333e-09
7633,2.8833333333333335e-09
7634,2.2e-09
7635,2.35e-09
7636,2.7166666666666666e-09
7637,3.916666666666667e-09
7638,1.8833333333333332e-09
7639,3.2166666666666665e-09
7640,2.25e-09
7641,1.8666666666666664e-09
7642,3.05e-09
7643,1.8833333333333332e-09
7644,3.05e-09
7645,1.9999999999999997e-09
7646,3.2833333333333334e-09
7647,1.5e-09
7648,3.1333333333333333e-09
7649,2.45e-09
7650,3.5e-09
7651,1.85e-09
7652,1.7666666666666666e-09
7653,3.25e-09
7654,2.1833333333333334e-09
7655,1.9999999999999997e-09
7656,1.8333333333333334e-09
7657,2.9166666666666667e-09
7658,2.35e-09
7659,2.3166666666666663e-09
7660,2.9666666666666668e-09
7661,2.8166666666666667e-09
7662,2.3e-09
7663,2.0333333333333333e-09
7664,2.6333333333333333e-09
7665,2.6833333333333334e-09
7666,2.1833333333333334e-09
7667,2.45e-09
7668,2.65e-09
7669,2.65e-09
7670,2.6999999999999998e-09
7671,2.6333333333333333e-09
7672,2.4e-09
7673,2.216666666666667e-09
7674,4.366666666666667e-09
7675,2.466666666666667e-09
7676,2.3e-09
7677,2.6333333333333333e-09
7678,2.283333333333333e-09
7679,2.55e-09
7680,2.0833333333333334e-09
7681,1.9833333333333333e-09
7682,2.65e-09
7683,1.9833333333333333e-09
7684,2.9166666666666667e-09
7685,2.5333333333333337e-09
7686,2.7833333333333334e-09
7687,2.9500000000000004e-09
7688,2.7500000000000002e-09
7689,2.933333333333333e-09
7690,2.2666666666666667e-09
7691,1.85e-09
7692,2.5333333333333337e-09
7693,2.5833333333333333e-09
7694,2.55e-09
7695,3.333333333333333e-09
7696,2.566666666666667e-09
7697,2.3666666666666668e-09
7698,2.4333333333333336e-09
7699,2.9e-09
7700,2.5333333333333337e-09
7701,2.8500000000000003e-09
7702,2.7500000000000002e-09
7703,2.4e-09
7704,2.5833333333333333e-09
7705,2.1833333333333334e-09
7706,2.5333333333333337e-09
7707,2.1500000000000002e-09
7708,2.5166666666666665e-09
7709,2.3e-09
7710,2.3e-09
7711,2.283333333333333e-09
7712,2.283333333333333e-09
7713,1.9666666666666665e-09
7714,2.0999999999999998e-09
7715,1.75e-09
7716,1.95e-09
7717,1.5833333333333334e-09
7718,1.8833333333333332e-09
7719,1.9166666666666665e-09
7720,1.5166666666666666e-09
7721,2.6999999999999998e-09
7722,1.7e-09
7723,1.95e-09
7724,1.55e-09
7725,2.216666666666667e-09
7726,2.216666666666667e-09
7727,2.7833333333333334e-09
7728,2.3666666666666668e-09
7729,1.2666666666666668e-09
7730,2.2333333333333335e-09
7731,2.2666666666666667e-09
7732,2.0333333333333333e-09
7733,1.2999999999999999e-09
7734,2.1333333333333334e-09
7735,1.5666666666666666e-09
7736,2.6666666666666666e-09
7737,3.6833333333333336e-09
7738,2.0833333333333334e-09
7739,1.2833333333333335e-09
7740,1.8166666666666666e-09
7741,2.216666666666667e-09
7742,2.1333333333333334e-09
7743,2.2333333333333335e-09
7744,1.9999999999999997e-09
7745,1.9999999999999997e-09
7746,2.216666666666667e-09
7747,1.9333333333333333e-09
7748,1.5e-09
7749,3.2e-09
7750,1.95e-09
7751,1.9166666666666665e-09
7752,2.2e-09
7753,2.2333333333333335e-09
7754,1.5833333333333334e-09
7755,2.016666666666667e-09
7756,1.9e-09
7757,1.75e-09
7758,1.4666666666666666e-09
7759,2.5333333333333337e-09
7760,2.0333333333333333e-09
7761,2.283333333333333e-09
7762,1.4333333333333333e-09
7763,2.5333333333333337e-09
7764,1.95e-09
7765,2.116666666666667e-09
7766,1.6666666666666665e-09
7767,1.9999999999999997e-09
7768,2.9500000000000004e-09
7769,1.8833333333333332e-09
7770,1.6166666666666667e-09
7771,1.6333333333333335e-09
7772,1.6166666666666667e-09
7773,1.45e-09
7774,1.75e-09
7775,2.0833333333333334e-09
7776,2.0666666666666666e-09
7777,1.9666666666666665e-09
7778,1.95e-09
7779,1.9999999999999997e-09
7780,1.7833333333333334e-09
7781,1.9666666666666665e-09
7782,1.7833333333333334e-09
7783,1.7e-09
7784,1.7e-09
7785,2.0333333333333333e-09
7786,2.1333333333333334e-09
7787,1.5666666666666666e-09
7788,1.7833333333333334e-09
7789,2.3666666666666668e-09
7790,1.8333333333333334e-09
7791,1.9333333333333333e-09
7792,1.6833333333333333e-09
7793,1.9999999999999997e-09
7794,1.85e-09
7795,1.95e-09
7796,1.3833333333333333e-09
7797,2.3666666666666668e-09
7798,1.5166666666666666e-09
7799,1.9166666666666665e-09
7800,1.8666666666666664e-09
7801,1.85e-09
7802,1.8333333333333334e-09
7803,1.1333333333333333e-09
7804,1.1166666666666667e-09
7805,2.0666666666666666e-09
7806,1.3333333333333333e-09
7807,1.6333333333333335e-09
7808,2.0833333333333334e-09
7809,9.666666666666666e-10
7810,1.8166666666666666e-09
7811,1.75e-09
7812,9.666666666666666e-10
7813,1.7333333333333333e-09
7814,1.3666666666666667e-09
7815,1.1166666666666667e-09
7816,1.0333333333333333e-09
7817,1.6166666666666667e-09
7818,9.833333333333332e-10
7819,9.999999999999999e-10
7820,8.666666666666667e-10
7821,1.0333333333333333e-09
7822,8.5e-10
7823,1.1166666666666667e-09
7824,9.5e-10
7825,1.0166666666666667e-09
7826,9.333333333333332e-10
7827,8.166666666666667e-10
7828,7.166666666666667e-10
7829,8.333333333333332e-10
7830,6.166666666666667e-10
7831,5.833333333333334e-10
7832,9.666666666666666e-10
7833,9e-10
7834,5.166666666666666e-10
7835,1.0499999999999999e-09
7836,1.2833333333333335e-09
7837,3.333333333333333e-10
7838,3.166666666666667e-10
7839,4.833333333333333e-10
7840,3.166666666666667e-10
7841,8.333333333333332e-10
7842,7.5e-10
7843,9.166666666666667e-10
7844,4.3333333333333334e-10
7845,8.5e-10
7846,5.5e-10
7847,1.15e-09
7848,7.333333333333333e-10
7849,6.333333333333334e-10
7850,9.999999999999999e-10
7851,7.5e-10
7852,7.333333333333333e-10
7853,1.0166666666666667e-09
7854,8.833333333333333e-10
7855,2.1666666666666667e-10
7856,4.999999999999999e-10
7857,1.1166666666666667e-09
7858,9.166666666666667e-10
7859,1.0333333333333333e-09
7860,7.5e-10
7861,8.166666666666667e-10
7862,2.666666666666667e-10
7863,3.166666666666667e-10
7864,5.333333333333334e-10
7865,7.166666666666667e-10
7866,7e-10
7867,1.0666666666666667e-09
7868,9.166666666666667e-10
7869,1.0833333333333333e-09
7870,9.5e-10
7871,9.999999999999999e-10
7872,4.166666666666666e-10
7873,6.499999999999999e-10
7874,9.999999999999999e-10
7875,1.1166666666666667e-09
7876,9.5e-10
7877,2.4999999999999996e-10
7878,8.166666666666667e-10
7879,5.166666666666666e-10
7880,8.666666666666667e-10
7881,3.8333333333333335e-10
7882,1.0166666666666667e-09
7883,9.333333333333332e-10
7884,1.0499999999999999e-09
7885,5.333333333333334e-10
7886,7.833333333333333e-10
7887,9.666666666666666e-10
7888,7e-10
7889,7.666666666666667e-10
7890,1.2166666666666668e-09
7891,7.833333333333333e-10
7892,1.0166666666666667e-09
7893,1.4833333333333334e-09
7894,1.0666666666666667e-09
7895,7e-10
7896,1.1e-09
7897,6.666666666666666e-10
7898,1.5166666666666666e-09
7899,1.1833333333333334e-09
7900,1.2e-09
7901,7.166666666666667e-10
7902,1.2166666666666668e-09
7903,1.0499999999999999e-09
7904,9.833333333333332e-10
7905,1.2999999999999999e-09
7906,8.333333333333332e-10
7907,1.5666666666666666e-09
7908,9.999999999999999e-10
7909,1.2166666666666668e-09
7910,1.2333333333333334e-09
7911,9.666666666666666e-10
7912,1.6333333333333335e-09
7913,1.3666666666666667e-09
7914,6.166666666666667e-10
7915,1.3666666666666667e-09
7916,1.4e-09
7917,1.2999999999999999e-09
7918,8.833333333333333e-10
7919,7.833333333333333e-10
7920,7.333333333333333e-10
7921,8e-10
7922,8.833333333333333e-10
7923,7.5e-10
7924,8.333333333333332e-10
7925,8.5e-10
7926,6.666666666666666e-10
7927,7.333333333333333e-10
7928,5.333333333333334e-10
7929,9e-10
7930,4.3333333333333334e-10
7931,6.333333333333334e-10
7932,5.5e-10
7933,6.833333333333334e-10
7934,6.833333333333334e-10
7935,6.166666666666667e-10
7936,1.0833333333333333e-09
7937,5.166666666666666e-10
7938,7e-10
7939,9e-10
7940,1.0666666666666667e-09
7941,3.333333333333333e-10
7942,5.5e-10
7943,9.166666666666667e-10
7944,4.833333333333333e-10
7945,1.1333333333333333e-09
7946,1.15e-09
7947,1.1333333333333333e-09
7948,1.3166666666666667e-09
7949,8.833333333333333e-10
7950,1.4333333333333333e-09
7951,2.5e-09
7952,4.666666666666666e-10
7953,7.166666666666667e-10
7954,1.3333333333333333e-09
7955,6.833333333333334e-10
7956,9.166666666666667e-10
7957,1.5833333333333334e-09
7958,1.4e-09
7959,1.3499999999999999e-09
7960,1.1166666666666667e-09
7961,1.9666666666666665e-09
7962,1.8666666666666664e-09
7963,1.3666666666666667e-09
7964,1.6333333333333335e-09
7965,1.8333333333333334e-09
7966,1.0833333333333333e-09
7967,1.7666666666666666e-09
7968,2.283333333333333e-09
7969,9.833333333333332e-10
7970,1.7166666666666665e-09
7971,1.65e-09
7972,1.0499999999999999e-09
7973,1.9999999999999997e-09
7974,2.283333333333333e-09
7975,1.5166666666666666e-09
7976,1.2833333333333335e-09
7977,1.0833333333333333e-09
7978,1.7166666666666665e-09
7979,2.0666666666666666e-09
7980,9e-10
7981,1.2e-09
7982,1.9e-09
7983,1.8e-09
7984,6.333333333333334e-10
7985,9.5e-10
7986,8e-10
7987,2.0999999999999998e-09
7988,8e-10
7989,5.666666666666667e-10
7990,1.2333333333333334e-09
7991,5.333333333333334e-10
7992,1.2333333333333334e-09
7993,1.6666666666666665e-09
7994,1.95e-09
7995,1.25e-09
7996,1.15e-09
7997,1.0666666666666667e-09
7998,7.166666666666667e-10
7999,4.833333333333333e-10
8000,7.5e-10
8001,1.2e-09
8002,1.4833333333333334e-09
8003,1.3666666666666667e-09
8004,1.4166666666666665e-09
8005,1.6e-09
8006,7.5e-10
8007,1.7833333333333334e-09
8008,9.166666666666667e-10
8009,1.4166666666666665e-09
8010,9.999999999999999e-10
8011,1.3666666666666667e-09
8012,9e-10
8013,8.833333333333333e-10
8014,1.0666666666666667e-09
8015,1.3666666666666667e-09
8016,1.6166666666666667e-09
8017,1.2e-09
8018,1.55e-09
8019,1.3333333333333333e-09
8020,1.2833333333333335e-09
8021,1.5333333333333334e-09
8022,1.6166666666666667e-09
8023,1.4333333333333333e-09
8024,1.5833333333333334e-09
8025,1.3166666666666667e-09
8026,1.9166666666666665e-09
8027,1.25e-09
8028,1.5666666666666666e-09
8029,1.55e-09
8030,1.3166666666666667e-09
8031,1.0666666666666667e-09
8032,1.3833333333333333e-09
8033,1.3833333333333333e-09
8034,8.833333333333333e-10
8035,8.333333333333332e-10
8036,1.45e-09
8037,1.1333333333333333e-09
8038,7.166666666666667e-10
8039,1.3499999999999999e-09
8040,1.3166666666666667e-09
8041,7.833333333333333e-10
8042,1.0333333333333333e-09
8043,1.8666666666666664e-09
8044,1.3666666666666667e-09
8045,1.4e-09
8046,1.1166666666666667e-09
8047,8e-10
8048,2.0833333333333334e-09
8049,1.2833333333333335e-09
8050,1.4166666666666665e-09
8051,1.0333333333333333e-09
8052,1.3666666666666667e-09
8053,8.166666666666667e-10
8054,1.4666666666666666e-09
8055,1.6333333333333335e-09
8056,7.833333333333333e-10
8057,1.95e-09
8058,1.0333333333333333e-09
8059,2.5333333333333337e-09
8060,1.9833333333333333e-09
8061,1.2166666666666668e-09
8062,6.666666666666666e-10
8063,6.833333333333334e-10
8064,1.8e-09
8065,1.3499999999999999e-09
8066,1.4166666666666665e-09
8067,1.8666666666666664e-09
8068,1.1333333333333333e-09
8069,5.166666666666666e-10
8070,1.0499999999999999e-09
8071,7.333333333333333e-10
8072,5.666666666666667e-10
8073,8.666666666666667e-10
8074,8.5e-10
8075,1.3833333333333333e-09
8076,1.0333333333333333e-09
8077,1.3166666666666667e-09
8078,1.15e-09
8079,1.6e-09
8080,9.833333333333332e-10
8081,5.666666666666667e-10
8082,1.2999999999999999e-09
8083,6.833333333333334e-10
8084,5.333333333333334e-10
8085,8.166666666666667e-10
8086,9.833333333333332e-10
8087,5.333333333333334e-10
8088,3.5e-10
8089,5.333333333333334e-10
8090,3.5e-10
8091,2.666666666666667e-10
8092,4.999999999999999e-10
8093,4.833333333333333e-10
8094,3.333333333333333e-10
8095,4.5e-10
8096,8e-10
8097,8.666666666666667e-10
8098,7.666666666666667e-10
8099,3.333333333333333e-10
8100,1.5e-10
8101,3.5e-10
8102,6.666666666666666e-10
8103,1.1333333333333333e-09
8104,9.666666666666666e-10
8105,1.0166666666666667e-09
8106,1.25e-09
8107,1.5833333333333334e-09
8108,4.833333333333333e-10
8109,5.5e-10
8110,1.5e-09
8111,1.15e-09
8112,1.4e-09
8113,1.2166666666666668e-09
8114,1.0333333333333333e-09
8115,5.666666666666667e-10
8116,7.166666666666667e-10
8117,1.2e-09
8118,2.666666666666667e-10
8119,8.666666666666667e-10
8120,1.1666666666666668e-09
8121,9e-10
8122,1.0666666666666667e-09
8123,1.0833333333333333e-09
8124,9.5e-10
8125,9.333333333333332e-10
8126,5.833333333333334e-10
8127,9.333333333333332e-10
8128,5.666666666666667e-10
8129,6.166666666666667e-10
8130,6.166666666666667e-10
8131,6.666666666666666e-10
8132,5.833333333333334e-10
8133,1.15e-09
8134,3e-10
8135,7.5e-10
8136,1.25e-09
8137,1.1333333333333333e-09
8138,4.3333333333333334e-10
8139,4.999999999999999e-10
8140,4.999999999999999e-10
8141,1.5e-09
8142,1.0833333333333333e-09
8143,1.2166666666666668e-09
8144,1.1166666666666667e-09
8145,1.1666666666666668e-09
8146,7.5e-10
8147,7.166666666666667e-10
8148,8.5e-10
8149,9.5e-10
8150,7.666666666666667e-10
8151,8e-10
8152,7.833333333333333e-10
8153,7.666666666666667e-10
8154,7.833333333333333e-10
8155,8.666666666666667e-10
8156,8.833333333333333e-10
8157,1.0166666666666667e-09
8158,7.833333333333333e-10
8159,6.499999999999999e-10
8160,4.999999999999999e-10
8161,7.666666666666667e-10
8162,9.333333333333332e-10
8163,9.333333333333332e-10
8164,1.3333333333333333e-09
8165,9.5e-10
8166,1.9166666666666665e-09
8167,2.016666666666667e-09
8168,5.833333333333334e-10
8169,1.25e-09
8170,4.999999999999999e-10
8171,1.3833333333333333e-09
8172,1.5666666666666666e-09
8173,1.6333333333333335e-09
8174,1.5333333333333334e-09
8175,1.5166666666666666e-09
8176,1.7e-09
8177,1.6833333333333333e-09
8178,1.2166666666666668e-09
8179,5.666666666666667e-10
8180,8.666666666666667e-10
8181,1.3333333333333333e-09
8182,1.7666666666666666e-09
8183,1.4833333333333334e-09
8184,3.166666666666667e-10
8185,8.333333333333332e-10
8186,1.2666666666666668e-09
8187,1.65e-09
8188,1.5166666666666666e-09
8189,1.55e-09
8190,2.0333333333333333e-09
8191,1.9166666666666665e-09
8192,1.8e-09
8193,1.5833333333333334e-09
8194,2.05e-09
8195,1.2e-09
8196,3.033333333333333e-09
8197,1.1e-09
8198,1.3833333333333333e-09
8199,1.2833333333333335e-09
8200,1.5833333333333334e-09
8201,1.0499999999999999e-09
8202,1.8333333333333334e-09
8203,1.5333333333333334e-09
8204,1.4e-09
8205,2.8500000000000003e-09
8206,2.0666666666666666e-09
8207,1.25e-09
8208,2.3e-09
8209,1.8166666666666666e-09
8210,2.3666666666666668e-09
8211,1.9999999999999997e-09
8212,1.7666666666666666e-09
8213,2.5833333333333333e-09
8214,2.5e-09
8215,2.05e-09
8216,8.666666666666667e-10
8217,1.2e-09
8218,9e-10
8219,1.45e-09
8220,1.4e-09
8221,1.6166666666666667e-09
8222,2.3333333333333335e-09
8223,1.75e-09
8224,1.9999999999999997e-09
8225,8.166666666666667e-10
8226,1.9833333333333333e-09
8227,1.9166666666666665e-09
8228,2.1500000000000002e-09
8229,2.1666666666666666e-09
8230,1.2999999999999999e-09
8231,1.7333333333333333e-09
8232,1.6666666666666665e-09
8233,2.0999999999999998e-09
8234,2.0666666666666666e-09
8235,1.2833333333333335e-09
8236,2.3666666666666668e-09
8237,2.0833333333333334e-09
8238,9.666666666666666e-10
8239,2.7666666666666666e-09
8240,1.3499999999999999e-09
8241,2.0999999999999998e-09
8242,9.666666666666666e-10
8243,1.8833333333333332e-09
8244,2.4833333333333332e-09
8245,2.4333333333333336e-09
8246,1.8e-09
8247,2.7500000000000002e-09
8248,6.833333333333334e-10
8249,2.9500000000000004e-09
8250,2.833333333333333e-09
8251,7.333333333333333e-10
8252,2.116666666666667e-09
8253,5.683333333333333e-09
8254,2.1666666666666666e-09
8255,5.333333333333334e-10
8256,1.6833333333333333e-09
8257,2.1666666666666666e-09
8258,2.666666666666667e-10
8259,2.1666666666666666e-09
8260,2.5166666666666665e-09
8261,8.666666666666667e-10
8262,2.4833333333333332e-09
8263,3.6666666666666664e-10
8264,1.0333333333333333e-09
8265,2.666666666666667e-10
8266,1.4e-09
8267,1.0166666666666667e-09
8268,4.3333333333333334e-10
8269,1.9e-09
8270,2.216666666666667e-09
8271,1.4666666666666666e-09
8272,6.833333333333334e-10
8273,1.7333333333333333e-09
8274,1.3333333333333333e-09
8275,1.6166666666666667e-09
8276,4.066666666666667e-09
8277,1.8666666666666664e-09
8278,2.1666666666666666e-09
8279,2.0666666666666666e-09
8280,1.65e-09
8281,1.25e-09
8282,2.9500000000000004e-09
8283,1.4e-09
8284,1.9166666666666665e-09
8285,2.6166666666666665e-09
8286,1.3333333333333333e-09
8287,2.6999999999999998e-09
8288,2.4333333333333336e-09
8289,1.9999999999999997e-09
8290,1.4666666666666666e-09
8291,1.6833333333333333e-09
8292,2.65e-09
8293,1.3666666666666667e-09
8294,1.2666666666666668e-09
8295,2.4166666666666664e-09
8296,1.1e-09
8297,2.1833333333333334e-09
8298,2.5333333333333337e-09
8299,2.4166666666666664e-09
8300,9.999999999999999e-10
8301,2.3166666666666663e-09
8302,2.3166666666666663e-09
8303,1.9333333333333333e-09
8304,2.3333333333333335e-09
8305,1.1666666666666668e-09
8306,1.1166666666666667e-09
8307,7.166666666666667e-10
8308,3.1e-09
8309,1.3166666666666667e-09
8310,8.333333333333332e-10
8311,1.0833333333333333e-09
8312,2.7166666666666666e-09
8313,2.25e-09
8314,1.8833333333333332e-09
8315,2.6166666666666665e-09
8316,9.999999999999999e-10
8317,2.4833333333333332e-09
8318,1.9666666666666665e-09
8319,8.666666666666667e-10
8320,2.0333333333333333e-09
8321,7.833333333333333e-10
8322,1.9166666666666665e-09
8323,7.166666666666667e-10
8324,1.9166666666666665e-09
8325,1.95e-09
8326,9.833333333333332e-10
8327,1.1333333333333333e-09
8328,9.333333333333332e-10
8329,1.6666666666666665e-09
8330,1.5333333333333334e-09
8331,1.1833333333333334e-09
8332,1.4333333333333333e-09
8333,8.666666666666667e-10
8334,1.15e-09
8335,1.1333333333333333e-09
8336,1.25e-09
8337,1.4166666666666665e-09
8338,9.999999999999999e-10
8339,1.3166666666666667e-09
8340,1.0166666666666667e-09
8341,1.3166666666666667e-09
8342,1.0833333333333333e-09
8343,7.5e-10
8344,2.333333333333333e-10
8345,7.833333333333333e-10
8346,1.6e-09
8347,7e-10
8348,1.1833333333333334e-09
8349,9.666666666666666e-10
8350,6.499999999999999e-10
8351,1.4833333333333334e-09
8352,1.2166666666666668e-09
8353,8.833333333333333e-10
8354,1.0499999999999999e-09
8355,1.1166666666666667e-09
8356,8.5e-10
8357,1.2e-09
8358,9.833333333333332e-10
8359,1.4166666666666665e-09
8360,7e-10
8361,9.833333333333332e-10
8362,1.3833333333333333e-09
8363,1.0499999999999999e-09
8364,9.5e-10
8365,8.833333333333333e-10
8366,1.6666666666666665e-09
8367,1.7166666666666665e-09
8368,7.166666666666667e-10
8369,1.2333333333333334e-09
8370,8e-10
8371,1.8166666666666666e-09
8372,1.7833333333333334e-09
8373,1.2999999999999999e-09
8374,1.7833333333333334e-09
8375,1.6666666666666665e-09
8376,5.166666666666666e-10
8377,1.6e-09
8378,1.4833333333333334e-09
8379,1.2333333333333334e-09
8380,1.5833333333333334e-09
8381,1.6166666666666667e-09
8382,1.0333333333333333e-09
8383,1.0833333333333333e-09
8384,1.25e-09
8385,1.7e-09
8386,4.1999999999999996e-09
8387,2.833333333333333e-09
8388,2.6166666666666665e-09
8389,2.5833333333333333e-09
8390,2.55e-09
8391,1.0666666666666667e-09
8392,8.666666666666667e-10
8393,2.3e-09
8394,1.0833333333333333e-09
8395,1.85e-09
8396,1.0499999999999999e-09
8397,1.2833333333333335e-09
8398,1.1666666666666668e-09
8399,2.5333333333333337e-09
8400,2.4333333333333336e-09
8401,1.25e-09
8402,2.9166666666666667e-09
8403,2.3166666666666663e-09
8404,9.5e-10
8405,1.7166666666666665e-09
8406,3.7166666666666664e-09
8407,2.8666666666666667e-09
8408,3.066666666666667e-09
8409,1.4666666666666666e-09
8410,1.7666666666666666e-09
8411,2.7166666666666666e-09
8412,2.8500000000000003e-09
8413,2.0999999999999998e-09
8414,3.7166666666666664e-09
8415,3.4833333333333335e-09
8416,1.6166666666666667e-09
8417,1.25e-09
8418,3.033333333333333e-09
8419,1.0833333333333333e-09
8420,3.3500000000000002e-09
8421,2.8666666666666667e-09
8422,2.8e-09
8423,3.5e-09
8424,2.8166666666666667e-09
8425,1.4166666666666665e-09
8426,2.5999999999999997e-09
8427,2.5333333333333337e-09
8428,2.9500000000000004e-09
8429,1.3833333333333333e-09
8430,1.2999999999999999e-09
8431,9.999999999999999e-10
8432,2.7833333333333334e-09
8433,1.1166666666666667e-09
8434,3.3166666666666666e-09
8435,9.5e-10
8436,2.4e-09
8437,1.0333333333333333e-09
8438,1.1166666666666667e-09
8439,3.25e-09
8440,3.033333333333333e-09
8441,2.4333333333333336e-09
8442,3.1833333333333333e-09
8443,1.1e-09
8444,2.983333333333333e-09
8445,2.55e-09
8446,1.1666666666666668e-09
8447,1.0499999999999999e-09
8448,3.333333333333333e-09
8449,2.933333333333333e-09
8450,8.5e-10
8451,2.7500000000000002e-09
8452,2.55e-09
8453,9e-10
8454,7.333333333333333e-10
8455,2.6333333333333333e-09
8456,2.933333333333333e-09
8457,2.7500000000000002e-09
8458,2.2666666666666667e-09
8459,3.2166666666666665e-09
8460,2.8833333333333335e-09
8461,2.8166666666666667e-09
8462,5.5e-10
8463,5.833333333333334e-10
8464,1.3333333333333333e-09
8465,3.033333333333333e-09
8466,9.666666666666666e-10
8467,3.3e-09
8468,3.6666666666666664e-10
8469,3.266666666666667e-09
8470,2.833333333333333e-09
8471,2.983333333333333e-09
8472,1.0499999999999999e-09
8473,3.1833333333333333e-09
8474,1.0499999999999999e-09
8475,5.5e-10
8476,4.999999999999999e-10
8477,2.7166666666666666e-09
8478,8.333333333333332e-10
8479,2.566666666666667e-09
8480,2.4e-09
8481,8.5e-10
8482,2.4833333333333332e-09
8483,2.383333333333333e-09
8484,1.1666666666666668e-09
8485,2.3e-09
8486,1.25e-09
8487,7e-10
8488,5.5e-10
8489,2.2e-09
8490,1.2e-09
8491,8.666666666666667e-10
8492,7.5e-10
8493,2.8333333333333334e-10
8494,1.45e-09
8495,1.55e-09
8496,8.166666666666667e-10
8497,3.5e-10
8498,1.1666666666666668e-09
8499,7.333333333333333e-10
8500,7.5e-10
8501,3e-10
8502,3.6666666666666664e-10
8503,2.4999999999999996e-10
8504,4e-10
8505,3.6666666666666664e-10
8506,1.6666666666666666e-10
8507,4e-10
8508,3.5e-10
8509,2.8333333333333334e-10
8510,3.166666666666667e-10
8511,1.3333333333333334e-10
8512,2e-10
8513,1.3333333333333334e-10
8514,2.333333333333333e-10
8515,1.8333333333333332e-10
8516,8.333333333333333e-11
8517,6.666666666666667e-11
8518,0.0
8519,3.3333333333333335e-11
8520,0.0
