case_id,cycle_time_minutes
0,4.666666666666666e-10
1,7.166666666666667e-10
2,4e-10
3,9e-10
4,5.666666666666667e-10
5,7.666666666666667e-10
6,5.833333333333334e-10
7,1.15e-09
8,7.833333333333333e-10
9,8.833333333333333e-10
10,1.5e-09
11,6.333333333333334e-10
12,1.3499999999999999e-09
13,1.3499999999999999e-09
14,7.833333333333333e-10
15,5.333333333333334e-10
16,5.666666666666667e-10
17,8.166666666666667e-10
18,7e-10
19,5.333333333333334e-10
20,6.166666666666667e-10
21,7.5e-10
22,9e-10
23,1.3166666666666667e-09
24,9.333333333333332e-10
25,5.833333333333334e-10
26,6.666666666666666e-10
27,7e-10
28,1.2333333333333334e-09
29,1.0166666666666667e-09
30,9.666666666666666e-10
31,1.2166666666666668e-09
32,9.5e-10
33,5.833333333333334e-10
34,2.4999999999999996e-10
35,7.666666666666667e-10
36,5.666666666666667e-10
37,5.5e-10
38,4.833333333333333e-10
39,5.166666666666666e-10
40,6.666666666666666e-10
41,3.8333333333333335e-10
42,3.5e-10
43,5.166666666666666e-10
44,1.8333333333333332e-10
45,4.999999999999999e-10
46,9.833333333333332e-10
47,4.666666666666666e-10
48,4e-10
49,1.0833333333333333e-09
50,1.8333333333333332e-10
51,3.333333333333333e-10
52,6.333333333333334e-10
53,8.5e-10
54,8e-10
55,5.833333333333334e-10
56,8.333333333333332e-10
57,9.999999999999999e-10
58,5.5e-10
59,1.1833333333333334e-09
60,1.1e-09
61,6.166666666666667e-10
62,2.05e-09
63,9e-10
64,6.666666666666666e-10
65,9.333333333333332e-10
66,6e-10
67,5.5e-10
68,8.5e-10
69,8e-10
70,8.5e-10
71,9e-10
72,5.5e-10
73,4.999999999999999e-10
74,1.55e-09
75,5.833333333333334e-10
76,6.333333333333334e-10
77,1.8666666666666664e-09
78,2.05e-09
79,7.333333333333333e-10
80,1.4166666666666665e-09
81,7.5e-10
82,1.3499999999999999e-09
83,1.2333333333333334e-09
84,2e-10
85,1.9833333333333333e-09
86,1.2e-09
87,1.7666666666666666e-09
88,4e-10
89,1.6e-09
90,9.166666666666667e-10
91,1.9166666666666665e-09
92,9.999999999999999e-10
93,7.333333333333333e-10
94,1.15e-09
95,1.2833333333333335e-09
96,1.8833333333333332e-09
97,2.016666666666667e-09
98,7e-10
99,1.9166666666666665e-09
100,7.5e-10
101,2.5333333333333337e-09
102,1.6e-09
103,8.833333333333333e-10
104,1.3166666666666667e-09
105,2.4166666666666664e-09
106,6.333333333333334e-10
107,6.666666666666666e-10
108,1.3166666666666667e-09
109,1.4166666666666665e-09
110,1.2666666666666668e-09
111,1.7166666666666665e-09
112,1.0166666666666667e-09
113,1.7e-09
114,1.4666666666666666e-09
115,1.45e-09
116,1.5333333333333334e-09
117,1.5333333333333334e-09
118,1.0166666666666667e-09
119,1.7833333333333334e-09
120,1.5666666666666666e-09
121,1.65e-09
122,1.2e-09
123,8.833333333333333e-10
124,1.3499999999999999e-09
125,1.2999999999999999e-09
126,1.3666666666666667e-09
127,1.5666666666666666e-09
128,9.5e-10
129,1.1833333333333334e-09
130,1.4e-09
131,1.3333333333333333e-09
132,1.1333333333333333e-09
133,9.333333333333332e-10
134,1.25e-09
135,4.666666666666666e-10
136,1.45e-09
137,1.7833333333333334e-09
138,8.833333333333333e-10
139,1.4e-09
140,6e-10
141,7.166666666666667e-10
142,1.45e-09
143,1.25e-09
144,1.5666666666666666e-09
145,1.5833333333333334e-09
146,8.166666666666667e-10
147,1.2833333333333335e-09
148,9.666666666666666e-10
149,1.6166666666666667e-09
150,9.833333333333332e-10
151,1.3833333333333333e-09
152,1.0499999999999999e-09
153,1.5e-09
154,1.4833333333333334e-09
155,1.2999999999999999e-09
156,9.5e-10
157,1.2e-09
158,1.1833333333333334e-09
159,9e-10
160,1.0499999999999999e-09
161,7.833333333333333e-10
162,8.333333333333332e-10
163,1.1e-09
164,1.4333333333333333e-09
165,8.833333333333333e-10
166,8.166666666666667e-10
167,9.166666666666667e-10
168,1.4e-09
169,7.166666666666667e-10
170,5.166666666666666e-10
171,9.166666666666667e-10
172,1.4e-09
173,1.0166666666666667e-09
174,5.666666666666667e-10
175,7e-10
176,4.3333333333333334e-10
177,9.999999999999999e-10
178,8.833333333333333e-10
179,6e-10
180,2.566666666666667e-09
181,9.999999999999999e-10
182,1.2e-09
183,1.6e-09
184,8.166666666666667e-10
185,7e-10
186,1.7333333333333333e-09
187,2.1833333333333334e-09
188,1.5666666666666666e-09
189,1.2e-09
190,1.2e-09
191,1.1666666666666668e-09
192,1.0666666666666667e-09
193,1.4333333333333333e-09
194,4.666666666666666e-10
195,1.5333333333333334e-09
196,7.666666666666667e-10
197,8.166666666666667e-10
198,8.5e-10
199,8.833333333333333e-10
200,2.333333333333333e-10
201,8.833333333333333e-10
202,1.6333333333333335e-09
203,2.7833333333333334e-09
204,1.3333333333333333e-09
205,1.7333333333333333e-09
206,2.0999999999999998e-09
207,1.4e-09
208,8.166666666666667e-10
209,2.9166666666666667e-09
210,9.999999999999999e-10
211,9.999999999999999e-10
212,2.5333333333333337e-09
213,1.3333333333333333e-09
214,1.0833333333333333e-09
215,1.1833333333333334e-09
216,1.2166666666666668e-09
217,1.0666666666666667e-09
218,2.6833333333333334e-09
219,2.4333333333333336e-09
220,1.4166666666666665e-09
221,2.466666666666667e-09
222,1.6e-09
223,9.5e-10
224,2.25e-09
225,2.0999999999999998e-09
226,1.1e-09
227,9.5e-10
228,2.5333333333333337e-09
229,1.8166666666666666e-09
230,2.2666666666666667e-09
231,2.2333333333333335e-09
232,1.85e-09
233,2.0999999999999998e-09
234,9.166666666666667e-10
235,8.166666666666667e-10
236,8.833333333333333e-10
237,6.166666666666667e-10
238,1.5833333333333334e-09
239,2.216666666666667e-09
240,7e-10
241,2.4e-09
242,6.499999999999999e-10
243,3.5e-10
244,9.999999999999999e-10
245,2.283333333333333e-09
246,1.7166666666666665e-09
247,9.833333333333332e-10
248,5.833333333333334e-10
249,1.9833333333333333e-09
250,2.0666666666666666e-09
251,1.2e-09
252,2.1333333333333334e-09
253,1.1166666666666667e-09
254,1.0166666666666667e-09
255,1.9666666666666665e-09
256,6.333333333333334e-10
257,1.9666666666666665e-09
258,1.8e-09
259,1.9e-09
260,5.666666666666667e-10
261,9e-10
262,3.6666666666666664e-10
263,8.333333333333332e-10
264,1.8833333333333332e-09
265,1.8166666666666666e-09
266,1.8833333333333332e-09
267,1.4333333333333333e-09
268,1.1e-09
269,1.3666666666666667e-09
270,1.7833333333333334e-09
271,1.3499999999999999e-09
272,1.4333333333333333e-09
273,1.2666666666666668e-09
274,1.2666666666666668e-09
275,1.3833333333333333e-09
276,9e-10
277,1.1833333333333334e-09
278,1.15e-09
279,1.25e-09
280,6.666666666666666e-10
281,6.666666666666666e-10
282,8.333333333333332e-10
283,6e-10
284,8.5e-10
285,4.666666666666666e-10
286,6.166666666666667e-10
287,7.333333333333333e-10
288,8.833333333333333e-10
289,8.333333333333332e-10
290,7.666666666666667e-10
291,1.25e-09
292,5.166666666666666e-10
293,1.0333333333333333e-09
294,1.3499999999999999e-09
295,1.2333333333333334e-09
296,7e-10
297,1.2e-09
298,9.166666666666667e-10
299,6e-10
300,4.999999999999999e-10
301,4.5e-10
302,8.166666666666667e-10
303,8.666666666666667e-10
304,7.5e-10
305,7.166666666666667e-10
306,7.833333333333333e-10
307,1.0499999999999999e-09
308,7.666666666666667e-10
309,6.833333333333334e-10
310,1.2e-09
311,8.333333333333332e-10
312,7.833333333333333e-10
313,9.666666666666666e-10
314,1.3499999999999999e-09
315,1.3666666666666667e-09
316,7.5e-10
317,9.333333333333332e-10
318,1.4166666666666665e-09
319,5.5e-10
320,9.833333333333332e-10
321,1.0666666666666667e-09
322,1.45e-09
323,9e-10
324,1.1e-09
325,8e-10
326,1.2166666666666668e-09
327,1.1833333333333334e-09
328,1.0833333333333333e-09
329,9.833333333333332e-10
330,1.1333333333333333e-09
331,9.666666666666666e-10
332,1.5333333333333334e-09
333,1.25e-09
334,8.833333333333333e-10
335,1.5666666666666666e-09
336,9.166666666666667e-10
337,6.333333333333334e-10
338,1.1166666666666667e-09
339,5.333333333333334e-10
340,7.666666666666667e-10
341,1.3499999999999999e-09
342,6.833333333333334e-10
343,5.5e-10
344,6.166666666666667e-10
345,1.6166666666666667e-09
346,1.7166666666666665e-09
347,6.499999999999999e-10
348,1.75e-09
349,6e-10
350,1.2833333333333335e-09
351,1.1166666666666667e-09
352,2.1333333333333334e-09
353,3.8333333333333335e-10
354,1.7e-09
355,1.4166666666666665e-09
356,3e-10
357,9.999999999999999e-10
358,1.15e-09
359,2.25e-09
360,1.2166666666666668e-09
361,2.4833333333333332e-09
362,1.75e-09
363,1.9666666666666665e-09
364,5.666666666666667e-10
365,1.4833333333333334e-09
366,4.999999999999999e-10
367,2.0833333333333334e-09
368,2.05e-09
369,1.4833333333333334e-09
370,4.166666666666666e-10
371,1.4833333333333334e-09
372,1.7833333333333334e-09
373,1.4166666666666665e-09
374,6.499999999999999e-10
375,1.5666666666666666e-09
376,1.4e-09
377,1.5e-09
378,7.666666666666667e-10
379,1.2166666666666668e-09
380,1.4e-09
381,1.6666666666666665e-09
382,1.4833333333333334e-09
383,1.4e-09
384,7.333333333333333e-10
385,1.4166666666666665e-09
386,9.833333333333332e-10
387,1.2e-09
388,1.2999999999999999e-09
389,6.666666666666666e-10
390,6.499999999999999e-10
391,9.5e-10
392,1.0833333333333333e-09
393,1.1e-09
394,1.0166666666666667e-09
395,6.833333333333334e-10
396,8.666666666666667e-10
397,3e-10
398,1.25e-09
399,6.333333333333334e-10
400,9.666666666666666e-10
401,6.499999999999999e-10
402,9.5e-10
403,6.833333333333334e-10
404,1.15e-09
405,7.333333333333333e-10
406,7.333333333333333e-10
407,1.0166666666666667e-09
408,1.4833333333333334e-09
409,9.333333333333332e-10
410,1.1333333333333333e-09
411,1.1e-09
412,1.5e-09
413,1.15e-09
414,1.0833333333333333e-09
415,8.333333333333332e-10
416,1.0333333333333333e-09
417,6.833333333333334e-10
418,9.333333333333332e-10
419,9.166666666666667e-10
420,9.333333333333332e-10
421,8e-10
422,7.166666666666667e-10
423,1.0166666666666667e-09
424,1.0166666666666667e-09
425,9.333333333333332e-10
426,5.333333333333334e-10
427,8.833333333333333e-10
428,6.166666666666667e-10
429,1.2666666666666668e-09
430,1.6666666666666665e-09
431,9.666666666666666e-10
432,2.1333333333333334e-09
433,5.166666666666666e-10
434,6.666666666666666e-10
435,6.833333333333334e-10
436,1.5166666666666666e-09
437,1.7833333333333334e-09
438,1.2833333333333335e-09
439,1.1166666666666667e-09
440,6.666666666666666e-10
441,1.2e-09
442,1.9666666666666665e-09
443,1.3833333333333333e-09
444,2.45e-09
445,1.9333333333333333e-09
446,1.1666666666666668e-09
447,9.166666666666667e-10
448,1.7166666666666665e-09
449,1.4666666666666666e-09
450,9.999999999999999e-10
451,1.7e-09
452,1.7e-09
453,8.833333333333333e-10
454,1.9666666666666665e-09
455,2.0833333333333334e-09
456,1.5833333333333334e-09
457,2.116666666666667e-09
458,2.4e-09
459,1.2833333333333335e-09
460,8.333333333333332e-10
461,1.8333333333333334e-09
462,1.1333333333333333e-09
463,1.9833333333333333e-09
464,1.7666666666666666e-09
465,1.9e-09
466,8.666666666666667e-10
467,1.2333333333333334e-09
468,1.1166666666666667e-09
469,2.05e-09
470,1.0833333333333333e-09
471,1.5e-09
472,1.9e-09
473,1.3333333333333333e-09
474,1.4833333333333334e-09
475,1.5833333333333334e-09
476,9.666666666666666e-10
477,1.3499999999999999e-09
478,1.9e-09
479,9.999999999999999e-10
480,1.3499999999999999e-09
481,1.4e-09
482,1.2166666666666668e-09
483,1.2833333333333335e-09
484,1.0166666666666667e-09
485,1.5e-09
486,1.55e-09
487,1.3333333333333333e-09
488,1.45e-09
489,1.15e-09
490,1.25e-09
491,9e-10
492,7.166666666666667e-10
493,1.1166666666666667e-09
494,7.666666666666667e-10
495,7.333333333333333e-10
496,6.666666666666666e-10
497,7.166666666666667e-10
498,1.3166666666666667e-09
499,1.2166666666666668e-09
500,6.333333333333334e-10
501,5.5e-10
502,3.333333333333333e-10
503,4.166666666666666e-10
504,4.666666666666666e-10
505,6e-10
506,8.666666666666667e-10
507,2.8333333333333334e-10
508,3.8333333333333335e-10
509,6.499999999999999e-10
510,7e-10
511,4.3333333333333334e-10
512,4.3333333333333334e-10
513,3.6666666666666664e-10
514,1.0333333333333333e-09
515,6.499999999999999e-10
516,7.666666666666667e-10
517,6.666666666666666e-10
518,2.4999999999999996e-10
519,3e-10
520,9e-10
521,2e-10
522,9.999999999999999e-10
523,6.499999999999999e-10
524,9.166666666666667e-10
525,6.333333333333334e-10
526,5.5e-10
527,4.166666666666666e-10
528,7.666666666666667e-10
529,6.333333333333334e-10
530,9.166666666666667e-10
531,7.833333333333333e-10
532,1.2333333333333334e-09
533,3.166666666666667e-10
534,5.666666666666667e-10
535,5.666666666666667e-10
536,5.5e-10
537,9.166666666666667e-10
538,6.166666666666667e-10
539,3.8333333333333335e-10
540,8e-10
541,8.333333333333332e-10
542,1.2166666666666668e-09
543,7.833333333333333e-10
544,7e-10
545,1.75e-09
546,5.333333333333334e-10
547,6e-10
548,6.166666666666667e-10
549,5.333333333333334e-10
550,9.5e-10
551,3.333333333333333e-10
552,4.833333333333333e-10
553,8e-10
554,8.5e-10
555,1.25e-09
556,1.1e-09
557,8e-10
558,1.1833333333333334e-09
559,1.2833333333333335e-09
560,5.833333333333334e-10
561,8.5e-10
562,1.2666666666666668e-09
563,7.666666666666667e-10
564,8e-10
565,1.0499999999999999e-09
566,6.833333333333334e-10
567,1.0499999999999999e-09
568,1.0333333333333333e-09
569,1.4333333333333333e-09
570,1.2833333333333335e-09
571,1.5666666666666666e-09
572,1.1e-09
573,1.5e-09
574,1.2666666666666668e-09
575,8.333333333333332e-10
576,1.2e-09
577,1.2333333333333334e-09
578,6e-10
579,2.0999999999999998e-09
580,1.0666666666666667e-09
581,9.999999999999999e-10
582,8.833333333333333e-10
583,1.5e-09
584,1.0666666666666667e-09
585,8.166666666666667e-10
586,1.0666666666666667e-09
587,1.1333333333333333e-09
588,1.0833333333333333e-09
589,1.1833333333333334e-09
590,1.3499999999999999e-09
591,1.0333333333333333e-09
592,8.833333333333333e-10
593,1.2666666666666668e-09
594,1.3666666666666667e-09
595,1.25e-09
596,1.0333333333333333e-09
597,1.2166666666666668e-09
598,1.2666666666666668e-09
599,1.2166666666666668e-09
600,1.0666666666666667e-09
601,8.666666666666667e-10
602,1.0333333333333333e-09
603,6.833333333333334e-10
604,7.5e-10
605,9.166666666666667e-10
606,6.833333333333334e-10
607,6.499999999999999e-10
608,5.5e-10
609,8e-10
610,8e-10
611,7e-10
612,5.833333333333334e-10
613,3.6666666666666664e-10
614,7.333333333333333e-10
615,7.333333333333333e-10
616,5.5e-10
617,2.333333333333333e-10
618,6.166666666666667e-10
619,6.666666666666666e-10
620,6.333333333333334e-10
621,1.0666666666666667e-09
622,2.1666666666666667e-10
623,9.666666666666666e-10
624,1.8333333333333332e-10
625,8.833333333333333e-10
626,3.6666666666666664e-10
627,8.333333333333332e-10
628,3.5e-10
629,1.0499999999999999e-09
630,1.0166666666666667e-09
631,8e-10
632,4.3333333333333334e-10
633,5.666666666666667e-10
634,1.1e-09
635,8.833333333333333e-10
636,7.666666666666667e-10
637,8.333333333333332e-10
638,3.166666666666667e-10
639,1.0333333333333333e-09
640,1.0333333333333333e-09
641,1.0499999999999999e-09
642,8.333333333333332e-10
643,1.0833333333333333e-09
644,2.4999999999999996e-10
645,9.5e-10
646,5.5e-10
647,1.1333333333333333e-09
648,9.166666666666667e-10
649,3.8333333333333335e-10
650,7.333333333333333e-10
651,9.333333333333332e-10
652,7e-10
653,5.333333333333334e-10
654,5.833333333333334e-10
655,8e-10
656,1.1833333333333334e-09
657,9.333333333333332e-10
658,8.666666666666667e-10
659,5.166666666666666e-10
660,6.166666666666667e-10
661,7.833333333333333e-10
662,7.166666666666667e-10
663,6.499999999999999e-10
664,1.0499999999999999e-09
665,4.3333333333333334e-10
666,1.5666666666666666e-09
667,4.3333333333333334e-10
668,5.333333333333334e-10
669,4e-10
670,3.5e-10
671,9.666666666666666e-10
672,4e-10
673,1.0166666666666667e-09
674,9.166666666666667e-10
675,6.666666666666666e-10
676,1.15e-09
677,1.0166666666666667e-09
678,1.2999999999999999e-09
679,6.666666666666666e-10
680,7e-10
681,1.5833333333333334e-09
682,1.15e-09
683,1.15e-09
684,6.833333333333334e-10
685,1.1333333333333333e-09
686,1.3166666666666667e-09
687,8.166666666666667e-10
688,7.833333333333333e-10
689,7.666666666666667e-10
690,8.833333333333333e-10
691,1.1e-09
692,8e-10
693,5.333333333333334e-10
694,7.833333333333333e-10
695,8e-10
696,7.5e-10
697,8.666666666666667e-10
698,6.499999999999999e-10
699,6.833333333333334e-10
700,7e-10
701,1.5333333333333334e-09
702,7.666666666666667e-10
703,1.9666666666666665e-09
704,1.55e-09
705,6.833333333333334e-10
706,2.666666666666667e-10
707,1.3666666666666667e-09
708,9.166666666666667e-10
709,7.833333333333333e-10
710,1.1666666666666668e-09
711,1.1333333333333333e-09
712,6.833333333333334e-10
713,1.2999999999999999e-09
714,6.333333333333334e-10
715,1.0166666666666667e-09
716,1.15e-09
717,1.2166666666666668e-09
718,2.1666666666666666e-09
719,1.9833333333333333e-09
720,1.1e-09
721,1.7166666666666665e-09
722,1.2833333333333335e-09
723,1.0333333333333333e-09
724,1.7166666666666665e-09
725,1.9e-09
726,1.8e-09
727,1.9e-09
728,6.666666666666666e-10
729,1.1e-09
730,3.8333333333333335e-10
731,1.6833333333333333e-09
732,1.0166666666666667e-09
733,2.0666666666666666e-09
734,4.833333333333333e-10
735,1.4833333333333334e-09
736,1.3833333333333333e-09
737,7.166666666666667e-10
738,1.4666666666666666e-09
739,1.6666666666666665e-09
740,7.333333333333333e-10
741,1.3333333333333333e-09
742,1.4333333333333333e-09
743,1.85e-09
744,1.5666666666666666e-09
745,1.1666666666666668e-09
746,1.1666666666666668e-09
747,1.2166666666666668e-09
748,1.3833333333333333e-09
749,1.2e-09
750,1.2333333333333334e-09
751,1.4833333333333334e-09
752,1.3666666666666667e-09
753,1.5166666666666666e-09
754,1.3666666666666667e-09
755,1.4666666666666666e-09
756,1.1666666666666668e-09
757,1.7333333333333333e-09
758,1.1e-09
759,1.15e-09
760,1.4833333333333334e-09
761,8.166666666666667e-10
762,7e-10
763,8e-10
764,8.666666666666667e-10
765,9.666666666666666e-10
766,7.5e-10
767,5.333333333333334e-10
768,1.0833333333333333e-09
769,7.166666666666667e-10
770,6.833333333333334e-10
771,4.666666666666666e-10
772,5.833333333333334e-10
773,7e-10
774,7.666666666666667e-10
775,1.3166666666666667e-09
776,1.45e-09
777,1.2333333333333334e-09
778,1.8833333333333332e-09
779,1.6333333333333335e-09
780,1.2333333333333334e-09
781,5.333333333333334e-10
782,6.333333333333334e-10
783,4.833333333333333e-10
784,5.5e-10
785,5.833333333333334e-10
786,1.2e-09
787,1.1166666666666667e-09
788,9.166666666666667e-10
789,8.5e-10
790,4e-10
791,5.166666666666666e-10
792,7e-10
793,7.5e-10
794,1.5e-09
795,6.666666666666666e-10
796,4.3333333333333334e-10
797,5.166666666666666e-10
798,8.833333333333333e-10
799,1.4166666666666665e-09
800,9.5e-10
801,3.25e-09
802,1.3833333333333333e-09
803,5.666666666666667e-10
804,9.166666666666667e-10
805,1.7e-09
806,2.1833333333333334e-09
807,6.166666666666667e-10
808,1.3666666666666667e-09
809,6e-10
810,8.666666666666667e-10
811,1.8666666666666664e-09
812,7.833333333333333e-10
813,8.166666666666667e-10
814,2.933333333333333e-09
815,1.2166666666666668e-09
816,9.999999999999999e-10
817,1.2333333333333334e-09
818,1.7833333333333334e-09
819,1.0333333333333333e-09
820,1.7666666666666666e-09
821,9.5e-10
822,1.5e-09
823,9.666666666666666e-10
824,9.666666666666666e-10
825,1.15e-09
826,4.666666666666666e-10
827,9.833333333333332e-10
828,2.25e-09
829,8e-10
830,5.5e-10
831,1.95e-09
832,6.666666666666666e-10
833,9.666666666666666e-10
834,9.333333333333332e-10
835,5.5e-10
836,1.15e-09
837,1.1166666666666667e-09
838,1.6333333333333335e-09
839,7.833333333333333e-10
840,7.166666666666667e-10
841,6.833333333333334e-10
842,3.333333333333333e-10
843,1.5666666666666666e-09
844,1.0166666666666667e-09
845,1.2833333333333335e-09
846,1.8166666666666666e-09
847,6e-10
848,5.333333333333334e-10
849,1.7333333333333333e-09
850,4.833333333333333e-10
851,1.7833333333333334e-09
852,1.85e-09
853,2.0999999999999998e-09
854,4e-10
855,1.2166666666666668e-09
856,2.0333333333333333e-09
857,1.2833333333333335e-09
858,1.9666666666666665e-09
859,1.9833333333333333e-09
860,9.5e-10
861,1.0499999999999999e-09
862,1.6166666666666667e-09
863,1.1833333333333334e-09
864,1.2e-09
865,9.5e-10
866,9e-10
867,1.55e-09
868,1.1833333333333334e-09
869,1.5833333333333334e-09
870,8.666666666666667e-10
871,1.2666666666666668e-09
872,1.2333333333333334e-09
873,9.333333333333332e-10
874,6.666666666666666e-10
875,1.1e-09
876,9.833333333333332e-10
877,6e-10
878,1.0499999999999999e-09
879,6.499999999999999e-10
880,8e-10
881,9.5e-10
882,4.666666666666666e-10
883,4.666666666666666e-10
884,8.5e-10
885,4.999999999999999e-10
886,8.333333333333332e-10
887,8.666666666666667e-10
888,1.25e-09
889,7.833333333333333e-10
890,7.5e-10
891,6e-10
892,8e-10
893,1.1833333333333334e-09
894,7.666666666666667e-10
895,8.5e-10
896,7.166666666666667e-10
897,4.833333333333333e-10
898,1.1166666666666667e-09
899,2.666666666666667e-10
900,7.333333333333333e-10
901,2.1666666666666667e-10
902,6e-10
903,6.499999999999999e-10
904,5.666666666666667e-10
905,6.166666666666667e-10
906,6.666666666666666e-10
907,3.6666666666666664e-10
908,6.833333333333334e-10
909,5.333333333333334e-10
910,8.333333333333332e-10
911,4.833333333333333e-10
912,5.166666666666666e-10
913,7.333333333333333e-10
914,1.2e-09
915,8.833333333333333e-10
916,7.666666666666667e-10
917,8.833333333333333e-10
918,1.0499999999999999e-09
919,8e-10
920,9.833333333333332e-10
921,4.999999999999999e-10
922,9.5e-10
923,1.15e-09
924,6e-10
925,6.833333333333334e-10
926,6.499999999999999e-10
927,8.333333333333332e-10
928,7.5e-10
929,9.666666666666666e-10
930,7.333333333333333e-10
931,6e-10
932,5.833333333333334e-10
933,2.8333333333333334e-10
934,6.499999999999999e-10
935,6.666666666666666e-10
936,1.15e-09
937,6.499999999999999e-10
938,7e-10
939,2.4999999999999996e-10
940,5.333333333333334e-10
941,3e-10
942,5.666666666666667e-10
943,8.333333333333332e-10
944,7.333333333333333e-10
945,5.666666666666667e-10
946,7.333333333333333e-10
947,1.2999999999999999e-09
948,8.833333333333333e-10
949,4.666666666666666e-10
950,4.833333333333333e-10
951,6.166666666666667e-10
952,1.1833333333333334e-09
953,8e-10
954,1.2666666666666668e-09
955,9.333333333333332e-10
956,9.666666666666666e-10
957,1.2166666666666668e-09
958,1.0166666666666667e-09
959,1.4e-09
960,4.666666666666666e-10
961,8.166666666666667e-10
962,5.833333333333334e-10
963,9.833333333333332e-10
964,7.833333333333333e-10
965,1.9e-09
966,7.833333333333333e-10
967,8.166666666666667e-10
968,8.166666666666667e-10
969,7.333333333333333e-10
970,1.4e-09
971,6.333333333333334e-10
972,6e-10
973,1.1166666666666667e-09
974,7.833333333333333e-10
975,9.5e-10
976,5.666666666666667e-10
977,1.2833333333333335e-09
978,9.333333333333332e-10
979,1.1666666666666668e-09
980,1.5166666666666666e-09
981,1.0833333333333333e-09
982,7.166666666666667e-10
983,6.166666666666667e-10
984,3.8333333333333335e-10
985,6.833333333333334e-10
986,8.666666666666667e-10
987,8.166666666666667e-10
988,5.833333333333334e-10
989,4.5e-10
990,1.1166666666666667e-09
991,1.4666666666666666e-09
992,1.3666666666666667e-09
993,9.999999999999999e-10
994,1.0833333333333333e-09
995,9.5e-10
996,1.7166666666666665e-09
997,1.3333333333333333e-09
998,1.3166666666666667e-09
999,9.999999999999999e-10
1000,2.216666666666667e-09
1001,1.2e-09
1002,1.65e-09
1003,1.4333333333333333e-09
1004,1.3833333333333333e-09
1005,1.7666666666666666e-09
1006,1.7166666666666665e-09
1007,1.3166666666666667e-09
1008,2.016666666666667e-09
1009,1.9666666666666665e-09
1010,1.5e-09
1011,1.1333333333333333e-09
1012,7e-10
1013,1.8666666666666664e-09
1014,1.7833333333333334e-09
1015,8.333333333333332e-10
1016,1.6e-09
1017,1.2833333333333335e-09
1018,1.7666666666666666e-09
1019,4.666666666666666e-10
1020,1.0833333333333333e-09
1021,5.666666666666667e-10
1022,5.333333333333334e-10
1023,2.1333333333333334e-09
1024,4.3333333333333334e-10
1025,6.333333333333334e-10
1026,8.5e-10
1027,1.3666666666666667e-09
1028,1.1833333333333334e-09
1029,1.3333333333333333e-09
1030,6.666666666666666e-10
1031,3.8333333333333335e-10
1032,8.333333333333332e-10
1033,1.3166666666666667e-09
1034,2.5833333333333333e-09
1035,1.6166666666666667e-09
1036,5.833333333333334e-10
1037,1.2999999999999999e-09
1038,1.7166666666666665e-09
1039,1.3833333333333333e-09
1040,1.1333333333333333e-09
1041,2.666666666666667e-10
1042,9.666666666666666e-10
1043,2.1666666666666666e-09
1044,1.3166666666666667e-09
1045,5.333333333333334e-10
1046,1.3499999999999999e-09
1047,8.666666666666667e-10
1048,9.666666666666666e-10
1049,1.1166666666666667e-09
1050,1.4e-09
1051,1.0166666666666667e-09
1052,1.6166666666666667e-09
1053,1.7666666666666666e-09
1054,2.216666666666667e-09
1055,9.999999999999999e-10
1056,9.833333333333332e-10
1057,1.1e-09
1058,9.333333333333332e-10
1059,1.6666666666666665e-09
1060,1.4666666666666666e-09
1061,1.8166666666666666e-09
1062,9e-10
1063,1.9166666666666665e-09
1064,1.2833333333333335e-09
1065,1.3333333333333333e-09
1066,1.5666666666666666e-09
1067,1.3666666666666667e-09
1068,1.4333333333333333e-09
1069,1.0166666666666667e-09
1070,1.4166666666666665e-09
1071,1.85e-09
1072,1.2333333333333334e-09
1073,1.0666666666666667e-09
1074,1.5833333333333334e-09
1075,9.5e-10
1076,8.333333333333332e-10
1077,9.833333333333332e-10
1078,8e-10
1079,1.0833333333333333e-09
1080,1.2666666666666668e-09
1081,1.0333333333333333e-09
1082,1.1166666666666667e-09
1083,9.833333333333332e-10
1084,9.166666666666667e-10
1085,8.166666666666667e-10
1086,6.166666666666667e-10
1087,7.666666666666667e-10
1088,9.833333333333332e-10
1089,7.333333333333333e-10
1090,6.499999999999999e-10
1091,7.333333333333333e-10
1092,8.166666666666667e-10
1093,8.5e-10
1094,1.6666666666666665e-09
1095,5.666666666666667e-10
1096,1.8333333333333334e-09
1097,6e-10
1098,1.9166666666666665e-09
1099,5.833333333333334e-10
1100,9.999999999999999e-10
1101,7.166666666666667e-10
1102,2.1500000000000002e-09
1103,8.666666666666667e-10
1104,1.8333333333333334e-09
1105,1.4333333333333333e-09
1106,1.4e-09
1107,2.383333333333333e-09
1108,9.666666666666666e-10
1109,9.333333333333332e-10
1110,8.833333333333333e-10
1111,8.5e-10
1112,1.4333333333333333e-09
1113,1.9999999999999997e-09
1114,1.2666666666666668e-09
1115,3.1e-09
1116,2.466666666666667e-09
1117,3.05e-09
1118,6e-10
1119,2.4166666666666664e-09
1120,3.333333333333333e-10
1121,1.9833333333333333e-09
1122,2.1833333333333334e-09
1123,2.216666666666667e-09
1124,2.0333333333333333e-09
1125,1.9166666666666665e-09
1126,4.833333333333333e-10
1127,9.666666666666666e-10
1128,7.166666666666667e-10
1129,7.833333333333333e-10
1130,2.566666666666667e-09
1131,4.3333333333333334e-10
1132,2.116666666666667e-09
1133,1.8333333333333334e-09
1134,1.2333333333333334e-09
1135,7.333333333333333e-10
1136,7.833333333333333e-10
1137,7.166666666666667e-10
1138,5.5e-10
1139,2.0999999999999998e-09
1140,1.0166666666666667e-09
1141,2.8e-09
1142,8.5e-10
1143,2.5166666666666665e-09
1144,3.4666666666666667e-09
1145,3.7666666666666665e-09
1146,1.8333333333333334e-09
1147,1.6833333333333333e-09
1148,9.333333333333332e-10
1149,2.4833333333333332e-09
1150,1.1333333333333333e-09
1151,2.2666666666666667e-09
1152,2.0833333333333334e-09
1153,1.65e-09
1154,2.3e-09
1155,2.45e-09
1156,1.4666666666666666e-09
1157,3e-09
1158,2.283333333333333e-09
1159,2.0666666666666666e-09
1160,1.2666666666666668e-09
1161,2.65e-09
1162,1.65e-09
1163,1.0333333333333333e-09
1164,2.9166666666666667e-09
1165,1.4e-09
1166,3.5833333333333336e-09
1167,3.2166666666666665e-09
1168,9.833333333333332e-10
1169,2.5999999999999997e-09
1170,2.4166666666666664e-09
1171,1.15e-09
1172,2.2e-09
1173,2.1666666666666666e-09
1174,3.7e-09
1175,1.55e-09
1176,1.9666666666666665e-09
1177,2.9500000000000004e-09
1178,3.433333333333333e-09
1179,1.2166666666666668e-09
1180,2.7333333333333334e-09
1181,2.983333333333333e-09
1182,2.5166666666666665e-09
1183,1.4e-09
1184,2.25e-09
1185,2.3333333333333335e-09
1186,1.45e-09
1187,1.3666666666666667e-09
1188,2.1500000000000002e-09
1189,2.2333333333333335e-09
1190,1.6833333333333333e-09
1191,2.6833333333333334e-09
1192,1.3833333333333333e-09
1193,1.5666666666666666e-09
1194,2.383333333333333e-09
1195,2.0833333333333334e-09
1196,3.5e-09
1197,2.4e-09
1198,1.8e-09
1199,2.833333333333333e-09
1200,1.3666666666666667e-09
1201,1.1166666666666667e-09
1202,1.75e-09
1203,2.9666666666666668e-09
1204,4.166666666666667e-09
1205,1.8166666666666666e-09
1206,1.4666666666666666e-09
1207,2.3666666666666668e-09
1208,3.0833333333333332e-09
1209,2.016666666666667e-09
1210,1.4e-09
1211,3.9e-09
1212,1.3499999999999999e-09
1213,2.9e-09
1214,1.6e-09
1215,1.8333333333333334e-09
1216,1.9333333333333333e-09
1217,1.6166666666666667e-09
1218,1.6333333333333335e-09
1219,2.3e-09
1220,2.9166666666666667e-09
1221,1.5166666666666666e-09
1222,1.3833333333333333e-09
1223,2.1833333333333334e-09
1224,3.1166666666666665e-09
1225,2.833333333333333e-09
1226,2.6999999999999998e-09
1227,2.7666666666666666e-09
1228,2.2e-09
1229,1.1833333333333334e-09
1230,2.5833333333333333e-09
1231,1.7333333333333333e-09
1232,3.4166666666666667e-09
1233,2.5166666666666665e-09
1234,1.5333333333333334e-09
1235,1.55e-09
1236,2.45e-09
1237,1.4666666666666666e-09
1238,2.3666666666666668e-09
1239,2.1333333333333334e-09
1240,3.05e-09
1241,1.95e-09
1242,2.3166666666666663e-09
1243,1.75e-09
1244,2.8666666666666667e-09
1245,2.45e-09
1246,1.7e-09
1247,2.3333333333333335e-09
1248,2.2e-09
1249,2.933333333333333e-09
1250,2.2e-09
1251,1.4166666666666665e-09
1252,2.0999999999999998e-09
1253,1.4166666666666665e-09
1254,1.3833333333333333e-09
1255,2.35e-09
1256,2.016666666666667e-09
1257,1.1833333333333334e-09
1258,1.2666666666666668e-09
1259,2.45e-09
1260,1.1e-09
1261,2.1666666666666666e-09
1262,1.85e-09
1263,1.8833333333333332e-09
1264,1.3333333333333333e-09
1265,1.8833333333333332e-09
1266,1.3833333333333333e-09
1267,1.65e-09
1268,2.016666666666667e-09
1269,1.0499999999999999e-09
1270,2.05e-09
1271,2.4833333333333332e-09
1272,1.8833333333333332e-09
1273,1.1e-09
1274,2.0666666666666666e-09
1275,2.7833333333333334e-09
1276,1.5166666666666666e-09
1277,1.9833333333333333e-09
1278,1.8833333333333332e-09
1279,2.65e-09
1280,1.9666666666666665e-09
1281,2.9666666666666668e-09
1282,2.3666666666666668e-09
1283,1.1166666666666667e-09
1284,1.25e-09
1285,2.0333333333333333e-09
1286,2.466666666666667e-09
1287,1.5666666666666666e-09
1288,3.033333333333333e-09
1289,1.85e-09
1290,1.3666666666666667e-09
1291,1.4666666666666666e-09
1292,1.75e-09
1293,1.8833333333333332e-09
1294,2.8166666666666667e-09
1295,1.7166666666666665e-09
1296,1.1666666666666668e-09
1297,1.6833333333333333e-09
1298,2.7833333333333334e-09
1299,1.6333333333333335e-09
1300,2.25e-09
1301,3.0833333333333332e-09
1302,1.5833333333333334e-09
1303,1.9833333333333333e-09
1304,1.55e-09
1305,1.4333333333333333e-09
1306,3.816666666666667e-09
1307,1.1166666666666667e-09
1308,1.5833333333333334e-09
1309,1.8e-09
1310,1.4666666666666666e-09
1311,1.7e-09
1312,1.5833333333333334e-09
1313,1.0666666666666667e-09
1314,1.0833333333333333e-09
1315,2.2333333333333335e-09
1316,1.1e-09
1317,1.7833333333333334e-09
1318,2.116666666666667e-09
1319,2.283333333333333e-09
1320,1.8333333333333334e-09
1321,2.1666666666666666e-09
1322,1.6333333333333335e-09
1323,2.2e-09
1324,2.116666666666667e-09
1325,2.25e-09
1326,1.5166666666666666e-09
1327,1.7833333333333334e-09
1328,1.9166666666666665e-09
1329,2.0333333333333333e-09
1330,2.3e-09
1331,2.0333333333333333e-09
1332,1.9166666666666665e-09
1333,2.35e-09
1334,2.0999999999999998e-09
1335,1.9999999999999997e-09
1336,2.3166666666666663e-09
1337,2.5e-09
1338,2.3333333333333335e-09
1339,2.0333333333333333e-09
1340,2.55e-09
1341,1.85e-09
1342,2.4333333333333336e-09
1343,1.9666666666666665e-09
1344,2.0999999999999998e-09
1345,1.95e-09
1346,2.0999999999999998e-09
1347,2.0833333333333334e-09
1348,1.6833333333333333e-09
1349,1.6166666666666667e-09
1350,2.0999999999999998e-09
1351,1.9166666666666665e-09
1352,1.75e-09
1353,1.7333333333333333e-09
1354,1.5166666666666666e-09
1355,1.3833333333333333e-09
1356,2.2e-09
1357,2.2666666666666667e-09
1358,1.75e-09
1359,2.1333333333333334e-09
1360,1.5e-09
1361,1.5666666666666666e-09
1362,1.6333333333333335e-09
1363,2.1833333333333334e-09
1364,1.6e-09
1365,1.8166666666666666e-09
1366,2.0833333333333334e-09
1367,1.7833333333333334e-09
1368,2.283333333333333e-09
1369,1.4833333333333334e-09
1370,2.016666666666667e-09
1371,2.0333333333333333e-09
1372,1.95e-09
1373,1.7e-09
1374,2.0333333333333333e-09
1375,1.8166666666666666e-09
1376,1.8166666666666666e-09
1377,1.5833333333333334e-09
1378,1.9333333333333333e-09
1379,1.9666666666666665e-09
1380,1.9833333333333333e-09
1381,2.1500000000000002e-09
1382,2.2333333333333335e-09
1383,1.4666666666666666e-09
1384,1.9666666666666665e-09
1385,1.6833333333333333e-09
1386,1.85e-09
1387,1.9166666666666665e-09
1388,1.45e-09
1389,1.6e-09
1390,1.6166666666666667e-09
1391,1.65e-09
1392,1.95e-09
1393,1.75e-09
1394,1.6166666666666667e-09
1395,2.05e-09
1396,1.45e-09
1397,1.8333333333333334e-09
1398,2.35e-09
1399,2.6833333333333334e-09
1400,1.4833333333333334e-09
1401,2.3166666666666663e-09
1402,2.1500000000000002e-09
1403,1.85e-09
1404,2.3166666666666663e-09
1405,2.7166666666666666e-09
1406,2.566666666666667e-09
1407,1.55e-09
1408,1.8e-09
1409,2.0666666666666666e-09
1410,2.8e-09
1411,2.1333333333333334e-09
1412,1.7666666666666666e-09
1413,3.3500000000000002e-09
1414,3.816666666666667e-09
1415,2.0333333333333333e-09
1416,3.1833333333333333e-09
1417,3.5666666666666668e-09
1418,2.5e-09
1419,1.95e-09
1420,4.6e-09
1421,3.65e-09
1422,3.066666666666667e-09
1423,3.5e-09
1424,3.95e-09
1425,2.4333333333333336e-09
1426,2.0833333333333334e-09
1427,3.966666666666667e-09
1428,4.033333333333334e-09
1429,3.7666666666666665e-09
1430,4.333333333333333e-09
1431,4.633333333333333e-09
1432,2.25e-09
1433,3.4166666666666667e-09
1434,2.466666666666667e-09
1435,2.3333333333333335e-09
1436,2.8500000000000003e-09
1437,1.8e-09
1438,3.85e-09
1439,3.4e-09
1440,2.6166666666666665e-09
1441,3.816666666666667e-09
1442,2.6666666666666666e-09
1443,2.5999999999999997e-09
1444,2.9166666666666667e-09
1445,2.466666666666667e-09
1446,2.5333333333333337e-09
1447,3.8e-09
1448,3.45e-09
1449,3.3833333333333334e-09
1450,3.166666666666667e-09
1451,3.5666666666666668e-09
1452,2.933333333333333e-09
1453,3.3e-09
1454,3.75e-09
1455,3.8e-09
1456,3.633333333333333e-09
1457,3.916666666666667e-09
1458,2.8500000000000003e-09
1459,3.4833333333333335e-09
1460,3.0833333333333332e-09
1461,3.05e-09
1462,3.75e-09
1463,3.55e-09
1464,3.95e-09
1465,3.783333333333333e-09
1466,2.9500000000000004e-09
1467,3.8666666666666665e-09
1468,3.533333333333333e-09
1469,2.8666666666666667e-09
1470,3.6833333333333336e-09
1471,2.9666666666666668e-09
1472,2.7500000000000002e-09
1473,3.966666666666667e-09
1474,3.7166666666666664e-09
1475,4.55e-09
1476,3.3166666666666666e-09
1477,2.65e-09
1478,2.6999999999999998e-09
1479,4.483333333333333e-09
1480,3.3e-09
1481,3.2333333333333333e-09
1482,4.216666666666666e-09
1483,3.533333333333333e-09
1484,2.8500000000000003e-09
1485,4.05e-09
1486,3.9833333333333334e-09
1487,4.4e-09
1488,3.916666666666667e-09
1489,2.7500000000000002e-09
1490,3.783333333333333e-09
1491,4.233333333333334e-09
1492,4.05e-09
1493,3.6e-09
1494,3.666666666666667e-09
1495,2.6833333333333334e-09
1496,4.366666666666667e-09
1497,3.8666666666666665e-09
1498,3.9e-09
1499,4.5e-09
1500,6.633333333333333e-09
1501,4.933333333333334e-09
1502,2.55e-09
1503,4.783333333333334e-09
1504,2.8166666666666667e-09
1505,3.5166666666666667e-09
1506,2.65e-09
1507,4.583333333333334e-09
1508,2.383333333333333e-09
1509,3.7e-09
1510,3.4833333333333335e-09
1511,3.166666666666667e-09
1512,3.1e-09
1513,3.3833333333333334e-09
1514,4.4e-09
1515,3.3666666666666666e-09
1516,3.4666666666666667e-09
1517,2.9e-09
1518,3.4666666666666667e-09
1519,3.45e-09
1520,3.733333333333333e-09
1521,3.8666666666666665e-09
1522,3.9e-09
1523,3.333333333333333e-09
1524,3.783333333333333e-09
1525,3.916666666666667e-09
1526,2.9166666666666667e-09
1527,3.833333333333333e-09
1528,3.55e-09
1529,2.9e-09
1530,7.1333333333333335e-09
1531,3.15e-09
1532,4.85e-09
1533,2.65e-09
1534,2.7166666666666666e-09
1535,2.7666666666666666e-09
1536,3.05e-09
1537,3.3666666666666666e-09
1538,3.433333333333333e-09
1539,3.433333333333333e-09
1540,3.2166666666666665e-09
1541,2.6666666666666666e-09
1542,2.5166666666666665e-09
1543,3.25e-09
1544,2.6166666666666665e-09
1545,3.25e-09
1546,3.2833333333333334e-09
1547,3.966666666666667e-09
1548,3.966666666666667e-09
1549,3.066666666666667e-09
1550,2.4e-09
1551,2.8833333333333335e-09
1552,3.3666666666666666e-09
1553,3.033333333333333e-09
1554,3.966666666666667e-09
1555,3.5e-09
1556,3.916666666666667e-09
1557,3.833333333333333e-09
1558,2.7333333333333334e-09
1559,6.116666666666667e-09
1560,3e-09
1561,3.883333333333333e-09
1562,3.9e-09
1563,2.833333333333333e-09
1564,3.9999999999999994e-09
1565,4.25e-09
1566,2.7666666666666666e-09
1567,4.1e-09
1568,4.35e-09
1569,3.633333333333333e-09
1570,2.8666666666666667e-09
1571,3.9999999999999994e-09
1572,2.8e-09
1573,6.8e-09
1574,4.233333333333334e-09
1575,3.033333333333333e-09
1576,4.4166666666666665e-09
1577,4.683333333333333e-09
1578,4.616666666666667e-09
1579,2.6333333333333333e-09
1580,4.65e-09
1581,4.466666666666667e-09
1582,3.05e-09
1583,2.4166666666666664e-09
1584,2.3666666666666668e-09
1585,4.1999999999999996e-09
1586,2.283333333333333e-09
1587,2.383333333333333e-09
1588,2.8833333333333335e-09
1589,2.7333333333333334e-09
1590,3.9e-09
1591,6.15e-09
1592,2.6333333333333333e-09
1593,4.033333333333334e-09
1594,3.733333333333333e-09
1595,2.4166666666666664e-09
1596,2.4166666666666664e-09
1597,2.4333333333333336e-09
1598,2.2333333333333335e-09
1599,2.55e-09
1600,2.566666666666667e-09
1601,3.7e-09
1602,3.6833333333333336e-09
1603,3.6e-09
1604,3.2166666666666665e-09
1605,2.3666666666666668e-09
1606,2.25e-09
1607,3.2833333333333334e-09
1608,3.533333333333333e-09
1609,2.05e-09
1610,2.016666666666667e-09
1611,3.15e-09
1612,1.9166666666666665e-09
1613,3.7166666666666664e-09
1614,3.75e-09
1615,3.45e-09
1616,1.7166666666666665e-09
1617,3.7e-09
1618,1.75e-09
1619,3.3e-09
1620,3.2833333333333334e-09
1621,3.4833333333333335e-09
1622,3.1166666666666665e-09
1623,3.033333333333333e-09
1624,3.55e-09
1625,1.2666666666666668e-09
1626,1.5833333333333334e-09
1627,1.2833333333333335e-09
1628,1.65e-09
1629,3.4833333333333335e-09
1630,2.8500000000000003e-09
1631,2.8166666666666667e-09
1632,1.15e-09
1633,3.166666666666667e-09
1634,3.0166666666666664e-09
1635,3.4e-09
1636,1.0333333333333333e-09
1637,9.5e-10
1638,3.3500000000000002e-09
1639,1.7e-09
1640,3.4833333333333335e-09
1641,9.833333333333332e-10
1642,3.0166666666666664e-09
1643,9.166666666666667e-10
1644,3.0833333333333332e-09
1645,1.2333333333333334e-09
1646,3.3500000000000002e-09
1647,3.25e-09
1648,9.333333333333332e-10
1649,9.833333333333332e-10
1650,2.8833333333333335e-09
1651,1.4166666666666665e-09
1652,1.25e-09
1653,3.3e-09
1654,3.3e-09
1655,3.3e-09
1656,3.0166666666666664e-09
1657,9.833333333333332e-10
1658,9.833333333333332e-10
1659,3.15e-09
1660,8.833333333333333e-10
1661,1.9833333333333333e-09
1662,1.1166666666666667e-09
1663,1.2999999999999999e-09
1664,1.4833333333333334e-09
1665,2.933333333333333e-09
1666,1.5333333333333334e-09
1667,2.6333333333333333e-09
1668,1.6833333333333333e-09
1669,2.25e-09
1670,8e-10
1671,2.383333333333333e-09
1672,2.6166666666666665e-09
1673,2.566666666666667e-09
1674,2.0666666666666666e-09
1675,1.4666666666666666e-09
1676,2.4e-09
1677,2.6166666666666665e-09
1678,1.7166666666666665e-09
1679,1.9999999999999997e-09
1680,1.75e-09
1681,1.6666666666666665e-09
1682,2.5999999999999997e-09
1683,2.6999999999999998e-09
1684,3.3e-09
1685,1.8666666666666664e-09
1686,2.6833333333333334e-09
1687,3.166666666666667e-09
1688,1.9333333333333333e-09
1689,2.65e-09
1690,1.4666666666666666e-09
1691,2.566666666666667e-09
1692,1.6833333333333333e-09
1693,1.9333333333333333e-09
1694,2.383333333333333e-09
1695,1.3833333333333333e-09
1696,2.2e-09
1697,3e-09
1698,1.3833333333333333e-09
1699,1.7166666666666665e-09
1700,2.2333333333333335e-09
1701,2.466666666666667e-09
1702,1.6666666666666665e-09
1703,1.1333333333333333e-09
1704,1.3666666666666667e-09
1705,1.5e-09
1706,2.5833333333333333e-09
1707,1.2833333333333335e-09
1708,4.066666666666667e-09
1709,2.283333333333333e-09
1710,2.0999999999999998e-09
1711,2.3166666666666663e-09
1712,1.5666666666666666e-09
1713,2.2333333333333335e-09
1714,1.5166666666666666e-09
1715,1.65e-09
1716,1.5e-09
1717,2.1833333333333334e-09
1718,1.9166666666666665e-09
1719,1.0666666666666667e-09
1720,1.8833333333333332e-09
1721,1.3333333333333333e-09
1722,1.0666666666666667e-09
1723,2.3166666666666663e-09
1724,2.7166666666666666e-09
1725,9.833333333333332e-10
1726,1.8166666666666666e-09
1727,2.7333333333333334e-09
1728,2.3333333333333335e-09
1729,2.2e-09
1730,9.333333333333332e-10
1731,2.7333333333333334e-09
1732,3.2e-09
1733,2.383333333333333e-09
1734,9.833333333333332e-10
1735,8.5e-10
1736,2.05e-09
1737,8.833333333333333e-10
1738,2.9166666666666667e-09
1739,3.4e-09
1740,9.5e-10
1741,1.6166666666666667e-09
1742,7.333333333333333e-10
1743,2.4e-09
1744,6.666666666666666e-10
1745,7.333333333333333e-10
1746,2.7833333333333334e-09
1747,7.166666666666667e-10
1748,2.1666666666666666e-09
1749,1.8666666666666664e-09
1750,2.1833333333333334e-09
1751,1.9666666666666665e-09
1752,1.15e-09
1753,2.65e-09
1754,2.6333333333333333e-09
1755,2.2e-09
1756,1.2833333333333335e-09
1757,1.6e-09
1758,1.9666666666666665e-09
1759,1.3499999999999999e-09
1760,1.45e-09
1761,1.8833333333333332e-09
1762,2.05e-09
1763,9.833333333333332e-10
1764,1.7833333333333334e-09
1765,2.05e-09
1766,1.6166666666666667e-09
1767,1.1333333333333333e-09
1768,8.166666666666667e-10
1769,1.2666666666666668e-09
1770,1.65e-09
1771,1.6333333333333335e-09
1772,9.666666666666666e-10
1773,1.9833333333333333e-09
1774,1.4e-09
1775,1.2166666666666668e-09
1776,1.2833333333333335e-09
1777,1.7833333333333334e-09
1778,1.1333333333333333e-09
1779,1.0833333333333333e-09
1780,1.0333333333333333e-09
1781,1.3833333333333333e-09
1782,9.833333333333332e-10
1783,1.7e-09
1784,1.4166666666666665e-09
1785,9e-10
1786,1.5833333333333334e-09
1787,1.6833333333333333e-09
1788,1.6666666666666665e-09
1789,1.2e-09
1790,1.7666666666666666e-09
1791,1.45e-09
1792,1.0499999999999999e-09
1793,1.0833333333333333e-09
1794,1.0333333333333333e-09
1795,1.55e-09
1796,1.3166666666666667e-09
1797,1.0833333333333333e-09
1798,1.4e-09
1799,1.75e-09
1800,1.3833333333333333e-09
1801,1.4666666666666666e-09
1802,9.833333333333332e-10
1803,1.15e-09
1804,7.833333333333333e-10
1805,9.5e-10
1806,8e-10
1807,8.833333333333333e-10
1808,1.0666666666666667e-09
1809,9.5e-10
1810,8e-10
1811,9.5e-10
1812,9e-10
1813,5.333333333333334e-10
1814,8.166666666666667e-10
1815,9.166666666666667e-10
1816,7.166666666666667e-10
1817,1.7166666666666665e-09
1818,8.333333333333332e-10
1819,7.5e-10
1820,7.166666666666667e-10
1821,1.0333333333333333e-09
1822,5.333333333333334e-10
1823,1.4166666666666665e-09
1824,1.6166666666666667e-09
1825,1.1833333333333334e-09
1826,1.5833333333333334e-09
1827,9.999999999999999e-10
1828,4.5e-10
1829,1.3333333333333333e-09
1830,7.333333333333333e-10
1831,9.833333333333332e-10
1832,1.3166666666666667e-09
1833,1.0833333333333333e-09
1834,1.0333333333333333e-09
1835,8.333333333333332e-10
1836,1.1666666666666668e-09
1837,1.1666666666666668e-09
1838,1.0833333333333333e-09
1839,9.999999999999999e-10
1840,1.2166666666666668e-09
1841,5.5e-10
1842,1.1333333333333333e-09
1843,7.166666666666667e-10
1844,3e-10
1845,1.3666666666666667e-09
1846,1.7166666666666665e-09
1847,1.1166666666666667e-09
1848,3.166666666666667e-10
1849,1.4e-09
1850,1.2999999999999999e-09
1851,7.5e-10
1852,1.6333333333333335e-09
1853,6.833333333333334e-10
1854,2.016666666666667e-09
1855,2.666666666666667e-10
1856,5.5e-10
1857,8.833333333333333e-10
1858,2.016666666666667e-09
1859,8.666666666666667e-10
1860,2.0833333333333334e-09
1861,1.55e-09
1862,6.333333333333334e-10
1863,1.6833333333333333e-09
1864,2.0999999999999998e-09
1865,1.5e-09
1866,1.6333333333333335e-09
1867,5.666666666666667e-10
1868,1.0666666666666667e-09
1869,2.1666666666666666e-09
1870,1.7666666666666666e-09
1871,1.2666666666666668e-09
1872,1.5333333333333334e-09
1873,1.2833333333333335e-09
1874,1.3166666666666667e-09
1875,1.9166666666666665e-09
1876,1.2e-09
1877,1.4833333333333334e-09
1878,1.5166666666666666e-09
1879,1.6e-09
1880,1.1666666666666668e-09
1881,1.4e-09
1882,1.3499999999999999e-09
1883,1.3333333333333333e-09
1884,1.4333333333333333e-09
1885,7.666666666666667e-10
1886,1.2e-09
1887,7.833333333333333e-10
1888,9.999999999999999e-10
1889,1.25e-09
1890,1.4333333333333333e-09
1891,1.1166666666666667e-09
1892,7.833333333333333e-10
1893,8e-10
1894,1.3166666666666667e-09
1895,1.2e-09
1896,1.2999999999999999e-09
1897,9.666666666666666e-10
1898,2.3166666666666663e-09
1899,2.1500000000000002e-09
1900,1.0499999999999999e-09
1901,1.55e-09
1902,7.5e-10
1903,8.833333333333333e-10
1904,9.166666666666667e-10
1905,1.8666666666666664e-09
1906,1.3666666666666667e-09
1907,8e-10
1908,1.1166666666666667e-09
1909,1.1e-09
1910,8.5e-10
1911,8.166666666666667e-10
1912,1.5166666666666666e-09
1913,8.5e-10
1914,1.55e-09
1915,1.1666666666666668e-09
1916,1.6166666666666667e-09
1917,1.2333333333333334e-09
1918,1.0666666666666667e-09
1919,1.7666666666666666e-09
1920,1.8833333333333332e-09
1921,1.4166666666666665e-09
1922,1.4666666666666666e-09
1923,1.7166666666666665e-09
1924,4.999999999999999e-10
1925,9.833333333333332e-10
1926,1.75e-09
1927,4.833333333333333e-10
1928,1.2333333333333334e-09
1929,1.7333333333333333e-09
1930,3.5e-10
1931,2.1333333333333334e-09
1932,1.0499999999999999e-09
1933,1.5e-09
1934,8.833333333333333e-10
1935,7.166666666666667e-10
1936,2.216666666666667e-09
1937,1.3333333333333333e-09
1938,2.2333333333333335e-09
1939,1.2666666666666668e-09
1940,1.2166666666666668e-09
1941,1.15e-09
1942,1.0666666666666667e-09
1943,1.2999999999999999e-09
1944,1.1e-09
1945,1.0166666666666667e-09
1946,9.833333333333332e-10
1947,1.2833333333333335e-09
1948,1.6166666666666667e-09
1949,1.3333333333333333e-09
1950,1.45e-09
1951,2e-10
1952,4.833333333333333e-10
1953,1.1333333333333333e-09
1954,1.4833333333333334e-09
1955,1.3333333333333333e-09
1956,2.1666666666666667e-10
1957,6e-10
1958,6.166666666666667e-10
1959,1.2833333333333335e-09
1960,1.7e-09
1961,9.5e-10
1962,1.5666666666666666e-09
1963,1.0499999999999999e-09
1964,1.0166666666666667e-09
1965,8.5e-10
1966,9e-10
1967,1.0499999999999999e-09
1968,5.833333333333334e-10
1969,1.2833333333333335e-09
1970,7e-10
1971,1.0833333333333333e-09
1972,1.0333333333333333e-09
1973,6.166666666666667e-10
1974,3e-10
1975,6.166666666666667e-10
1976,9e-10
1977,1.45e-09
1978,6.833333333333334e-10
1979,5.5e-10
1980,4.833333333333333e-10
1981,1.15e-09
1982,7.833333333333333e-10
1983,3.333333333333333e-10
1984,9.333333333333332e-10
1985,9.666666666666666e-10
1986,9.333333333333332e-10
1987,6.333333333333334e-10
1988,6.499999999999999e-10
1989,7.166666666666667e-10
1990,1.0499999999999999e-09
1991,8e-10
1992,1.4333333333333333e-09
1993,1.1833333333333334e-09
1994,4.999999999999999e-10
1995,4.3333333333333334e-10
1996,1.7e-09
1997,5.333333333333334e-10
1998,1.7333333333333333e-09
1999,7.333333333333333e-10
2000,1.8666666666666664e-09
2001,1.3666666666666667e-09
2002,4.999999999999999e-10
2003,1.5e-09
2004,4.833333333333333e-10
2005,7.333333333333333e-10
2006,1.7166666666666665e-09
2007,1.6e-09
2008,9.833333333333332e-10
2009,1.7666666666666666e-09
2010,1.0666666666666667e-09
2011,1.6333333333333335e-09
2012,1.2166666666666668e-09
2013,1.1333333333333333e-09
2014,2.016666666666667e-09
2015,2.7333333333333334e-09
2016,1.5166666666666666e-09
2017,2.05e-09
2018,2.2e-09
2019,2.4333333333333336e-09
2020,1.5833333333333334e-09
2021,2.45e-09
2022,1.1833333333333334e-09
2023,1.3166666666666667e-09
2024,2.8666666666666667e-09
2025,2.4833333333333332e-09
2026,1.9333333333333333e-09
2027,1.5e-09
2028,1.4333333333333333e-09
2029,1.5e-09
2030,1.5833333333333334e-09
2031,2.35e-09
2032,1.8333333333333334e-09
2033,1.7e-09
2034,1.4333333333333333e-09
2035,1.4833333333333334e-09
2036,1.25e-09
2037,1.5333333333333334e-09
2038,1.45e-09
2039,1.15e-09
2040,1.2666666666666668e-09
2041,9.999999999999999e-10
2042,1.3499999999999999e-09
2043,1.1833333333333334e-09
2044,1.0833333333333333e-09
2045,1.5833333333333334e-09
2046,5.833333333333334e-10
2047,8.333333333333332e-10
2048,9.666666666666666e-10
2049,8.333333333333332e-10
2050,1.4166666666666665e-09
2051,6.833333333333334e-10
2052,9.666666666666666e-10
2053,9.166666666666667e-10
2054,8.666666666666667e-10
2055,9.666666666666666e-10
2056,9.666666666666666e-10
2057,9.999999999999999e-10
2058,1.2e-09
2059,7.333333333333333e-10
2060,8.166666666666667e-10
2061,1.4e-09
2062,9.833333333333332e-10
2063,1.6333333333333335e-09
2064,8.666666666666667e-10
2065,5.666666666666667e-10
2066,5.333333333333334e-10
2067,1.2999999999999999e-09
2068,7.666666666666667e-10
2069,1.4833333333333334e-09
2070,1.0666666666666667e-09
2071,4.833333333333333e-10
2072,3.8333333333333335e-10
2073,5.166666666666666e-10
2074,1.2999999999999999e-09
2075,6e-10
2076,1.8333333333333332e-10
2077,4.833333333333333e-10
2078,9e-10
2079,6.333333333333334e-10
2080,6.499999999999999e-10
2081,8.833333333333333e-10
2082,7.166666666666667e-10
2083,6.666666666666666e-10
2084,4.833333333333333e-10
2085,5.166666666666666e-10
2086,6.166666666666667e-10
2087,5.166666666666666e-10
2088,4.5e-10
2089,4.166666666666666e-10
2090,8.833333333333333e-10
2091,7.5e-10
2092,3.333333333333333e-10
2093,5.833333333333334e-10
2094,9.333333333333332e-10
2095,7.833333333333333e-10
2096,9.333333333333332e-10
2097,1.5166666666666666e-09
2098,8.666666666666667e-10
2099,3.166666666666667e-10
2100,1.6333333333333335e-09
2101,4.833333333333333e-10
2102,6.666666666666666e-10
2103,1.25e-09
2104,5.333333333333334e-10
2105,9.999999999999999e-10
2106,6e-10
2107,8.833333333333333e-10
2108,1.4e-09
2109,2.4833333333333332e-09
2110,6.833333333333334e-10
2111,8.5e-10
2112,1.4e-09
2113,8e-10
2114,8.5e-10
2115,7.5e-10
2116,6.166666666666667e-10
2117,6.666666666666666e-10
2118,1.4166666666666665e-09
2119,1.0833333333333333e-09
2120,7e-10
2121,1.55e-09
2122,1.7e-09
2123,9.833333333333332e-10
2124,5.166666666666666e-10
2125,9.833333333333332e-10
2126,1.2999999999999999e-09
2127,1.0833333333333333e-09
2128,1.25e-09
2129,5.5e-10
2130,1.1333333333333333e-09
2131,8.166666666666667e-10
2132,1.0333333333333333e-09
2133,1.6166666666666667e-09
2134,6.666666666666666e-10
2135,1.2999999999999999e-09
2136,6.333333333333334e-10
2137,9.666666666666666e-10
2138,8e-10
2139,1.1166666666666667e-09
2140,7.166666666666667e-10
2141,7.333333333333333e-10
2142,1.1e-09
2143,1.45e-09
2144,1.0499999999999999e-09
2145,1.0166666666666667e-09
2146,1.1333333333333333e-09
2147,9e-10
2148,9e-10
2149,1.1333333333333333e-09
2150,1.1166666666666667e-09
2151,1.1833333333333334e-09
2152,8.833333333333333e-10
2153,7.166666666666667e-10
2154,9.999999999999999e-10
2155,8.333333333333332e-10
2156,1.2333333333333334e-09
2157,7.333333333333333e-10
2158,8.333333333333332e-10
2159,8.666666666666667e-10
2160,1.2e-09
2161,7.666666666666667e-10
2162,9.5e-10
2163,8.333333333333332e-10
2164,8.5e-10
2165,1.2e-09
2166,7.666666666666667e-10
2167,1.2333333333333334e-09
2168,7.5e-10
2169,1.55e-09
2170,1.1e-09
2171,4.166666666666666e-10
2172,2.4833333333333332e-09
2173,3.6666666666666664e-10
2174,2.4e-09
2175,1.7e-09
2176,6e-10
2177,1.7666666666666666e-09
2178,7.5e-10
2179,1.45e-09
2180,7e-10
2181,1.4e-09
2182,1.2999999999999999e-09
2183,7.5e-10
2184,9.833333333333332e-10
2185,1.2e-09
2186,1.0166666666666667e-09
2187,2.0999999999999998e-09
2188,1.6666666666666665e-09
2189,1.5666666666666666e-09
2190,1.1333333333333333e-09
2191,2.016666666666667e-09
2192,1.4e-09
2193,1.1166666666666667e-09
2194,1.3666666666666667e-09
2195,1.0499999999999999e-09
2196,1.9666666666666665e-09
2197,1.3499999999999999e-09
2198,2.1333333333333334e-09
2199,1.2666666666666668e-09
2200,2.4333333333333336e-09
2201,1.7333333333333333e-09
2202,1.7666666666666666e-09
2203,1.65e-09
2204,1.2833333333333335e-09
2205,1.9333333333333333e-09
2206,1.4166666666666665e-09
2207,1.4166666666666665e-09
2208,1.3666666666666667e-09
2209,2.0666666666666666e-09
2210,2.283333333333333e-09
2211,1.45e-09
2212,1.6833333333333333e-09
2213,1.4333333333333333e-09
2214,1.3833333333333333e-09
2215,1.1333333333333333e-09
2216,1.6e-09
2217,2.0666666666666666e-09
2218,1.2333333333333334e-09
2219,1.7e-09
2220,1.2833333333333335e-09
2221,1.5666666666666666e-09
2222,1.7333333333333333e-09
2223,2.3e-09
2224,1.95e-09
2225,2.7333333333333334e-09
2226,1.9666666666666665e-09
2227,1.9833333333333333e-09
2228,1.6333333333333335e-09
2229,2.5166666666666665e-09
2230,2.016666666666667e-09
2231,2.0999999999999998e-09
2232,1.8666666666666664e-09
2233,2.383333333333333e-09
2234,1.3499999999999999e-09
2235,1.7e-09
2236,2.05e-09
2237,2.4166666666666664e-09
2238,1.7333333333333333e-09
2239,2.283333333333333e-09
2240,2.4833333333333332e-09
2241,1.5833333333333334e-09
2242,1.7e-09
2243,2.0666666666666666e-09
2244,2.6333333333333333e-09
2245,1.5666666666666666e-09
2246,1.8333333333333334e-09
2247,1.5333333333333334e-09
2248,1.6666666666666665e-09
2249,1.8e-09
2250,1.85e-09
2251,1.4333333333333333e-09
2252,1.5166666666666666e-09
2253,1.3666666666666667e-09
2254,1.1666666666666668e-09
2255,1.8166666666666666e-09
2256,1.2e-09
2257,9.166666666666667e-10
2258,1.1833333333333334e-09
2259,1.3333333333333333e-09
2260,1.2666666666666668e-09
2261,1.25e-09
2262,7.5e-10
2263,1.0666666666666667e-09
2264,8.166666666666667e-10
2265,1.5e-09
2266,1.5666666666666666e-09
2267,9.666666666666666e-10
2268,1.5333333333333334e-09
2269,1.6666666666666665e-09
2270,8.333333333333332e-10
2271,1.5333333333333334e-09
2272,8.833333333333333e-10
2273,1.5833333333333334e-09
2274,1.0666666666666667e-09
2275,1.0833333333333333e-09
2276,1.0666666666666667e-09
2277,1.9e-09
2278,9.5e-10
2279,9.999999999999999e-10
2280,9.333333333333332e-10
2281,1.0333333333333333e-09
2282,1.1333333333333333e-09
2283,1.55e-09
2284,8e-10
2285,1.7666666666666666e-09
2286,1.5666666666666666e-09
2287,1.3499999999999999e-09
2288,1.2e-09
2289,1.1666666666666668e-09
2290,8.5e-10
2291,1.3166666666666667e-09
2292,9.999999999999999e-10
2293,7e-10
2294,1.6e-09
2295,1.3333333333333333e-09
2296,7.166666666666667e-10
2297,9.999999999999999e-10
2298,9.5e-10
2299,1.7166666666666665e-09
2300,1.55e-09
2301,1.2333333333333334e-09
2302,1.6833333333333333e-09
2303,1.4e-09
2304,1.0666666666666667e-09
2305,1.65e-09
2306,1.3166666666666667e-09
2307,1.7666666666666666e-09
2308,8.166666666666667e-10
2309,1.2e-09
2310,1.1166666666666667e-09
2311,1.25e-09
2312,1.3499999999999999e-09
2313,1.6e-09
2314,1.5833333333333334e-09
2315,1.3333333333333333e-09
2316,1.6833333333333333e-09
2317,9.166666666666667e-10
2318,1.65e-09
2319,6.333333333333334e-10
2320,6e-10
2321,8.833333333333333e-10
2322,7e-10
2323,8.5e-10
2324,1.3166666666666667e-09
2325,5.833333333333334e-10
2326,1.7666666666666666e-09
2327,1.6333333333333335e-09
2328,6.499999999999999e-10
2329,5.166666666666666e-10
2330,1.5666666666666666e-09
2331,7.666666666666667e-10
2332,1.4833333333333334e-09
2333,1.3499999999999999e-09
2334,6e-10
2335,4.833333333333333e-10
2336,1.3833333333333333e-09
2337,4.166666666666666e-10
2338,9.666666666666666e-10
2339,1.8833333333333332e-09
2340,1.9166666666666665e-09
2341,3.6666666666666664e-10
2342,1.8666666666666664e-09
2343,1.7e-09
2344,2.216666666666667e-09
2345,2.0999999999999998e-09
2346,1.25e-09
2347,1.2833333333333335e-09
2348,6.666666666666666e-10
2349,5.333333333333334e-10
2350,6.666666666666666e-10
2351,1.1333333333333333e-09
2352,1.5333333333333334e-09
2353,7.666666666666667e-10
2354,1.5833333333333334e-09
2355,1.3666666666666667e-09
2356,1.4e-09
2357,1.4666666666666666e-09
2358,1.1333333333333333e-09
2359,9.5e-10
2360,1.0333333333333333e-09
2361,1.1333333333333333e-09
2362,1.2333333333333334e-09
2363,1.7666666666666666e-09
2364,6.833333333333334e-10
2365,7.833333333333333e-10
2366,9e-10
2367,1.2166666666666668e-09
2368,1.0833333333333333e-09
2369,6.833333333333334e-10
2370,1.2166666666666668e-09
2371,9.333333333333332e-10
2372,5.166666666666666e-10
2373,5.833333333333334e-10
2374,1.2833333333333335e-09
2375,9.999999999999999e-10
2376,1.3333333333333333e-09
2377,1.2666666666666668e-09
2378,2.55e-09
2379,1.45e-09
2380,1.1e-09
2381,8.166666666666667e-10
2382,1.4166666666666665e-09
2383,1.4166666666666665e-09
2384,9.666666666666666e-10
2385,8e-10
2386,2.016666666666667e-09
2387,8.833333333333333e-10
2388,7.166666666666667e-10
2389,1.6833333333333333e-09
2390,7.833333333333333e-10
2391,2.1333333333333334e-09
2392,1.55e-09
2393,1.7e-09
2394,1.8166666666666666e-09
2395,2.2e-09
2396,1.1666666666666668e-09
2397,2.2e-09
2398,1.1666666666666668e-09
2399,1.1833333333333334e-09
2400,1.1166666666666667e-09
2401,1.0166666666666667e-09
2402,9.999999999999999e-10
2403,1.55e-09
2404,1.8e-09
2405,1.55e-09
2406,6.833333333333334e-10
2407,1.0333333333333333e-09
2408,2.8666666666666667e-09
2409,8.833333333333333e-10
2410,9.5e-10
2411,1.3833333333333333e-09
2412,1.6666666666666665e-09
2413,1.2666666666666668e-09
2414,5.833333333333334e-10
2415,1.4e-09
2416,1.3666666666666667e-09
2417,2.3666666666666668e-09
2418,1.4166666666666665e-09
2419,1.4833333333333334e-09
2420,9.833333333333332e-10
2421,1.1166666666666667e-09
2422,1.2666666666666668e-09
2423,1.2166666666666668e-09
2424,2.0999999999999998e-09
2425,2.016666666666667e-09
2426,1.5833333333333334e-09
2427,1.25e-09
2428,1.5e-09
2429,1.45e-09
2430,6.833333333333334e-10
2431,1.7166666666666665e-09
2432,1.6833333333333333e-09
2433,1.0333333333333333e-09
2434,8.166666666666667e-10
2435,1.9166666666666665e-09
2436,8e-10
2437,1.45e-09
2438,9.166666666666667e-10
2439,1.4666666666666666e-09
2440,1.5e-09
2441,1.4e-09
2442,1.2666666666666668e-09
2443,1.1333333333333333e-09
2444,1.2333333333333334e-09
2445,8.333333333333332e-10
2446,9.166666666666667e-10
2447,2.1833333333333334e-09
2448,1.1666666666666668e-09
2449,8e-10
2450,7.833333333333333e-10
2451,1.4666666666666666e-09
2452,9e-10
2453,1.4333333333333333e-09
2454,9.333333333333332e-10
2455,1.3333333333333333e-09
2456,1.1166666666666667e-09
2457,1.5333333333333334e-09
2458,1.1166666666666667e-09
2459,2.3666666666666668e-09
2460,2.3666666666666668e-09
2461,1.25e-09
2462,1.95e-09
2463,1.9833333333333333e-09
2464,1.75e-09
2465,1.0666666666666667e-09
2466,1.7e-09
2467,1.75e-09
2468,1.65e-09
2469,7.666666666666667e-10
2470,6.833333333333334e-10
2471,1.3666666666666667e-09
2472,1.3666666666666667e-09
2473,1.2999999999999999e-09
2474,1.2333333333333334e-09
2475,1.9999999999999997e-09
2476,1.45e-09
2477,1.2833333333333335e-09
2478,1.3166666666666667e-09
2479,1.4e-09
2480,1.5333333333333334e-09
2481,1.0333333333333333e-09
2482,1.3833333333333333e-09
2483,9e-10
2484,1.1166666666666667e-09
2485,1.15e-09
2486,1.3499999999999999e-09
2487,1.3666666666666667e-09
2488,1.2166666666666668e-09
2489,1.2833333333333335e-09
2490,1.0666666666666667e-09
2491,1.0166666666666667e-09
2492,8.166666666666667e-10
2493,8.333333333333332e-10
2494,7.666666666666667e-10
2495,8.333333333333332e-10
2496,1.1166666666666667e-09
2497,1.3499999999999999e-09
2498,8e-10
2499,9.999999999999999e-10
2500,6.666666666666666e-10
2501,1.2666666666666668e-09
2502,7.666666666666667e-10
2503,8.333333333333332e-10
2504,1.0666666666666667e-09
2505,6.499999999999999e-10
2506,7.333333333333333e-10
2507,8.666666666666667e-10
2508,8.833333333333333e-10
2509,1.0166666666666667e-09
2510,8e-10
2511,6.499999999999999e-10
2512,7.166666666666667e-10
2513,7.666666666666667e-10
2514,7.5e-10
2515,8e-10
2516,8.333333333333332e-10
2517,8.333333333333332e-10
2518,3.8333333333333335e-10
2519,8.5e-10
2520,6.333333333333334e-10
2521,6.166666666666667e-10
2522,1.1e-09
2523,1.0166666666666667e-09
2524,5.5e-10
2525,7.666666666666667e-10
2526,1.2166666666666668e-09
2527,1.8166666666666666e-09
2528,7.833333333333333e-10
2529,7.666666666666667e-10
2530,8.5e-10
2531,1.2e-09
2532,1.1666666666666668e-09
2533,1.2666666666666668e-09
2534,6.499999999999999e-10
2535,9.166666666666667e-10
2536,8.833333333333333e-10
2537,1.3333333333333333e-09
2538,6.166666666666667e-10
2539,7.833333333333333e-10
2540,4.999999999999999e-10
2541,8.5e-10
2542,7.5e-10
2543,6.499999999999999e-10
2544,1.0166666666666667e-09
2545,6.166666666666667e-10
2546,7.333333333333333e-10
2547,4.666666666666666e-10
2548,7.333333333333333e-10
2549,1.8333333333333334e-09
2550,9.333333333333332e-10
2551,6.166666666666667e-10
2552,8e-10
2553,4.3333333333333334e-10
2554,1.8333333333333332e-10
2555,5.166666666666666e-10
2556,1.6166666666666667e-09
2557,1.0833333333333333e-09
2558,5.833333333333334e-10
2559,2e-10
2560,5.833333333333334e-10
2561,8e-10
2562,5.666666666666667e-10
2563,3e-10
2564,5.333333333333334e-10
2565,1.3166666666666667e-09
2566,5.666666666666667e-10
2567,9.333333333333332e-10
2568,9.999999999999999e-10
2569,1.2333333333333334e-09
2570,6.833333333333334e-10
2571,1.5e-09
2572,3.6666666666666664e-10
2573,2.4999999999999996e-10
2574,9.999999999999999e-10
2575,1.0333333333333333e-09
2576,1.2666666666666668e-09
2577,1.1166666666666667e-09
2578,9.5e-10
2579,9.5e-10
2580,7e-10
2581,1.0666666666666667e-09
2582,1.3166666666666667e-09
2583,1.2999999999999999e-09
2584,1.5e-09
2585,1.25e-09
2586,1.45e-09
2587,1.4166666666666665e-09
2588,9e-10
2589,2.1500000000000002e-09
2590,9.333333333333332e-10
2591,1.3333333333333333e-09
2592,1.1833333333333334e-09
2593,1.0666666666666667e-09
2594,1.1166666666666667e-09
2595,8.166666666666667e-10
2596,1.1333333333333333e-09
2597,1.0833333333333333e-09
2598,1.5e-09
2599,1.0666666666666667e-09
2600,8.166666666666667e-10
2601,1.8666666666666664e-09
2602,9.5e-10
2603,1.2666666666666668e-09
2604,1.3666666666666667e-09
2605,5.666666666666667e-10
2606,8.5e-10
2607,1.15e-09
2608,1.5333333333333334e-09
2609,9.999999999999999e-10
2610,1.3666666666666667e-09
2611,1.85e-09
2612,1.4e-09
2613,6.833333333333334e-10
2614,7.833333333333333e-10
2615,6.666666666666666e-10
2616,1.0333333333333333e-09
2617,8.833333333333333e-10
2618,1.3833333333333333e-09
2619,8.833333333333333e-10
2620,1.0666666666666667e-09
2621,9.166666666666667e-10
2622,1.1333333333333333e-09
2623,6e-10
2624,1.0666666666666667e-09
2625,1.2999999999999999e-09
2626,1.2166666666666668e-09
2627,1.2166666666666668e-09
2628,1.0833333333333333e-09
2629,1.1833333333333334e-09
2630,1.45e-09
2631,1.3833333333333333e-09
2632,9.999999999999999e-10
2633,1.1333333333333333e-09
2634,9.5e-10
2635,7e-10
2636,9.5e-10
2637,1.0666666666666667e-09
2638,1.0666666666666667e-09
2639,9e-10
2640,1.0333333333333333e-09
2641,1.0666666666666667e-09
2642,7e-10
2643,6.333333333333334e-10
2644,7.666666666666667e-10
2645,8.5e-10
2646,6e-10
2647,6e-10
2648,4.666666666666666e-10
2649,4.3333333333333334e-10
2650,5.5e-10
2651,4.166666666666666e-10
2652,6.333333333333334e-10
2653,2.4999999999999996e-10
2654,5.166666666666666e-10
2655,1.3333333333333333e-09
2656,5.666666666666667e-10
2657,8.666666666666667e-10
2658,9.999999999999999e-10
2659,3.8333333333333335e-10
2660,6e-10
2661,9e-10
2662,7.166666666666667e-10
2663,7.333333333333333e-10
2664,7.333333333333333e-10
2665,9.833333333333332e-10
2666,1.3499999999999999e-09
2667,6.333333333333334e-10
2668,1.8166666666666666e-09
2669,1.15e-09
2670,9e-10
2671,9.333333333333332e-10
2672,7.666666666666667e-10
2673,1.0666666666666667e-09
2674,8e-10
2675,1.0499999999999999e-09
2676,8.333333333333332e-10
2677,9.666666666666666e-10
2678,1.1166666666666667e-09
2679,9.999999999999999e-10
2680,8.166666666666667e-10
2681,1.3166666666666667e-09
2682,1.0499999999999999e-09
2683,1.15e-09
2684,1.5e-09
2685,1.4833333333333334e-09
2686,1.4666666666666666e-09
2687,1.2833333333333335e-09
2688,1.1e-09
2689,1.0333333333333333e-09
2690,9.999999999999999e-10
2691,5.166666666666666e-10
2692,9.999999999999999e-10
2693,9.666666666666666e-10
2694,8.166666666666667e-10
2695,7.5e-10
2696,1.1666666666666668e-09
2697,1.5833333333333334e-09
2698,1.2999999999999999e-09
2699,1.3833333333333333e-09
2700,1.3333333333333333e-09
2701,1.65e-09
2702,1.4666666666666666e-09
2703,1.4e-09
2704,6.499999999999999e-10
2705,5.833333333333334e-10
2706,1.2833333333333335e-09
2707,9.999999999999999e-10
2708,1.4666666666666666e-09
2709,1.2999999999999999e-09
2710,1.15e-09
2711,1.2999999999999999e-09
2712,1.25e-09
2713,1.4333333333333333e-09
2714,4.833333333333333e-10
2715,1.0666666666666667e-09
2716,1.1333333333333333e-09
2717,9.166666666666667e-10
2718,8.5e-10
2719,1.2999999999999999e-09
2720,7.5e-10
2721,8.166666666666667e-10
2722,1.4166666666666665e-09
2723,1.2999999999999999e-09
2724,1.1833333333333334e-09
2725,7.5e-10
2726,1.2666666666666668e-09
2727,7e-10
2728,1.3833333333333333e-09
2729,1.1833333333333334e-09
2730,1.55e-09
2731,4.666666666666666e-10
2732,1.0666666666666667e-09
2733,1.45e-09
2734,1.2333333333333334e-09
2735,1.55e-09
2736,1.0499999999999999e-09
2737,7.5e-10
2738,1.8166666666666666e-09
2739,1.2833333333333335e-09
2740,2.0333333333333333e-09
2741,1.3666666666666667e-09
2742,1.4166666666666665e-09
2743,1.6833333333333333e-09
2744,1.8833333333333332e-09
2745,1.9333333333333333e-09
2746,1.9e-09
2747,1.2666666666666668e-09
2748,1.85e-09
2749,1.3166666666666667e-09
2750,1.1333333333333333e-09
2751,1.7833333333333334e-09
2752,1.5e-09
2753,1.7666666666666666e-09
2754,2.2e-09
2755,1.2333333333333334e-09
2756,1.95e-09
2757,2.3333333333333335e-09
2758,3.7e-09
2759,1.0499999999999999e-09
2760,1.5833333333333334e-09
2761,1.5166666666666666e-09
2762,1.0499999999999999e-09
2763,2.0666666666666666e-09
2764,2.566666666666667e-09
2765,1.8166666666666666e-09
2766,1.8e-09
2767,2.1333333333333334e-09
2768,1.1833333333333334e-09
2769,2.0333333333333333e-09
2770,8.5e-10
2771,8e-10
2772,2.65e-09
2773,1.7333333333333333e-09
2774,1.9166666666666665e-09
2775,2.3166666666666663e-09
2776,1.1833333333333334e-09
2777,1.0666666666666667e-09
2778,1.2333333333333334e-09
2779,1.0166666666666667e-09
2780,1.0333333333333333e-09
2781,8.5e-10
2782,1.95e-09
2783,1.9833333333333333e-09
2784,2.2333333333333335e-09
2785,2.0833333333333334e-09
2786,2.0333333333333333e-09
2787,9.999999999999999e-10
2788,1.0499999999999999e-09
2789,3.666666666666667e-09
2790,3.166666666666667e-10
2791,9.166666666666667e-10
2792,1.9166666666666665e-09
2793,1.6166666666666667e-09
2794,2.016666666666667e-09
2795,1.75e-09
2796,2.0666666666666666e-09
2797,1.9833333333333333e-09
2798,1.9e-09
2799,1.9333333333333333e-09
2800,7.333333333333333e-10
2801,4.5e-10
2802,4.5e-10
2803,1.7333333333333333e-09
2804,3e-10
2805,1.7e-09
2806,7e-10
2807,5.666666666666667e-10
2808,2.55e-09
2809,2.3166666666666663e-09
2810,1.7666666666666666e-09
2811,1.75e-09
2812,2.0666666666666666e-09
2813,1.2999999999999999e-09
2814,2.1666666666666666e-09
2815,2.1666666666666666e-09
2816,2.5833333333333333e-09
2817,2.3333333333333335e-09
2818,1.25e-09
2819,1.8e-09
2820,8e-10
2821,1.0833333333333333e-09
2822,2.566666666666667e-09
2823,2.4833333333333332e-09
2824,3.533333333333333e-09
2825,1.8166666666666666e-09
2826,7.666666666666667e-10
2827,7.5e-10
2828,2.466666666666667e-09
2829,1.1166666666666667e-09
2830,6.499999999999999e-10
2831,1.85e-09
2832,1.2e-09
2833,9.5e-10
2834,1.1333333333333333e-09
2835,1.0499999999999999e-09
2836,1.65e-09
2837,2.4333333333333336e-09
2838,1.8333333333333334e-09
2839,2.116666666666667e-09
2840,2.2e-09
2841,2.2333333333333335e-09
2842,1.7833333333333334e-09
2843,2.0999999999999998e-09
2844,1.6333333333333335e-09
2845,1.3499999999999999e-09
2846,2.566666666666667e-09
2847,1.0166666666666667e-09
2848,2.833333333333333e-09
2849,1.8166666666666666e-09
2850,1.3666666666666667e-09
2851,1.9999999999999997e-09
2852,1.1333333333333333e-09
2853,9.666666666666666e-10
2854,1.8333333333333334e-09
2855,1.7166666666666665e-09
2856,1.8833333333333332e-09
2857,1.0499999999999999e-09
2858,1.3333333333333333e-09
2859,1.55e-09
2860,2.1666666666666666e-09
2861,2.45e-09
2862,1.8333333333333334e-09
2863,1.4333333333333333e-09
2864,1.4666666666666666e-09
2865,1.3666666666666667e-09
2866,1.75e-09
2867,1.4e-09
2868,1.6e-09
2869,1.8166666666666666e-09
2870,3e-09
2871,1.2333333333333334e-09
2872,2.4166666666666664e-09
2873,2.1333333333333334e-09
2874,1.8166666666666666e-09
2875,2.2333333333333335e-09
2876,1.1833333333333334e-09
2877,2.4166666666666664e-09
2878,1.0499999999999999e-09
2879,2.5333333333333337e-09
2880,1.1e-09
2881,9.666666666666666e-10
2882,1.9166666666666665e-09
2883,6.499999999999999e-10
2884,1.8166666666666666e-09
2885,4.3333333333333334e-10
2886,4.3333333333333334e-10
2887,7.666666666666667e-10
2888,1.8166666666666666e-09
2889,1.5833333333333334e-09
2890,1.95e-09
2891,2.3e-09
2892,1.1166666666666667e-09
2893,1.7666666666666666e-09
2894,7.333333333333333e-10
2895,9.666666666666666e-10
2896,2.466666666666667e-09
2897,1.7333333333333333e-09
2898,6.666666666666666e-10
2899,4.666666666666666e-10
2900,1.5833333333333334e-09
2901,6e-10
2902,1.5333333333333334e-09
2903,1.25e-09
2904,2.0333333333333333e-09
2905,1.8e-09
2906,1.2833333333333335e-09
2907,1.6833333333333333e-09
2908,1.9666666666666665e-09
2909,1.5e-09
2910,9.999999999999999e-10
2911,1.45e-09
2912,1.75e-09
2913,1.9666666666666665e-09
2914,1.7166666666666665e-09
2915,1.3166666666666667e-09
2916,1.7333333333333333e-09
2917,1.85e-09
2918,1.4333333333333333e-09
2919,1.65e-09
2920,1.4333333333333333e-09
2921,1.2999999999999999e-09
2922,1.9333333333333333e-09
2923,1.0499999999999999e-09
2924,1.5166666666666666e-09
2925,1.5666666666666666e-09
2926,1.3166666666666667e-09
2927,1.2166666666666668e-09
2928,1.3499999999999999e-09
2929,1.7333333333333333e-09
2930,1.6333333333333335e-09
2931,1.65e-09
2932,1.6166666666666667e-09
2933,1.7166666666666665e-09
2934,1.3333333333333333e-09
2935,2.05e-09
2936,2.933333333333333e-09
2937,1.95e-09
2938,2.5833333333333333e-09
2939,1.3166666666666667e-09
2940,2.116666666666667e-09
2941,1.8166666666666666e-09
2942,2.1666666666666666e-09
2943,2.0333333333333333e-09
2944,1.45e-09
2945,1.5333333333333334e-09
2946,1.8166666666666666e-09
2947,1.3499999999999999e-09
2948,1.3333333333333333e-09
2949,1.3666666666666667e-09
2950,1.8166666666666666e-09
2951,1.2999999999999999e-09
2952,1.4333333333333333e-09
2953,1.6e-09
2954,1.6833333333333333e-09
2955,1.6666666666666665e-09
2956,1.15e-09
2957,1.8833333333333332e-09
2958,1.6166666666666667e-09
2959,1.4666666666666666e-09
2960,1.0833333333333333e-09
2961,1.45e-09
2962,1.0333333333333333e-09
2963,1.4666666666666666e-09
2964,1.25e-09
2965,1.3333333333333333e-09
2966,1.5166666666666666e-09
2967,1.5833333333333334e-09
2968,1.0166666666666667e-09
2969,1.55e-09
2970,1.55e-09
2971,1.55e-09
2972,1.55e-09
2973,1.3166666666666667e-09
2974,1.5166666666666666e-09
2975,6.833333333333334e-10
2976,8.333333333333332e-10
2977,1.6e-09
2978,1.8833333333333332e-09
2979,5.666666666666667e-10
2980,9.999999999999999e-10
2981,8.5e-10
2982,1.9166666666666665e-09
2983,1.5333333333333334e-09
2984,1.6166666666666667e-09
2985,1.7e-09
2986,5.833333333333334e-10
2987,5.166666666666666e-10
2988,4.166666666666666e-10
2989,1.3333333333333333e-09
2990,1.1833333333333334e-09
2991,1.3499999999999999e-09
2992,1.2333333333333334e-09
2993,1.5e-09
2994,1.8e-09
2995,9.5e-10
2996,1.0333333333333333e-09
2997,1.3666666666666667e-09
2998,1.15e-09
2999,1.25e-09
3000,1.25e-09
3001,1.25e-09
3002,1.3166666666666667e-09
3003,1.1833333333333334e-09
3004,8.666666666666667e-10
3005,8.5e-10
3006,9.999999999999999e-10
3007,7.166666666666667e-10
3008,3.6666666666666664e-10
3009,7.833333333333333e-10
3010,7.666666666666667e-10
3011,4.999999999999999e-10
3012,1.3333333333333333e-09
3013,1.0166666666666667e-09
3014,9.833333333333332e-10
3015,8.833333333333333e-10
3016,6.833333333333334e-10
3017,6.833333333333334e-10
3018,6.666666666666666e-10
3019,4.3333333333333334e-10
3020,1.0333333333333333e-09
3021,6.499999999999999e-10
3022,8e-10
3023,9.666666666666666e-10
3024,4.5e-10
3025,8.833333333333333e-10
3026,1.0333333333333333e-09
3027,7.5e-10
3028,1.0499999999999999e-09
3029,7.666666666666667e-10
3030,7.333333333333333e-10
3031,8.833333333333333e-10
3032,7.666666666666667e-10
3033,8.5e-10
3034,6.333333333333334e-10
3035,8.666666666666667e-10
3036,6.499999999999999e-10
3037,9.5e-10
3038,7.5e-10
3039,6.166666666666667e-10
3040,9.333333333333332e-10
3041,8.333333333333332e-10
3042,7.5e-10
3043,1.1166666666666667e-09
3044,7.333333333333333e-10
3045,9.999999999999999e-10
3046,9.5e-10
3047,1.6666666666666665e-09
3048,1.85e-09
3049,9e-10
3050,9.666666666666666e-10
3051,1.7666666666666666e-09
3052,1.8e-09
3053,6.333333333333334e-10
3054,2.1833333333333334e-09
3055,1.4333333333333333e-09
3056,7.666666666666667e-10
3057,5.166666666666666e-10
3058,2.0833333333333334e-09
3059,2.3333333333333335e-09
3060,1.5666666666666666e-09
3061,1.1666666666666668e-09
3062,1.1e-09
3063,1.2e-09
3064,1.5333333333333334e-09
3065,1.9166666666666665e-09
3066,6.166666666666667e-10
3067,1.1166666666666667e-09
3068,1.6666666666666665e-09
3069,1.85e-09
3070,1.9833333333333333e-09
3071,1.9999999999999997e-09
3072,9e-10
3073,1.7166666666666665e-09
3074,1.9999999999999997e-09
3075,2.3166666666666663e-09
3076,1.0333333333333333e-09
3077,7.333333333333333e-10
3078,2.0666666666666666e-09
3079,1.1166666666666667e-09
3080,1.9333333333333333e-09
3081,2.283333333333333e-09
3082,7e-10
3083,1.95e-09
3084,1.45e-09
3085,7e-10
3086,1.7333333333333333e-09
3087,1.1e-09
3088,1.9833333333333333e-09
3089,1.1833333333333334e-09
3090,1.8333333333333334e-09
3091,2.1833333333333334e-09
3092,1.95e-09
3093,2.0999999999999998e-09
3094,1.6333333333333335e-09
3095,9.833333333333332e-10
3096,1.9e-09
3097,8.666666666666667e-10
3098,4.999999999999999e-10
3099,9e-10
3100,2.3e-09
3101,9.666666666666666e-10
3102,1.95e-09
3103,4.3333333333333334e-10
3104,4.3333333333333334e-10
3105,1.8833333333333332e-09
3106,4.216666666666666e-09
3107,8e-10
3108,2.3166666666666663e-09
3109,8e-10
3110,1.8666666666666664e-09
3111,2.7166666666666666e-09
3112,5.833333333333334e-10
3113,2.6333333333333333e-09
3114,4.15e-09
3115,2.4e-09
3116,4.166666666666666e-10
3117,2.1666666666666666e-09
3118,6.666666666666666e-10
3119,7.5e-10
3120,2.283333333333333e-09
3121,4.999999999999999e-10
3122,1.2666666666666668e-09
3123,6.499999999999999e-10
3124,1.85e-09
3125,3.95e-09
3126,2.1500000000000002e-09
3127,7.833333333333333e-10
3128,2.7166666666666666e-09
3129,4.166666666666666e-10
3130,2.7166666666666666e-09
3131,3.333333333333333e-10
3132,1.5666666666666666e-09
3133,1.5e-09
3134,1.55e-09
3135,1.9e-09
3136,2.8666666666666667e-09
3137,7.333333333333333e-10
3138,1.9999999999999997e-09
3139,2.4e-09
3140,2.2333333333333335e-09
3141,2.5166666666666665e-09
3142,1.6333333333333335e-09
3143,2.0999999999999998e-09
3144,1.6e-09
3145,2.216666666666667e-09
3146,1.15e-09
3147,1.3833333333333333e-09
3148,1.2666666666666668e-09
3149,3.05e-09
3150,2.016666666666667e-09
3151,1.9999999999999997e-09
3152,1.2166666666666668e-09
3153,3.3e-09
3154,2.5e-09
3155,2.2333333333333335e-09
3156,1.1e-09
3157,7.666666666666667e-10
3158,2.45e-09
3159,2.566666666666667e-09
3160,2.7333333333333334e-09
3161,2.8666666666666667e-09
3162,9.666666666666666e-10
3163,2.6166666666666665e-09
3164,2.9666666666666668e-09
3165,1.1333333333333333e-09
3166,9e-10
3167,2.3666666666666668e-09
3168,2.3e-09
3169,3.166666666666667e-10
3170,1.2166666666666668e-09
3171,6.333333333333334e-10
3172,1.0333333333333333e-09
3173,1.2833333333333335e-09
3174,2.55e-09
3175,2.4333333333333336e-09
3176,1.2166666666666668e-09
3177,2.2e-09
3178,1.1833333333333334e-09
3179,2.4166666666666664e-09
3180,1.3499999999999999e-09
3181,1.75e-09
3182,1.4166666666666665e-09
3183,2.9166666666666667e-09
3184,1.2166666666666668e-09
3185,2.45e-09
3186,1.25e-09
3187,1.3166666666666667e-09
3188,1.0333333333333333e-09
3189,2.65e-09
3190,2.283333333333333e-09
3191,2.7666666666666666e-09
3192,1.2333333333333334e-09
3193,2.25e-09
3194,2.566666666666667e-09
3195,1.4e-09
3196,1.1666666666666668e-09
3197,2.5166666666666665e-09
3198,1.5666666666666666e-09
3199,2.8e-09
3200,2.1666666666666666e-09
3201,2.65e-09
3202,2.566666666666667e-09
3203,2.6833333333333334e-09
3204,2.5e-09
3205,1.9333333333333333e-09
3206,1.15e-09
3207,1.1333333333333333e-09
3208,2.25e-09
3209,1.0166666666666667e-09
3210,9.5e-10
3211,2.65e-09
3212,2.3666666666666668e-09
3213,9.666666666666666e-10
3214,2.4833333333333332e-09
3215,1.25e-09
3216,2.55e-09
3217,1.5833333333333334e-09
3218,1.1666666666666668e-09
3219,2.6333333333333333e-09
3220,2.5333333333333337e-09
3221,1.0666666666666667e-09
3222,2.283333333333333e-09
3223,1.45e-09
3224,2.4e-09
3225,1.2999999999999999e-09
3226,1.4e-09
3227,1.3666666666666667e-09
3228,1.2333333333333334e-09
3229,2.1500000000000002e-09
3230,2.35e-09
3231,2.283333333333333e-09
3232,1.7333333333333333e-09
3233,1.25e-09
3234,7.166666666666667e-10
3235,2.9666666666666668e-09
3236,1.45e-09
3237,1.7333333333333333e-09
3238,1.0666666666666667e-09
3239,1.0333333333333333e-09
3240,1.1833333333333334e-09
3241,2.4166666666666664e-09
3242,1.3333333333333333e-09
3243,1.45e-09
3244,1.3166666666666667e-09
3245,1.2166666666666668e-09
3246,1.3166666666666667e-09
3247,1.6833333333333333e-09
3248,1.1e-09
3249,1.25e-09
3250,1.7666666666666666e-09
3251,1.6166666666666667e-09
3252,1.7666666666666666e-09
3253,1.4e-09
3254,6.499999999999999e-10
3255,1.4833333333333334e-09
3256,1.6333333333333335e-09
3257,1.2999999999999999e-09
3258,1.7e-09
3259,2.3e-09
3260,1.5166666666666666e-09
3261,1.7e-09
3262,1.8166666666666666e-09
3263,1.65e-09
3264,1.7333333333333333e-09
3265,1.3833333333333333e-09
3266,1.9833333333333333e-09
3267,1.2166666666666668e-09
3268,1.75e-09
3269,1.4666666666666666e-09
3270,1.9666666666666665e-09
3271,2.4e-09
3272,1.3833333333333333e-09
3273,1.6833333333333333e-09
3274,1.4166666666666665e-09
3275,2.116666666666667e-09
3276,2.6333333333333333e-09
3277,2.4166666666666664e-09
3278,1.9666666666666665e-09
3279,1.4833333333333334e-09
3280,2.116666666666667e-09
3281,1.2666666666666668e-09
3282,1.55e-09
3283,2.7166666666666666e-09
3284,2.0833333333333334e-09
3285,2.45e-09
3286,1.3166666666666667e-09
3287,1.3166666666666667e-09
3288,1.5e-09
3289,1.3833333333333333e-09
3290,2.016666666666667e-09
3291,2.25e-09
3292,1.9333333333333333e-09
3293,1.3333333333333333e-09
3294,1.15e-09
3295,1.5833333333333334e-09
3296,2.3e-09
3297,1.0333333333333333e-09
3298,1.0833333333333333e-09
3299,1.0166666666666667e-09
3300,1.7666666666666666e-09
3301,1.9e-09
3302,1.4166666666666665e-09
3303,1.9666666666666665e-09
3304,1.4833333333333334e-09
3305,1.85e-09
3306,2.0666666666666666e-09
3307,2.1666666666666666e-09
3308,1.65e-09
3309,1.9666666666666665e-09
3310,1.1333333333333333e-09
3311,9.999999999999999e-10
3312,1.9e-09
3313,1.8333333333333334e-09
3314,1.7e-09
3315,1.6333333333333335e-09
3316,1.3333333333333333e-09
3317,1.6333333333333335e-09
3318,1.65e-09
3319,1.55e-09
3320,1.8e-09
3321,1.3666666666666667e-09
3322,1.2166666666666668e-09
3323,1.3666666666666667e-09
3324,1.6166666666666667e-09
3325,1.5666666666666666e-09
3326,1.3499999999999999e-09
3327,1.4e-09
3328,9.333333333333332e-10
3329,1.2833333333333335e-09
3330,1.4e-09
3331,1.5333333333333334e-09
3332,9.666666666666666e-10
3333,1.5166666666666666e-09
3334,1.1666666666666668e-09
3335,1.7166666666666665e-09
3336,8.833333333333333e-10
3337,2.383333333333333e-09
3338,2.0666666666666666e-09
3339,9e-10
3340,7.833333333333333e-10
3341,1.0666666666666667e-09
3342,9.166666666666667e-10
3343,9.666666666666666e-10
3344,1.0166666666666667e-09
3345,1.95e-09
3346,1.2833333333333335e-09
3347,2.35e-09
3348,8.166666666666667e-10
3349,7.5e-10
3350,1.25e-09
3351,2.1833333333333334e-09
3352,1.7833333333333334e-09
3353,2.2333333333333335e-09
3354,1.2666666666666668e-09
3355,1.4666666666666666e-09
3356,2.216666666666667e-09
3357,2.0833333333333334e-09
3358,2.0999999999999998e-09
3359,1.2833333333333335e-09
3360,2.0333333333333333e-09
3361,1.1e-09
3362,1.7833333333333334e-09
3363,2.2333333333333335e-09
3364,1.3499999999999999e-09
3365,1.8666666666666664e-09
3366,1.8166666666666666e-09
3367,1.4666666666666666e-09
3368,1.6333333333333335e-09
3369,1.4166666666666665e-09
3370,1.2166666666666668e-09
3371,1.4833333333333334e-09
3372,1.1333333333333333e-09
3373,1.65e-09
3374,9.5e-10
3375,1.0833333333333333e-09
3376,9.333333333333332e-10
3377,1.1333333333333333e-09
3378,1.2333333333333334e-09
3379,1.4333333333333333e-09
3380,7.833333333333333e-10
3381,1.3333333333333333e-09
3382,1.0166666666666667e-09
3383,1.1166666666666667e-09
3384,9.999999999999999e-10
3385,7.5e-10
3386,8.833333333333333e-10
3387,9.833333333333332e-10
3388,6e-10
3389,7.333333333333333e-10
3390,9.666666666666666e-10
3391,8e-10
3392,9.999999999999999e-10
3393,6.833333333333334e-10
3394,1.0666666666666667e-09
3395,1.0666666666666667e-09
3396,1.3499999999999999e-09
3397,1.5e-09
3398,1.1333333333333333e-09
3399,7.833333333333333e-10
3400,8e-10
3401,6.833333333333334e-10
3402,6.666666666666666e-10
3403,9e-10
3404,8e-10
3405,9.5e-10
3406,7.833333333333333e-10
3407,7.5e-10
3408,8.5e-10
3409,9.166666666666667e-10
3410,8.5e-10
3411,6.666666666666666e-10
3412,1.1666666666666668e-09
3413,6.333333333333334e-10
3414,7e-10
3415,1.1e-09
3416,5.666666666666667e-10
3417,5.5e-10
3418,9.333333333333332e-10
3419,1.55e-09
3420,1.3333333333333333e-09
3421,8.5e-10
3422,5.666666666666667e-10
3423,2.0999999999999998e-09
3424,4e-10
3425,1.0666666666666667e-09
3426,1.4e-09
3427,1.2e-09
3428,1.0666666666666667e-09
3429,1.2833333333333335e-09
3430,2.1833333333333334e-09
3431,1.3666666666666667e-09
3432,2.2e-09
3433,8.666666666666667e-10
3434,2.5166666666666665e-09
3435,4.5e-10
3436,1.5666666666666666e-09
3437,1.7166666666666665e-09
3438,5.333333333333334e-10
3439,1.7666666666666666e-09
3440,1.7333333333333333e-09
3441,2.2e-09
3442,1.3333333333333333e-09
3443,1.8166666666666666e-09
3444,1.7833333333333334e-09
3445,1.15e-09
3446,1.2333333333333334e-09
3447,1.6333333333333335e-09
3448,1.75e-09
3449,1.2e-09
3450,1.7666666666666666e-09
3451,1.3166666666666667e-09
3452,1.1e-09
3453,1.2333333333333334e-09
3454,1.1666666666666668e-09
3455,9.5e-10
3456,1.6333333333333335e-09
3457,1.65e-09
3458,1.5166666666666666e-09
3459,2.1666666666666666e-09
3460,1.8666666666666664e-09
3461,1.8166666666666666e-09
3462,1.4e-09
3463,1.6833333333333333e-09
3464,1.5333333333333334e-09
3465,2.2333333333333335e-09
3466,1.65e-09
3467,1.8e-09
3468,2.0833333333333334e-09
3469,1.7166666666666665e-09
3470,3.1333333333333333e-09
3471,1.6333333333333335e-09
3472,1.8333333333333334e-09
3473,2.4e-09
3474,2.7666666666666666e-09
3475,1.7166666666666665e-09
3476,1.8833333333333332e-09
3477,1.9666666666666665e-09
3478,1.5833333333333334e-09
3479,1.2999999999999999e-09
3480,1.45e-09
3481,1.3166666666666667e-09
3482,1.1333333333333333e-09
3483,1.9e-09
3484,1.6666666666666665e-09
3485,1.9333333333333333e-09
3486,1.2166666666666668e-09
3487,1.9e-09
3488,1.6666666666666665e-09
3489,1.3499999999999999e-09
3490,1.8666666666666664e-09
3491,1.2e-09
3492,1.4333333333333333e-09
3493,1.4333333333333333e-09
3494,1.3166666666666667e-09
3495,1.2999999999999999e-09
3496,1.4333333333333333e-09
3497,1.45e-09
3498,1.6333333333333335e-09
3499,1.4833333333333334e-09
3500,1.6166666666666667e-09
3501,1.2999999999999999e-09
3502,1.15e-09
3503,1.3333333333333333e-09
3504,1.9166666666666665e-09
3505,1.0333333333333333e-09
3506,1.6333333333333335e-09
3507,1.2166666666666668e-09
3508,1.1e-09
3509,1.1666666666666668e-09
3510,1.5833333333333334e-09
3511,1.0666666666666667e-09
3512,1.1e-09
3513,1.3666666666666667e-09
3514,1.6666666666666665e-09
3515,2.283333333333333e-09
3516,1.8e-09
3517,1.3166666666666667e-09
3518,1.0833333333333333e-09
3519,1.2166666666666668e-09
3520,1.1666666666666668e-09
3521,1.15e-09
3522,1.4666666666666666e-09
3523,1.3499999999999999e-09
3524,1.1666666666666668e-09
3525,1.6e-09
3526,1.7166666666666665e-09
3527,1.8833333333333332e-09
3528,1.2333333333333334e-09
3529,1.4666666666666666e-09
3530,1.6833333333333333e-09
3531,9.5e-10
3532,1.7e-09
3533,1.75e-09
3534,6.666666666666666e-10
3535,1.6666666666666665e-09
3536,1.8166666666666666e-09
3537,1.3166666666666667e-09
3538,1.0499999999999999e-09
3539,1.0666666666666667e-09
3540,9.833333333333332e-10
3541,1.5666666666666666e-09
3542,7.333333333333333e-10
3543,1.4e-09
3544,1.1333333333333333e-09
3545,1.2999999999999999e-09
3546,5.833333333333334e-10
3547,1.2999999999999999e-09
3548,9.833333333333332e-10
3549,8.666666666666667e-10
3550,7.833333333333333e-10
3551,8.166666666666667e-10
3552,9.166666666666667e-10
3553,7.333333333333333e-10
3554,1.2999999999999999e-09
3555,1.0333333333333333e-09
3556,1.4666666666666666e-09
3557,1.55e-09
3558,1.15e-09
3559,1.9e-09
3560,9.5e-10
3561,9.999999999999999e-10
3562,1.1166666666666667e-09
3563,8.666666666666667e-10
3564,8.833333333333333e-10
3565,9.666666666666666e-10
3566,1.2833333333333335e-09
3567,2.0666666666666666e-09
3568,6.166666666666667e-10
3569,6.833333333333334e-10
3570,2.3166666666666663e-09
3571,1.55e-09
3572,8.5e-10
3573,1.5166666666666666e-09
3574,5.666666666666667e-10
3575,4.833333333333333e-10
3576,8.833333333333333e-10
3577,1.7333333333333333e-09
3578,7.5e-10
3579,4.5e-10
3580,1.1333333333333333e-09
3581,6.333333333333334e-10
3582,1.1666666666666668e-09
3583,6.499999999999999e-10
3584,7.5e-10
3585,1.2166666666666668e-09
3586,9.833333333333332e-10
3587,1.3833333333333333e-09
3588,1.2999999999999999e-09
3589,8.833333333333333e-10
3590,1.25e-09
3591,2.35e-09
3592,8.666666666666667e-10
3593,9.166666666666667e-10
3594,1.0333333333333333e-09
3595,1.6166666666666667e-09
3596,8.166666666666667e-10
3597,1.2666666666666668e-09
3598,7.333333333333333e-10
3599,8.333333333333332e-10
3600,5.333333333333334e-10
3601,1.45e-09
3602,1.5e-09
3603,7.833333333333333e-10
3604,1.6e-09
3605,6.833333333333334e-10
3606,2.4999999999999996e-10
3607,1.7166666666666665e-09
3608,1.9999999999999997e-09
3609,1.75e-09
3610,3.8333333333333335e-10
3611,1.2833333333333335e-09
3612,1.9833333333333333e-09
3613,1.95e-09
3614,3.8333333333333335e-10
3615,2.1666666666666666e-09
3616,4e-10
3617,2.016666666666667e-09
3618,9.166666666666667e-10
3619,1.9666666666666665e-09
3620,8.833333333333333e-10
3621,9.999999999999999e-10
3622,1.8166666666666666e-09
3623,1.0833333333333333e-09
3624,1.9999999999999997e-09
3625,1.75e-09
3626,2.5333333333333337e-09
3627,3.066666666666667e-09
3628,1.8166666666666666e-09
3629,1.8666666666666664e-09
3630,1.8666666666666664e-09
3631,1.6833333333333333e-09
3632,7e-10
3633,9.5e-10
3634,8e-10
3635,9.333333333333332e-10
3636,1.7166666666666665e-09
3637,5.333333333333334e-10
3638,1.4833333333333334e-09
3639,9.833333333333332e-10
3640,8.333333333333332e-10
3641,1.2166666666666668e-09
3642,1.0499999999999999e-09
3643,1.4333333333333333e-09
3644,9.833333333333332e-10
3645,1.8166666666666666e-09
3646,2.25e-09
3647,9.999999999999999e-10
3648,2.3166666666666663e-09
3649,6.499999999999999e-10
3650,4.066666666666667e-09
3651,2.116666666666667e-09
3652,1.0499999999999999e-09
3653,2.4e-09
3654,6.666666666666666e-10
3655,3.3833333333333334e-09
3656,2.2666666666666667e-09
3657,2.016666666666667e-09
3658,6.499999999999999e-10
3659,1.9e-09
3660,7.666666666666667e-10
3661,4.999999999999999e-10
3662,5.166666666666666e-10
3663,4.133333333333333e-09
3664,1.0499999999999999e-09
3665,2.016666666666667e-09
3666,4.4e-09
3667,1.9999999999999997e-09
3668,2.35e-09
3669,1.1e-09
3670,3.8666666666666665e-09
3671,3.166666666666667e-09
3672,2.666666666666667e-10
3673,8.166666666666667e-10
3674,1.1333333333333333e-09
3675,1.0166666666666667e-09
3676,3.733333333333333e-09
3677,3.1e-09
3678,1.1833333333333334e-09
3679,1.0499999999999999e-09
3680,2.9500000000000004e-09
3681,7.666666666666667e-10
3682,3.0166666666666664e-09
3683,3.2166666666666665e-09
3684,2.8666666666666667e-09
3685,8.833333333333333e-10
3686,8e-10
3687,3.533333333333333e-09
3688,3.3833333333333334e-09
3689,1.5333333333333334e-09
3690,6.666666666666666e-10
3691,3.033333333333333e-09
3692,1.0166666666666667e-09
3693,1.2333333333333334e-09
3694,3e-10
3695,6.333333333333334e-10
3696,1.7e-09
3697,2.8166666666666667e-09
3698,1.25e-09
3699,3.4666666666666667e-09
3700,8.166666666666667e-10
3701,3.55e-09
3702,9.666666666666666e-10
3703,3.2333333333333333e-09
3704,1.2833333333333335e-09
3705,2.2e-09
3706,3.3166666666666666e-09
3707,2.6833333333333334e-09
3708,9.999999999999999e-10
3709,2.283333333333333e-09
3710,1.1833333333333334e-09
3711,6.7166666666666664e-09
3712,1.0833333333333333e-09
3713,3.1166666666666665e-09
3714,2.9666666666666668e-09
3715,2.8500000000000003e-09
3716,7.833333333333333e-10
3717,4e-10
3718,2.833333333333333e-09
3719,6.833333333333334e-10
3720,7.333333333333333e-10
3721,1.0166666666666667e-09
3722,2.9166666666666667e-09
3723,2.4833333333333332e-09
3724,3.1833333333333333e-09
3725,1.4e-09
3726,1.6666666666666665e-09
3727,7e-10
3728,3.1e-09
3729,2.9500000000000004e-09
3730,3.05e-09
3731,2.9e-09
3732,3.1333333333333333e-09
3733,2.9e-09
3734,3.5e-09
3735,9.333333333333332e-10
3736,5.65e-09
3737,7.5e-10
3738,2.8500000000000003e-09
3739,2.7500000000000002e-09
3740,3.3e-09
3741,3.333333333333333e-09
3742,1.2e-09
3743,8.166666666666667e-10
3744,3.1e-09
3745,3.633333333333333e-09
3746,3.5e-09
3747,7.5e-10
3748,5.333333333333334e-10
3749,4.116666666666666e-09
3750,3.266666666666667e-09
3751,3.166666666666667e-10
3752,2.8833333333333335e-09
3753,4.9e-09
3754,3.6e-09
3755,4.033333333333334e-09
3756,3.7e-09
3757,1.4e-09
3758,1.5833333333333334e-09
3759,1.1333333333333333e-09
3760,3.7166666666666664e-09
3761,1.4833333333333334e-09
3762,1.6833333333333333e-09
3763,9.1e-09
3764,3.916666666666667e-09
3765,3.7e-09
3766,2.016666666666667e-09
3767,3.7e-09
3768,1.6666666666666665e-09
3769,3.7166666666666664e-09
3770,3.633333333333333e-09
3771,3.4166666666666667e-09
3772,1.75e-09
3773,1.6166666666666667e-09
3774,1.5333333333333334e-09
3775,3.85e-09
3776,4.616666666666667e-09
3777,4.066666666666667e-09
3778,3.7666666666666665e-09
3779,1.5333333333333334e-09
3780,1.7833333333333334e-09
3781,1.4833333333333334e-09
3782,1.5666666666666666e-09
3783,2.116666666666667e-09
3784,1.7166666666666665e-09
3785,4.05e-09
3786,3.6833333333333336e-09
3787,1.9833333333333333e-09
3788,3.966666666666667e-09
3789,1.8666666666666664e-09
3790,1.9999999999999997e-09
3791,2.05e-09
3792,3.783333333333333e-09
3793,4.216666666666666e-09
3794,1.8833333333333332e-09
3795,2.45e-09
3796,4.333333333333333e-09
3797,4.216666666666666e-09
3798,1.8666666666666664e-09
3799,3.816666666666667e-09
3800,3.9e-09
3801,2.1333333333333334e-09
3802,4.066666666666667e-09
3803,1.7666666666666666e-09
3804,1.9999999999999997e-09
3805,4.033333333333334e-09
3806,2.0333333333333333e-09
3807,2.4166666666666664e-09
3808,2.383333333333333e-09
3809,1.8166666666666666e-09
3810,2.0833333333333334e-09
3811,1.9999999999999997e-09
3812,3.6e-09
3813,3.7166666666666664e-09
3814,3.883333333333333e-09
3815,1.9333333333333333e-09
3816,4.033333333333334e-09
3817,1.9999999999999997e-09
3818,3.6833333333333336e-09
3819,3.5666666666666668e-09
3820,1.9e-09
3821,3.9999999999999994e-09
3822,3.3166666666666666e-09
3823,3.733333333333333e-09
3824,2.3166666666666663e-09
3825,1.4666666666666666e-09
3826,3.2833333333333334e-09
3827,3.3e-09
3828,1.2666666666666668e-09
3829,1.3499999999999999e-09
3830,1.2999999999999999e-09
3831,1.2e-09
3832,1.2999999999999999e-09
3833,3.433333333333333e-09
3834,3.4e-09
3835,3.2e-09
3836,3.3833333333333334e-09
3837,3.166666666666667e-09
3838,1.4e-09
3839,1.3166666666666667e-09
3840,9.333333333333332e-10
3841,3.3500000000000002e-09
3842,3.2166666666666665e-09
3843,3.883333333333333e-09
3844,3.633333333333333e-09
3845,1.2833333333333335e-09
3846,3.3500000000000002e-09
3847,1.2166666666666668e-09
3848,3.5666666666666668e-09
3849,3.5833333333333336e-09
3850,3.55e-09
3851,3.45e-09
3852,1.3499999999999999e-09
3853,3.816666666666667e-09
3854,3.733333333333333e-09
3855,3.1333333333333333e-09
3856,3.266666666666667e-09
3857,6.499999999999999e-10
3858,1.2e-09
3859,2.3666666666666668e-09
3860,1.55e-09
3861,3.4833333333333335e-09
3862,1.6833333333333333e-09
3863,4.483333333333333e-09
3864,2.8666666666666667e-09
3865,1.3499999999999999e-09
3866,3.1e-09
3867,1.9166666666666665e-09
3868,3.2333333333333333e-09
3869,1.95e-09
3870,1.6e-09
3871,3.1e-09
3872,3.1e-09
3873,1.2666666666666668e-09
3874,3e-09
3875,2.5833333333333333e-09
3876,1.8166666666666666e-09
3877,1.3833333333333333e-09
3878,1.1833333333333334e-09
3879,2.8833333333333335e-09
3880,1.6e-09
3881,2.7166666666666666e-09
3882,1.5166666666666666e-09
3883,1.5833333333333334e-09
3884,3e-09
3885,2.7666666666666666e-09
3886,2.8666666666666667e-09
3887,2.6833333333333334e-09
3888,1.15e-09
3889,1.3499999999999999e-09
3890,2.5166666666666665e-09
3891,4.116666666666666e-09
3892,1.4666666666666666e-09
3893,1.1833333333333334e-09
3894,1.3499999999999999e-09
3895,2.566666666666667e-09
3896,1.5666666666666666e-09
3897,2.2666666666666667e-09
3898,2.7666666666666666e-09
3899,1.2666666666666668e-09
3900,2.5833333333333333e-09
3901,2.5999999999999997e-09
3902,1.3333333333333333e-09
3903,2.3e-09
3904,1.2166666666666668e-09
3905,1.2e-09
3906,1.15e-09
3907,1.8166666666666666e-09
3908,1.0333333333333333e-09
3909,1.2e-09
3910,1.5333333333333334e-09
3911,2.65e-09
3912,2.2666666666666667e-09
3913,1.2333333333333334e-09
3914,1.9833333333333333e-09
3915,2.8500000000000003e-09
3916,2.1333333333333334e-09
3917,2.383333333333333e-09
3918,2.0833333333333334e-09
3919,1.8333333333333334e-09
3920,1.7333333333333333e-09
3921,1.8e-09
3922,1.9166666666666665e-09
3923,1.9333333333333333e-09
3924,2.0999999999999998e-09
3925,2.116666666666667e-09
3926,1.7666666666666666e-09
3927,2.25e-09
3928,2.283333333333333e-09
3929,1.8166666666666666e-09
3930,1.8166666666666666e-09
3931,2.4833333333333332e-09
3932,1.75e-09
3933,2.05e-09
3934,1.95e-09
3935,1.65e-09
3936,1.7166666666666665e-09
3937,2.016666666666667e-09
3938,1.45e-09
3939,2.016666666666667e-09
3940,2.1833333333333334e-09
3941,2.216666666666667e-09
3942,1.25e-09
3943,1.8333333333333334e-09
3944,2.0333333333333333e-09
3945,1.2333333333333334e-09
3946,1.5333333333333334e-09
3947,1.1833333333333334e-09
3948,1.7e-09
3949,1.7666666666666666e-09
3950,1.15e-09
3951,9.5e-10
3952,1.9166666666666665e-09
3953,1.5e-09
3954,2.3166666666666663e-09
3955,7.833333333333333e-10
3956,1.6833333333333333e-09
3957,1.5166666666666666e-09
3958,2.0333333333333333e-09
3959,7.333333333333333e-10
3960,2.0666666666666666e-09
3961,6.333333333333334e-10
3962,1.9e-09
3963,1.4833333333333334e-09
3964,2.7166666666666666e-09
3965,2.1833333333333334e-09
3966,2.1666666666666666e-09
3967,1.4666666666666666e-09
3968,6.499999999999999e-10
3969,2.5333333333333337e-09
3970,1.1166666666666667e-09
3971,1.4e-09
3972,1.4e-09
3973,2.0333333333333333e-09
3974,2.2333333333333335e-09
3975,1.5666666666666666e-09
3976,1.2166666666666668e-09
3977,2.016666666666667e-09
3978,1.1833333333333334e-09
3979,1.9333333333333333e-09
3980,2.1333333333333334e-09
3981,1.3666666666666667e-09
3982,1.9166666666666665e-09
3983,1.0166666666666667e-09
3984,2.6833333333333334e-09
3985,2.1666666666666666e-09
3986,1.2999999999999999e-09
3987,2.7833333333333334e-09
3988,1.1833333333333334e-09
3989,1.2833333333333335e-09
3990,2.7666666666666666e-09
3991,2.9666666666666668e-09
3992,1.2833333333333335e-09
3993,2.1666666666666666e-09
3994,2.7833333333333334e-09
3995,1.1333333333333333e-09
3996,1.7166666666666665e-09
3997,1.2333333333333334e-09
3998,2.7166666666666666e-09
3999,1.2333333333333334e-09
4000,7.833333333333333e-10
4001,9.5e-10
4002,1.8e-09
4003,1.4666666666666666e-09
4004,1.6666666666666665e-09
4005,1.9e-09
4006,2.4333333333333336e-09
4007,1.6e-09
4008,1.7666666666666666e-09
4009,3.4166666666666667e-09
4010,2.25e-09
4011,1.6666666666666665e-09
4012,2.55e-09
4013,1.2333333333333334e-09
4014,2.4833333333333332e-09
4015,1.8166666666666666e-09
4016,2.6166666666666665e-09
4017,1.6166666666666667e-09
4018,2.7500000000000002e-09
4019,2.5166666666666665e-09
4020,1.5666666666666666e-09
4021,2.4333333333333336e-09
4022,2.3333333333333335e-09
4023,1.5166666666666666e-09
4024,1.4333333333333333e-09
4025,1.9166666666666665e-09
4026,2.3e-09
4027,9.666666666666666e-10
4028,1.5e-09
4029,2.1833333333333334e-09
4030,1.2999999999999999e-09
4031,1.3499999999999999e-09
4032,1.6666666666666665e-09
4033,1.6333333333333335e-09
4034,1.1333333333333333e-09
4035,1.5166666666666666e-09
4036,2.0333333333333333e-09
4037,2.1833333333333334e-09
4038,1.75e-09
4039,1.4333333333333333e-09
4040,2.6833333333333334e-09
4041,1.8333333333333334e-09
4042,2.6333333333333333e-09
4043,2.0333333333333333e-09
4044,2.1500000000000002e-09
4045,2.7333333333333334e-09
4046,2.2666666666666667e-09
4047,2.5333333333333337e-09
4048,1.7666666666666666e-09
4049,1.8166666666666666e-09
4050,2.1500000000000002e-09
4051,2.7666666666666666e-09
4052,1.9166666666666665e-09
4053,2.7666666666666666e-09
4054,2.5333333333333337e-09
4055,3.25e-09
4056,2.6333333333333333e-09
4057,2.7166666666666666e-09
4058,2.566666666666667e-09
4059,2.05e-09
4060,2.3166666666666663e-09
4061,3e-09
4062,2.0833333333333334e-09
4063,2.5999999999999997e-09
4064,2.5166666666666665e-09
4065,2.4833333333333332e-09
4066,1.9833333333333333e-09
4067,1.9666666666666665e-09
4068,4.616666666666667e-09
4069,1.6e-09
4070,1.4333333333333333e-09
4071,2.8833333333333335e-09
4072,3.15e-09
4073,1.4833333333333334e-09
4074,3.3e-09
4075,1.8166666666666666e-09
4076,1.85e-09
4077,1.5666666666666666e-09
4078,1.95e-09
4079,4.483333333333333e-09
4080,1.9166666666666665e-09
4081,1.85e-09
4082,1.85e-09
4083,4.233333333333334e-09
4084,2.0833333333333334e-09
4085,1.95e-09
4086,2.1666666666666666e-09
4087,2.3e-09
4088,2.116666666666667e-09
4089,2.05e-09
4090,2.5e-09
4091,1.85e-09
4092,2.5833333333333333e-09
4093,2.7166666666666666e-09
4094,2.1833333333333334e-09
4095,2.0833333333333334e-09
4096,1.9999999999999997e-09
4097,2.383333333333333e-09
4098,3.5833333333333336e-09
4099,2.116666666666667e-09
4100,2.116666666666667e-09
4101,2.8166666666666667e-09
4102,2.35e-09
4103,2.25e-09
4104,1.6833333333333333e-09
4105,2.0999999999999998e-09
4106,2.2666666666666667e-09
4107,2.7833333333333334e-09
4108,2.8500000000000003e-09
4109,1.6666666666666665e-09
4110,4.833333333333333e-09
4111,2.566666666666667e-09
4112,2.55e-09
4113,1.6333333333333335e-09
4114,1.65e-09
4115,1.9e-09
4116,2.0333333333333333e-09
4117,1.9333333333333333e-09
4118,2.35e-09
4119,1.3833333333333333e-09
4120,2.9e-09
4121,2.55e-09
4122,2.0833333333333334e-09
4123,1.7e-09
4124,2.4833333333333332e-09
4125,2.5e-09
4126,2.2666666666666667e-09
4127,3.3666666666666666e-09
4128,1.5e-09
4129,1.9666666666666665e-09
4130,2.466666666666667e-09
4131,1.2999999999999999e-09
4132,1.65e-09
4133,1.5333333333333334e-09
4134,2.0333333333333333e-09
4135,2.9e-09
4136,2.9166666666666667e-09
4137,1.8166666666666666e-09
4138,2.8500000000000003e-09
4139,2.45e-09
4140,2.0999999999999998e-09
4141,2.3166666666666663e-09
4142,1.9e-09
4143,2.1333333333333334e-09
4144,3.166666666666667e-09
4145,3.266666666666667e-09
4146,1.8333333333333334e-09
4147,2.1833333333333334e-09
4148,2.0999999999999998e-09
4149,2.1666666666666666e-09
4150,2.1666666666666666e-09
4151,2.7333333333333334e-09
4152,2.05e-09
4153,2.4833333333333332e-09
4154,1.5833333333333334e-09
4155,2.65e-09
4156,2.4e-09
4157,1.5666666666666666e-09
4158,2.466666666666667e-09
4159,1.6833333333333333e-09
4160,2.466666666666667e-09
4161,1.4166666666666665e-09
4162,1.55e-09
4163,1.7833333333333334e-09
4164,2.2333333333333335e-09
4165,2.566666666666667e-09
4166,2.05e-09
4167,1.1333333333333333e-09
4168,1.2833333333333335e-09
4169,2.7333333333333334e-09
4170,1.4333333333333333e-09
4171,1.7333333333333333e-09
4172,1.4e-09
4173,2.116666666666667e-09
4174,1.9e-09
4175,1.9833333333333333e-09
4176,1.7166666666666665e-09
4177,1.55e-09
4178,2.5e-09
4179,2.2666666666666667e-09
4180,2.9166666666666667e-09
4181,8.333333333333332e-10
4182,1.9333333333333333e-09
4183,8.833333333333333e-10
4184,9.166666666666667e-10
4185,2.1333333333333334e-09
4186,9.5e-10
4187,9.666666666666666e-10
4188,2.7833333333333334e-09
4189,1.8833333333333332e-09
4190,2.4833333333333332e-09
4191,2.55e-09
4192,2.3e-09
4193,3.1166666666666665e-09
4194,2.4e-09
4195,3.1833333333333333e-09
4196,1.0333333333333333e-09
4197,2.383333333333333e-09
4198,8.333333333333332e-10
4199,2.6999999999999998e-09
4200,8.166666666666667e-10
4201,1.25e-09
4202,9.166666666666667e-10
4203,2.6999999999999998e-09
4204,5.5e-10
4205,2.5999999999999997e-09
4206,1.0333333333333333e-09
4207,2.5e-09
4208,9.166666666666667e-10
4209,2.5166666666666665e-09
4210,2.4e-09
4211,7e-10
4212,2.4333333333333336e-09
4213,2.283333333333333e-09
4214,6e-10
4215,2.3333333333333335e-09
4216,7.5e-10
4217,2.2333333333333335e-09
4218,6.333333333333334e-10
4219,6.333333333333334e-10
4220,2.65e-09
4221,2.283333333333333e-09
4222,6.833333333333334e-10
4223,5.5e-10
4224,5.833333333333334e-10
4225,2.4e-09
4226,9.333333333333332e-10
4227,1.2999999999999999e-09
4228,2.5833333333333333e-09
4229,8e-10
4230,7.333333333333333e-10
4231,2.25e-09
4232,6.499999999999999e-10
4233,1.2333333333333334e-09
4234,8.833333333333333e-10
4235,1.0333333333333333e-09
4236,2.5166666666666665e-09
4237,2.35e-09
4238,1.7333333333333333e-09
4239,1.2999999999999999e-09
4240,1.2166666666666668e-09
4241,1.65e-09
4242,1.4833333333333334e-09
4243,1.7833333333333334e-09
4244,2.983333333333333e-09
4245,2.5166666666666665e-09
4246,2.7166666666666666e-09
4247,2.1833333333333334e-09
4248,1.4166666666666665e-09
4249,2.6999999999999998e-09
4250,1.6333333333333335e-09
4251,2.7833333333333334e-09
4252,1.1833333333333334e-09
4253,1.3833333333333333e-09
4254,1.2333333333333334e-09
4255,2.016666666666667e-09
4256,2.3166666666666663e-09
4257,2.0999999999999998e-09
4258,1.6166666666666667e-09
4259,2.0333333333333333e-09
4260,1.2e-09
4261,1.2999999999999999e-09
4262,1.0333333333333333e-09
4263,1.9833333333333333e-09
4264,1.2833333333333335e-09
4265,2.9e-09
4266,2.9666666666666668e-09
4267,2.7833333333333334e-09
4268,2.2666666666666667e-09
4269,3.533333333333333e-09
4270,1.1833333333333334e-09
4271,1.9166666666666665e-09
4272,2.05e-09
4273,1.85e-09
4274,1.2833333333333335e-09
4275,1.4666666666666666e-09
4276,2.3666666666666668e-09
4277,4.65e-09
4278,1.4333333333333333e-09
4279,1.55e-09
4280,1.5666666666666666e-09
4281,1.0666666666666667e-09
4282,2.8166666666666667e-09
4283,2.05e-09
4284,2.05e-09
4285,1.9999999999999997e-09
4286,1.5333333333333334e-09
4287,2.55e-09
4288,3.4166666666666667e-09
4289,1.45e-09
4290,1.55e-09
4291,3.333333333333333e-09
4292,3.2e-09
4293,1.0666666666666667e-09
4294,2.7666666666666666e-09
4295,3.5833333333333336e-09
4296,2.5166666666666665e-09
4297,3.883333333333333e-09
4298,2.5333333333333337e-09
4299,3.6166666666666668e-09
4300,3.25e-09
4301,1.6833333333333333e-09
4302,1.8833333333333332e-09
4303,1.6e-09
4304,2.9e-09
4305,3.3666666666666666e-09
4306,3.033333333333333e-09
4307,1.2166666666666668e-09
4308,3.533333333333333e-09
4309,3e-09
4310,2.3166666666666663e-09
4311,2.9166666666666667e-09
4312,1.3666666666666667e-09
4313,2.9e-09
4314,1.55e-09
4315,1.45e-09
4316,1.3666666666666667e-09
4317,1.6e-09
4318,1.65e-09
4319,1.3499999999999999e-09
4320,2.6999999999999998e-09
4321,2.0333333333333333e-09
4322,2.45e-09
4323,1.25e-09
4324,1.2999999999999999e-09
4325,2.6166666666666665e-09
4326,2.1333333333333334e-09
4327,2.933333333333333e-09
4328,2.7166666666666666e-09
4329,1.7333333333333333e-09
4330,1.3333333333333333e-09
4331,3.3500000000000002e-09
4332,1.1833333333333334e-09
4333,2.7333333333333334e-09
4334,2.1500000000000002e-09
4335,2.983333333333333e-09
4336,1.3666666666666667e-09
4337,9.999999999999999e-10
4338,3.5833333333333336e-09
4339,2.3166666666666663e-09
4340,3.5666666666666668e-09
4341,1.9666666666666665e-09
4342,2.05e-09
4343,1.1e-09
4344,1.9166666666666665e-09
4345,2.1333333333333334e-09
4346,2.3666666666666668e-09
4347,2.116666666666667e-09
4348,2.6333333333333333e-09
4349,8.333333333333332e-10
4350,3.8666666666666665e-09
4351,8.166666666666667e-10
4352,1.8e-09
4353,2.0833333333333334e-09
4354,2.2333333333333335e-09
4355,3.9999999999999994e-09
4356,1.7e-09
4357,2.0666666666666666e-09
4358,3.5166666666666667e-09
4359,1.5333333333333334e-09
4360,3.816666666666667e-09
4361,2.5833333333333333e-09
4362,2.0333333333333333e-09
4363,2.2333333333333335e-09
4364,9.833333333333332e-10
4365,3.5833333333333336e-09
4366,5.5e-10
4367,1.5666666666666666e-09
4368,1.9333333333333333e-09
4369,7.5e-10
4370,3.4666666666666667e-09
4371,2.25e-09
4372,2.8e-09
4373,2.1666666666666666e-09
4374,2.3e-09
4375,8e-10
4376,2.3166666666666663e-09
4377,2.6333333333333333e-09
4378,7.333333333333333e-10
4379,4.5e-10
4380,3.2e-09
4381,2.1833333333333334e-09
4382,3.95e-09
4383,2.3333333333333335e-09
4384,2.0666666666666666e-09
4385,2.3333333333333335e-09
4386,3.3500000000000002e-09
4387,2.8e-09
4388,1.85e-09
4389,6.333333333333334e-10
4390,2.283333333333333e-09
4391,1.4166666666666665e-09
4392,2.0999999999999998e-09
4393,2.4333333333333336e-09
4394,2.3166666666666663e-09
4395,1.7666666666666666e-09
4396,2.6833333333333334e-09
4397,2.0666666666666666e-09
4398,2.216666666666667e-09
4399,1.4333333333333333e-09
4400,2.1500000000000002e-09
4401,2.1833333333333334e-09
4402,2.25e-09
4403,2.3333333333333335e-09
4404,2.0833333333333334e-09
4405,2.283333333333333e-09
4406,1.2999999999999999e-09
4407,2.5333333333333337e-09
4408,1.1333333333333333e-09
4409,1.95e-09
4410,1.9333333333333333e-09
4411,1.2166666666666668e-09
4412,1.8166666666666666e-09
4413,1.1333333333333333e-09
4414,1.6166666666666667e-09
4415,9.833333333333332e-10
4416,1.1333333333333333e-09
4417,1.75e-09
4418,6.666666666666666e-10
4419,8.5e-10
4420,1.7833333333333334e-09
4421,1.4666666666666666e-09
4422,1.4e-09
4423,1.2833333333333335e-09
4424,1.45e-09
4425,1.25e-09
4426,1.5166666666666666e-09
4427,1.3666666666666667e-09
4428,1.8e-09
4429,1.3833333333333333e-09
4430,3e-10
4431,1.2833333333333335e-09
4432,9.833333333333332e-10
4433,1.7166666666666665e-09
4434,1.55e-09
4435,9.333333333333332e-10
4436,7.166666666666667e-10
4437,1.2166666666666668e-09
4438,1.1666666666666668e-09
4439,7.166666666666667e-10
4440,8.666666666666667e-10
4441,8.5e-10
4442,6.333333333333334e-10
4443,6.166666666666667e-10
4444,1.0666666666666667e-09
4445,1.2833333333333335e-09
4446,8.833333333333333e-10
4447,5.833333333333334e-10
4448,6.666666666666666e-10
4449,9.833333333333332e-10
4450,7.166666666666667e-10
4451,9.833333333333332e-10
4452,7.166666666666667e-10
4453,6.666666666666666e-10
4454,6.666666666666666e-10
4455,7e-10
4456,6.166666666666667e-10
4457,5.166666666666666e-10
4458,4.999999999999999e-10
4459,3.8333333333333335e-10
4460,6.833333333333334e-10
4461,4.666666666666666e-10
4462,4.999999999999999e-10
4463,6.333333333333334e-10
4464,3.8333333333333335e-10
4465,4e-10
4466,1.2e-09
4467,6.166666666666667e-10
4468,5.5e-10
4469,5.166666666666666e-10
4470,6.666666666666666e-10
4471,1.15e-09
4472,7.666666666666667e-10
4473,4.5e-10
4474,9.333333333333332e-10
4475,4.5e-10
4476,4.999999999999999e-10
4477,8.166666666666667e-10
4478,4.666666666666666e-10
4479,9.666666666666666e-10
4480,8.833333333333333e-10
4481,6.166666666666667e-10
4482,1.0166666666666667e-09
4483,9.999999999999999e-10
4484,4.999999999999999e-10
4485,6.499999999999999e-10
4486,9.999999999999999e-10
4487,7.5e-10
4488,5.166666666666666e-10
4489,1.2999999999999999e-09
4490,9.999999999999999e-10
4491,9e-10
4492,8.333333333333332e-10
4493,8.5e-10
4494,1.0666666666666667e-09
4495,5.666666666666667e-10
4496,8.5e-10
4497,6e-10
4498,8.666666666666667e-10
4499,8.833333333333333e-10
4500,9.833333333333332e-10
4501,8.833333333333333e-10
4502,1.4e-09
4503,1.1166666666666667e-09
4504,1.8666666666666664e-09
4505,1.2333333333333334e-09
4506,4.999999999999999e-10
4507,1.1e-09
4508,7.5e-10
4509,1.95e-09
4510,7.5e-10
4511,1.5666666666666666e-09
4512,9.5e-10
4513,7.166666666666667e-10
4514,1.2166666666666668e-09
4515,1.75e-09
4516,2.1333333333333334e-09
4517,1.2999999999999999e-09
4518,9.5e-10
4519,1.75e-09
4520,1.3333333333333333e-09
4521,1.0833333333333333e-09
4522,1.2e-09
4523,2.2e-09
4524,1.2666666666666668e-09
4525,1.9666666666666665e-09
4526,1.2666666666666668e-09
4527,1.3333333333333333e-09
4528,1.1333333333333333e-09
4529,9.333333333333332e-10
4530,1.4333333333333333e-09
4531,1.75e-09
4532,1.6666666666666665e-09
4533,1.7833333333333334e-09
4534,4.999999999999999e-10
4535,2.2e-09
4536,7.833333333333333e-10
4537,1.4166666666666665e-09
4538,1.1e-09
4539,4.999999999999999e-10
4540,1.9e-09
4541,1.4166666666666665e-09
4542,9e-10
4543,9.666666666666666e-10
4544,4.5e-10
4545,1.9166666666666665e-09
4546,9.5e-10
4547,1.55e-09
4548,1.1833333333333334e-09
4549,1.0499999999999999e-09
4550,1.2166666666666668e-09
4551,1.15e-09
4552,1.1e-09
4553,1.1833333333333334e-09
4554,1.1833333333333334e-09
4555,1.1e-09
4556,8.666666666666667e-10
4557,8e-10
4558,9.166666666666667e-10
4559,1.3166666666666667e-09
4560,1.45e-09
4561,1.8e-09
4562,1.2999999999999999e-09
4563,8.666666666666667e-10
4564,1.7333333333333333e-09
4565,5.333333333333334e-10
4566,1.2166666666666668e-09
4567,1.0833333333333333e-09
4568,9.666666666666666e-10
4569,4.666666666666666e-10
4570,1.1333333333333333e-09
4571,1.6333333333333335e-09
4572,7.5e-10
4573,1.8666666666666664e-09
4574,1.2e-09
4575,1.7833333333333334e-09
4576,1.6e-09
4577,5.833333333333334e-10
4578,1.2666666666666668e-09
4579,1.3666666666666667e-09
4580,1.4833333333333334e-09
4581,1.6833333333333333e-09
4582,1.4166666666666665e-09
4583,7.5e-10
4584,1.4333333333333333e-09
4585,1.45e-09
4586,1.3499999999999999e-09
4587,1.65e-09
4588,1.8e-09
4589,1.5e-09
4590,1.6333333333333335e-09
4591,1.5166666666666666e-09
4592,1.2999999999999999e-09
4593,2.05e-09
4594,1.8e-09
4595,1.8333333333333334e-09
4596,1.4333333333333333e-09
4597,9.5e-10
4598,1.2333333333333334e-09
4599,1.3833333333333333e-09
4600,1.7666666666666666e-09
4601,1.5333333333333334e-09
4602,1.2999999999999999e-09
4603,2.0999999999999998e-09
4604,2.466666666666667e-09
4605,2.283333333333333e-09
4606,1.75e-09
4607,1.2999999999999999e-09
4608,9.666666666666666e-10
4609,1.2e-09
4610,8.5e-10
4611,1.2999999999999999e-09
4612,1.5e-09
4613,1.5833333333333334e-09
4614,7.333333333333333e-10
4615,1.95e-09
4616,5.5e-10
4617,1.9e-09
4618,1.5833333333333334e-09
4619,1.7333333333333333e-09
4620,2.116666666666667e-09
4621,1.2999999999999999e-09
4622,1.5333333333333334e-09
4623,1.5333333333333334e-09
4624,1.45e-09
4625,1.3166666666666667e-09
4626,1.25e-09
4627,1.6e-09
4628,1.4833333333333334e-09
4629,9.333333333333332e-10
4630,9.333333333333332e-10
4631,9.666666666666666e-10
4632,1.4333333333333333e-09
4633,9.833333333333332e-10
4634,1.1e-09
4635,1.15e-09
4636,1.2e-09
4637,1.1333333333333333e-09
4638,1.15e-09
4639,2.2333333333333335e-09
4640,9e-10
4641,1.4e-09
4642,8.666666666666667e-10
4643,2.4833333333333332e-09
4644,1.6666666666666665e-09
4645,3.066666666666667e-09
4646,1.7166666666666665e-09
4647,1.6e-09
4648,2.7833333333333334e-09
4649,1.8333333333333334e-09
4650,8.166666666666667e-10
4651,8.833333333333333e-10
4652,1.6166666666666667e-09
4653,1.1e-09
4654,1.7333333333333333e-09
4655,1.45e-09
4656,1.1833333333333334e-09
4657,2.7500000000000002e-09
4658,1.2166666666666668e-09
4659,1.8e-09
4660,2.55e-09
4661,1.55e-09
4662,1.1833333333333334e-09
4663,1.4666666666666666e-09
4664,1.45e-09
4665,2.5166666666666665e-09
4666,1.65e-09
4667,2.5e-09
4668,1.4666666666666666e-09
4669,1.2999999999999999e-09
4670,1.4333333333333333e-09
4671,1.9e-09
4672,1.2999999999999999e-09
4673,1.7166666666666665e-09
4674,1.9666666666666665e-09
4675,1.9e-09
4676,1.6333333333333335e-09
4677,1.8666666666666664e-09
4678,1.2e-09
4679,1.15e-09
4680,1.3666666666666667e-09
4681,1.25e-09
4682,1.2833333333333335e-09
4683,1.3499999999999999e-09
4684,1.6333333333333335e-09
4685,1.7666666666666666e-09
4686,1.3833333333333333e-09
4687,2.0999999999999998e-09
4688,1.65e-09
4689,2.566666666666667e-09
4690,1.5166666666666666e-09
4691,1.0666666666666667e-09
4692,1.3333333333333333e-09
4693,1.4833333333333334e-09
4694,1.2166666666666668e-09
4695,1.7666666666666666e-09
4696,1.25e-09
4697,1.4666666666666666e-09
4698,1.2999999999999999e-09
4699,1.15e-09
4700,1.0499999999999999e-09
4701,1.4333333333333333e-09
4702,1.3166666666666667e-09
4703,9.333333333333332e-10
4704,1.5e-09
4705,1.2833333333333335e-09
4706,1.25e-09
4707,1.2333333333333334e-09
4708,9e-10
4709,9.833333333333332e-10
4710,8.333333333333332e-10
4711,1.0499999999999999e-09
4712,1.1666666666666668e-09
4713,1.3166666666666667e-09
4714,1.3333333333333333e-09
4715,5.5e-10
4716,1.0499999999999999e-09
4717,1.2666666666666668e-09
4718,1.4166666666666665e-09
4719,1.5333333333333334e-09
4720,1.2999999999999999e-09
4721,1.3833333333333333e-09
4722,1.65e-09
4723,1.6166666666666667e-09
4724,1.0333333333333333e-09
4725,1.3499999999999999e-09
4726,1.65e-09
4727,1.4166666666666665e-09
4728,1.9333333333333333e-09
4729,1.3333333333333333e-09
4730,1.3499999999999999e-09
4731,9.666666666666666e-10
4732,1.6e-09
4733,1.5333333333333334e-09
4734,2.116666666666667e-09
4735,9.5e-10
4736,1.1833333333333334e-09
4737,1.9666666666666665e-09
4738,9.333333333333332e-10
4739,9.999999999999999e-10
4740,8.5e-10
4741,8.5e-10
4742,1.9666666666666665e-09
4743,7e-10
4744,7e-10
4745,7.166666666666667e-10
4746,1.5166666666666666e-09
4747,1.6666666666666665e-09
4748,1.3499999999999999e-09
4749,1.0333333333333333e-09
4750,7.833333333333333e-10
4751,1.75e-09
4752,1.1e-09
4753,7e-10
4754,6.333333333333334e-10
4755,2.383333333333333e-09
4756,1.4166666666666665e-09
4757,1.5833333333333334e-09
4758,1.2333333333333334e-09
4759,1.8333333333333332e-10
4760,1.5e-09
4761,1.2666666666666668e-09
4762,1.4166666666666665e-09
4763,7.5e-10
4764,1.4166666666666665e-09
4765,1.1833333333333334e-09
4766,1.1833333333333334e-09
4767,1.3499999999999999e-09
4768,1.4833333333333334e-09
4769,1.6e-09
4770,1.4166666666666665e-09
4771,4.666666666666666e-10
4772,1.5166666666666666e-09
4773,9.5e-10
4774,1.4166666666666665e-09
4775,4.833333333333333e-10
4776,4.999999999999999e-10
4777,1.15e-09
4778,1.65e-09
4779,1.0499999999999999e-09
4780,1.1333333333333333e-09
4781,1.0833333333333333e-09
4782,9.833333333333332e-10
4783,1.4333333333333333e-09
4784,9e-10
4785,1.2166666666666668e-09
4786,1.2333333333333334e-09
4787,1.1166666666666667e-09
4788,9.833333333333332e-10
4789,8.833333333333333e-10
4790,8.833333333333333e-10
4791,1.7666666666666666e-09
4792,7.833333333333333e-10
4793,5.833333333333334e-10
4794,1.0333333333333333e-09
4795,8.833333333333333e-10
4796,1.2166666666666668e-09
4797,1.1333333333333333e-09
4798,1.4833333333333334e-09
4799,9.5e-10
4800,6.499999999999999e-10
4801,5.166666666666666e-10
4802,1.1666666666666668e-09
4803,1.2666666666666668e-09
4804,8.5e-10
4805,1.1e-09
4806,1.5833333333333334e-09
4807,9.999999999999999e-10
4808,9.5e-10
4809,6e-10
4810,5.833333333333334e-10
4811,8.5e-10
4812,1.4333333333333333e-09
4813,1.2833333333333335e-09
4814,5.666666666666667e-10
4815,1.0333333333333333e-09
4816,1.25e-09
4817,1.25e-09
4818,1.0499999999999999e-09
4819,1.7666666666666666e-09
4820,1.2666666666666668e-09
4821,9.5e-10
4822,1.5166666666666666e-09
4823,1.4e-09
4824,1.1e-09
4825,1.3166666666666667e-09
4826,1.55e-09
4827,2.45e-09
4828,1.5333333333333334e-09
4829,1.3166666666666667e-09
4830,1.2166666666666668e-09
4831,6.666666666666666e-10
4832,9.5e-10
4833,1.3499999999999999e-09
4834,1.5e-09
4835,1.1166666666666667e-09
4836,1.15e-09
4837,2.4333333333333336e-09
4838,2.216666666666667e-09
4839,1.25e-09
4840,1.0833333333333333e-09
4841,1.3666666666666667e-09
4842,1.15e-09
4843,9.666666666666666e-10
4844,1.7833333333333334e-09
4845,2.0666666666666666e-09
4846,1.15e-09
4847,1.3166666666666667e-09
4848,1.0833333333333333e-09
4849,1.4833333333333334e-09
4850,1.2166666666666668e-09
4851,1.3666666666666667e-09
4852,1.7e-09
4853,1.75e-09
4854,1.6666666666666665e-09
4855,1.3666666666666667e-09
4856,1.6333333333333335e-09
4857,1.5333333333333334e-09
4858,1.5833333333333334e-09
4859,1.8166666666666666e-09
4860,9.5e-10
4861,1.7666666666666666e-09
4862,1.45e-09
4863,1.8166666666666666e-09
4864,1.2999999999999999e-09
4865,1.2666666666666668e-09
4866,1.45e-09
4867,1.1333333333333333e-09
4868,1.6e-09
4869,1.5166666666666666e-09
4870,1.4e-09
4871,1.55e-09
4872,1.2999999999999999e-09
4873,6.499999999999999e-10
4874,6.166666666666667e-10
4875,9.333333333333332e-10
4876,7.166666666666667e-10
4877,6.666666666666666e-10
4878,7.166666666666667e-10
4879,7.5e-10
4880,7.333333333333333e-10
4881,7.166666666666667e-10
4882,1.1e-09
4883,1.1666666666666668e-09
4884,5.666666666666667e-10
4885,9.666666666666666e-10
4886,4.999999999999999e-10
4887,5.833333333333334e-10
4888,7.666666666666667e-10
4889,8.166666666666667e-10
4890,9.166666666666667e-10
4891,8.666666666666667e-10
4892,8.333333333333332e-10
4893,7.666666666666667e-10
4894,1.3166666666666667e-09
4895,3.8333333333333335e-10
4896,5.166666666666666e-10
4897,4.833333333333333e-10
4898,8.333333333333332e-10
4899,1.0333333333333333e-09
4900,9.333333333333332e-10
4901,8.333333333333332e-10
4902,7.666666666666667e-10
4903,7.666666666666667e-10
4904,1.1166666666666667e-09
4905,7.5e-10
4906,6e-10
4907,8.166666666666667e-10
4908,4.833333333333333e-10
4909,8.333333333333332e-10
4910,6.499999999999999e-10
4911,1.15e-09
4912,1.1666666666666668e-09
4913,4.5e-10
4914,1.0333333333333333e-09
4915,4.833333333333333e-10
4916,9.333333333333332e-10
4917,6.833333333333334e-10
4918,7.833333333333333e-10
4919,4.666666666666666e-10
4920,8.333333333333332e-10
4921,8e-10
4922,7.333333333333333e-10
4923,7.833333333333333e-10
4924,6e-10
4925,6.333333333333334e-10
4926,9.333333333333332e-10
4927,4.833333333333333e-10
4928,5.166666666666666e-10
4929,6.666666666666666e-10
4930,9e-10
4931,7.5e-10
4932,6.666666666666666e-10
4933,1.2999999999999999e-09
4934,5.166666666666666e-10
4935,5.5e-10
4936,9.666666666666666e-10
4937,1.1166666666666667e-09
4938,5.666666666666667e-10
4939,1.1333333333333333e-09
4940,6.166666666666667e-10
4941,1.2166666666666668e-09
4942,6.166666666666667e-10
4943,7.166666666666667e-10
4944,6e-10
4945,4.5e-10
4946,6.499999999999999e-10
4947,1.0499999999999999e-09
4948,8e-10
4949,4.5e-10
4950,5.5e-10
4951,8.5e-10
4952,4.999999999999999e-10
4953,5.666666666666667e-10
4954,2.4999999999999996e-10
4955,4.5e-10
4956,5.333333333333334e-10
4957,1.15e-09
4958,6.666666666666666e-10
4959,5.5e-10
4960,1.0166666666666667e-09
4961,1.5333333333333334e-09
4962,5.5e-10
4963,2.5333333333333337e-09
4964,9e-10
4965,4.999999999999999e-10
4966,4.5e-10
4967,8.5e-10
4968,2.666666666666667e-10
4969,1.0333333333333333e-09
4970,1.6166666666666667e-09
4971,1.7166666666666665e-09
4972,9e-10
4973,1.1e-09
4974,1.2999999999999999e-09
4975,1.6333333333333335e-09
4976,6.499999999999999e-10
4977,7.166666666666667e-10
4978,4.666666666666666e-10
4979,9.666666666666666e-10
4980,1.9e-09
4981,7.333333333333333e-10
4982,1.2166666666666668e-09
4983,1.4e-09
4984,6.333333333333334e-10
4985,1.6666666666666666e-10
4986,1.2666666666666668e-09
4987,8.5e-10
4988,7e-10
4989,8e-10
4990,1.7166666666666665e-09
4991,2.4166666666666664e-09
4992,1.2166666666666668e-09
4993,1.15e-09
4994,1.5333333333333334e-09
4995,7.166666666666667e-10
4996,7e-10
4997,5.333333333333334e-10
4998,1.55e-09
4999,1.5833333333333334e-09
5000,7.5e-10
5001,1.3499999999999999e-09
5002,5.833333333333334e-10
5003,1.4833333333333334e-09
5004,6.666666666666666e-10
5005,6.499999999999999e-10
5006,9.333333333333332e-10
5007,5.166666666666666e-10
5008,1.45e-09
5009,1.2e-09
5010,9.999999999999999e-10
5011,1.5666666666666666e-09
5012,1.1e-09
5013,1.25e-09
5014,7.333333333333333e-10
5015,1.85e-09
5016,1.0166666666666667e-09
5017,1.7e-09
5018,1.1666666666666668e-09
5019,9.166666666666667e-10
5020,1.1e-09
5021,1.3499999999999999e-09
5022,1.1666666666666668e-09
5023,1.7e-09
5024,1.1333333333333333e-09
5025,8.166666666666667e-10
5026,7.833333333333333e-10
5027,1.5e-09
5028,1.0666666666666667e-09
5029,1.3833333333333333e-09
5030,7.666666666666667e-10
5031,8.166666666666667e-10
5032,9.666666666666666e-10
5033,1.4e-09
5034,1.85e-09
5035,2.216666666666667e-09
5036,1.0166666666666667e-09
5037,1.4e-09
5038,1.9e-09
5039,7.333333333333333e-10
5040,7.166666666666667e-10
5041,2.2333333333333335e-09
5042,2.1500000000000002e-09
5043,1.5833333333333334e-09
5044,1.1333333333333333e-09
5045,7e-10
5046,4.166666666666666e-10
5047,6e-10
5048,8.333333333333332e-10
5049,1.1666666666666668e-09
5050,1.5166666666666666e-09
5051,1.1e-09
5052,7.166666666666667e-10
5053,2.5166666666666665e-09
5054,7.666666666666667e-10
5055,2.1833333333333334e-09
5056,6.499999999999999e-10
5057,1.1666666666666668e-09
5058,1.9e-09
5059,1.55e-09
5060,2.5333333333333337e-09
5061,1.2333333333333334e-09
5062,7.666666666666667e-10
5063,8e-10
5064,2.55e-09
5065,1.5666666666666666e-09
5066,1.55e-09
5067,1.9166666666666665e-09
5068,1.4833333333333334e-09
5069,6.499999999999999e-10
5070,1.2666666666666668e-09
5071,7.333333333333333e-10
5072,1.3166666666666667e-09
5073,1.2999999999999999e-09
5074,1.1833333333333334e-09
5075,1.3666666666666667e-09
5076,1.2166666666666668e-09
5077,1.3333333333333333e-09
5078,9.833333333333332e-10
5079,1.2e-09
5080,1.2e-09
5081,7.166666666666667e-10
5082,1.6166666666666667e-09
5083,9.333333333333332e-10
5084,1.1666666666666668e-09
5085,1.15e-09
5086,1.5e-09
5087,9.5e-10
5088,1.2833333333333335e-09
5089,7.166666666666667e-10
5090,1.6333333333333335e-09
5091,1.2e-09
5092,1.6e-09
5093,1.4333333333333333e-09
5094,1.2833333333333335e-09
5095,1.5333333333333334e-09
5096,1.3166666666666667e-09
5097,1.0666666666666667e-09
5098,1.1666666666666668e-09
5099,1.2166666666666668e-09
5100,1.1833333333333334e-09
5101,1.1333333333333333e-09
5102,7.5e-10
5103,1.2e-09
5104,9.5e-10
5105,1.2666666666666668e-09
5106,6.166666666666667e-10
5107,8.333333333333332e-10
5108,8.5e-10
5109,9.166666666666667e-10
5110,8.833333333333333e-10
5111,9.166666666666667e-10
5112,8.333333333333332e-10
5113,8.333333333333332e-10
5114,7e-10
5115,5.833333333333334e-10
5116,5.333333333333334e-10
5117,1.1e-09
5118,4.3333333333333334e-10
5119,4.999999999999999e-10
5120,4.666666666666666e-10
5121,7.333333333333333e-10
5122,8.666666666666667e-10
5123,8e-10
5124,6.499999999999999e-10
5125,8.166666666666667e-10
5126,8e-10
5127,7e-10
5128,7.333333333333333e-10
5129,6.499999999999999e-10
5130,7.666666666666667e-10
5131,6.166666666666667e-10
5132,6.166666666666667e-10
5133,4e-10
5134,1.0499999999999999e-09
5135,9.999999999999999e-10
5136,4.833333333333333e-10
5137,1.0166666666666667e-09
5138,1.3499999999999999e-09
5139,1.2166666666666668e-09
5140,7.666666666666667e-10
5141,3.5e-10
5142,4.999999999999999e-10
5143,1.1e-09
5144,1.5166666666666666e-09
5145,1.0499999999999999e-09
5146,7.166666666666667e-10
5147,1.3333333333333333e-09
5148,1.2333333333333334e-09
5149,1.2833333333333335e-09
5150,1.6833333333333333e-09
5151,4.833333333333333e-10
5152,9.166666666666667e-10
5153,1.2333333333333334e-09
5154,1.0833333333333333e-09
5155,9.166666666666667e-10
5156,1.4e-09
5157,9.333333333333332e-10
5158,1.2e-09
5159,1.0666666666666667e-09
5160,6.166666666666667e-10
5161,8.666666666666667e-10
5162,1.0499999999999999e-09
5163,1.2333333333333334e-09
5164,1.2666666666666668e-09
5165,7.833333333333333e-10
5166,1.1166666666666667e-09
5167,1.0166666666666667e-09
5168,1.0333333333333333e-09
5169,8.666666666666667e-10
5170,7.333333333333333e-10
5171,9.999999999999999e-10
5172,9.333333333333332e-10
5173,8.833333333333333e-10
5174,7e-10
5175,5.333333333333334e-10
5176,8.166666666666667e-10
5177,4.833333333333333e-10
5178,4.999999999999999e-10
5179,5.5e-10
5180,5.166666666666666e-10
5181,8.166666666666667e-10
5182,6.499999999999999e-10
5183,4.3333333333333334e-10
5184,7e-10
5185,9.999999999999999e-10
5186,4.5e-10
5187,1.4833333333333334e-09
5188,2.666666666666667e-10
5189,1.15e-09
5190,7.333333333333333e-10
5191,1.4833333333333334e-09
5192,6.333333333333334e-10
5193,9e-10
5194,9e-10
5195,8.333333333333332e-10
5196,1.0333333333333333e-09
5197,8.5e-10
5198,1.2e-09
5199,1.2666666666666668e-09
5200,4e-10
5201,6.333333333333334e-10
5202,1.3499999999999999e-09
5203,1.0333333333333333e-09
5204,1.6666666666666665e-09
5205,4.3333333333333334e-10
5206,9e-10
5207,9.999999999999999e-10
5208,8.833333333333333e-10
5209,1.6333333333333335e-09
5210,6.833333333333334e-10
5211,6.666666666666666e-10
5212,1.15e-09
5213,6e-10
5214,1.2e-09
5215,1.25e-09
5216,5.5e-10
5217,1.1333333333333333e-09
5218,1.1166666666666667e-09
5219,1.2999999999999999e-09
5220,4.166666666666666e-10
5221,1.1166666666666667e-09
5222,4.666666666666666e-10
5223,4.5e-10
5224,1.7166666666666665e-09
5225,1.6166666666666667e-09
5226,1.1666666666666668e-09
5227,1.1333333333333333e-09
5228,1.6333333333333335e-09
5229,5.666666666666667e-10
5230,1.1e-09
5231,1.0833333333333333e-09
5232,6.166666666666667e-10
5233,4.3333333333333334e-10
5234,7.666666666666667e-10
5235,8.166666666666667e-10
5236,7.833333333333333e-10
5237,7.833333333333333e-10
5238,1.2333333333333334e-09
5239,6.333333333333334e-10
5240,1.1333333333333333e-09
5241,1.4833333333333334e-09
5242,5.333333333333334e-10
5243,7.666666666666667e-10
5244,1.3666666666666667e-09
5245,4.3333333333333334e-10
5246,3.166666666666667e-10
5247,7.666666666666667e-10
5248,1.85e-09
5249,1.3833333333333333e-09
5250,1.7833333333333334e-09
5251,3e-10
5252,1.1333333333333333e-09
5253,1.9166666666666665e-09
5254,4.5e-10
5255,9.666666666666666e-10
5256,2.016666666666667e-09
5257,4.666666666666666e-10
5258,1.5333333333333334e-09
5259,1.8333333333333334e-09
5260,1.7833333333333334e-09
5261,7.166666666666667e-10
5262,1.5166666666666666e-09
5263,1.3833333333333333e-09
5264,6.166666666666667e-10
5265,1.3666666666666667e-09
5266,7.333333333333333e-10
5267,6.166666666666667e-10
5268,1.25e-09
5269,1.0666666666666667e-09
5270,7.333333333333333e-10
5271,8.833333333333333e-10
5272,1.4833333333333334e-09
5273,8.666666666666667e-10
5274,1.4666666666666666e-09
5275,1.4666666666666666e-09
5276,9.666666666666666e-10
5277,1.9166666666666665e-09
5278,1.5833333333333334e-09
5279,1.1333333333333333e-09
5280,8.5e-10
5281,9.666666666666666e-10
5282,8e-10
5283,1.4166666666666665e-09
5284,1.4666666666666666e-09
5285,1.4166666666666665e-09
5286,1.5e-09
5287,1.2166666666666668e-09
5288,2.05e-09
5289,1.4e-09
5290,2.116666666666667e-09
5291,1.95e-09
5292,1.2666666666666668e-09
5293,9.166666666666667e-10
5294,2.3e-09
5295,2.25e-09
5296,1.3499999999999999e-09
5297,1.0166666666666667e-09
5298,1.0499999999999999e-09
5299,2.65e-09
5300,2.0666666666666666e-09
5301,2.1500000000000002e-09
5302,6.666666666666666e-10
5303,2.2e-09
5304,2.8166666666666667e-09
5305,9.666666666666666e-10
5306,2.4333333333333336e-09
5307,2.216666666666667e-09
5308,1.7166666666666665e-09
5309,2.0833333333333334e-09
5310,2.0833333333333334e-09
5311,1.3499999999999999e-09
5312,2.1500000000000002e-09
5313,7.5e-10
5314,9.999999999999999e-10
5315,2.016666666666667e-09
5316,2.016666666666667e-09
5317,1.1666666666666668e-09
5318,2.016666666666667e-09
5319,1.7166666666666665e-09
5320,1.3166666666666667e-09
5321,1.5333333333333334e-09
5322,1.5833333333333334e-09
5323,9.999999999999999e-10
5324,1.4e-09
5325,1.4333333333333333e-09
5326,1.45e-09
5327,8.333333333333332e-10
5328,1.0833333333333333e-09
5329,1.55e-09
5330,1.2666666666666668e-09
5331,9e-10
5332,1.2333333333333334e-09
5333,1.2666666666666668e-09
5334,1.2666666666666668e-09
5335,1.45e-09
5336,1.25e-09
5337,1.45e-09
5338,1.4833333333333334e-09
5339,9.5e-10
5340,1.3499999999999999e-09
5341,1.2833333333333335e-09
5342,1.6e-09
5343,1.1166666666666667e-09
5344,1.3499999999999999e-09
5345,1.8833333333333332e-09
5346,1.2833333333333335e-09
5347,1.4e-09
5348,1.15e-09
5349,1.5833333333333334e-09
5350,1.45e-09
5351,1.2666666666666668e-09
5352,1.2166666666666668e-09
5353,1.65e-09
5354,1.5666666666666666e-09
5355,1.3333333333333333e-09
5356,1.2999999999999999e-09
5357,2.1500000000000002e-09
5358,2.0833333333333334e-09
5359,1.9333333333333333e-09
5360,1.1333333333333333e-09
5361,1.6666666666666665e-09
5362,1.8e-09
5363,1.5e-09
5364,2.05e-09
5365,1.4833333333333334e-09
5366,1.85e-09
5367,1.6166666666666667e-09
5368,1.7166666666666665e-09
5369,6e-10
5370,1.6666666666666665e-09
5371,1.8833333333333332e-09
5372,1.9e-09
5373,9.999999999999999e-10
5374,9.833333333333332e-10
5375,7e-10
5376,1.2833333333333335e-09
5377,8.333333333333332e-10
5378,1.3666666666666667e-09
5379,1.25e-09
5380,1.0166666666666667e-09
5381,1.1666666666666668e-09
5382,1.2333333333333334e-09
5383,1.0333333333333333e-09
5384,1.0833333333333333e-09
5385,1.1333333333333333e-09
5386,1.2333333333333334e-09
5387,1.2e-09
5388,8.333333333333332e-10
5389,1.4333333333333333e-09
5390,9.999999999999999e-10
5391,9.5e-10
5392,1.1166666666666667e-09
5393,8.5e-10
5394,8.333333333333332e-10
5395,1.3833333333333333e-09
5396,1.1333333333333333e-09
5397,1.4333333333333333e-09
5398,6.833333333333334e-10
5399,9.833333333333332e-10
5400,1.75e-09
5401,1.0833333333333333e-09
5402,7.333333333333333e-10
5403,8.166666666666667e-10
5404,4.833333333333333e-10
5405,9e-10
5406,1.3499999999999999e-09
5407,1.3666666666666667e-09
5408,1.6e-09
5409,8e-10
5410,1.6333333333333335e-09
5411,1.3833333333333333e-09
5412,4e-10
5413,7.333333333333333e-10
5414,8.333333333333332e-10
5415,7.5e-10
5416,9.833333333333332e-10
5417,1.5166666666666666e-09
5418,1.3499999999999999e-09
5419,1.9833333333333333e-09
5420,4e-10
5421,1.4333333333333333e-09
5422,1.3333333333333333e-09
5423,9.5e-10
5424,1.1e-09
5425,9.833333333333332e-10
5426,6.666666666666666e-10
5427,1.2166666666666668e-09
5428,1.8166666666666666e-09
5429,5.666666666666667e-10
5430,1.0666666666666667e-09
5431,1.0666666666666667e-09
5432,1.5833333333333334e-09
5433,5.833333333333334e-10
5434,1.8166666666666666e-09
5435,1.9333333333333333e-09
5436,1.15e-09
5437,1.1666666666666668e-09
5438,1.0499999999999999e-09
5439,1.25e-09
5440,1.1166666666666667e-09
5441,1.2e-09
5442,1.15e-09
5443,6.666666666666666e-10
5444,1.1e-09
5445,9.5e-10
5446,6.499999999999999e-10
5447,7.166666666666667e-10
5448,8.166666666666667e-10
5449,2.8333333333333334e-10
5450,3.5e-10
5451,4.3333333333333334e-10
5452,8.833333333333333e-10
5453,9.999999999999999e-10
5454,4e-10
5455,7.5e-10
5456,2.333333333333333e-10
5457,8.666666666666667e-10
5458,7.833333333333333e-10
5459,1.0333333333333333e-09
5460,3.6666666666666664e-10
5461,1.8333333333333332e-10
5462,8.666666666666667e-10
5463,1.2333333333333334e-09
5464,1.9833333333333333e-09
5465,1.3333333333333333e-09
5466,1.3666666666666667e-09
5467,2.0833333333333334e-09
5468,2.1333333333333334e-09
5469,1.0499999999999999e-09
5470,1.2333333333333334e-09
5471,9.333333333333332e-10
5472,1.15e-09
5473,9.999999999999999e-10
5474,7e-10
5475,1.4166666666666665e-09
5476,1.0499999999999999e-09
5477,4.166666666666666e-10
5478,6.166666666666667e-10
5479,9.833333333333332e-10
5480,9.666666666666666e-10
5481,6.166666666666667e-10
5482,1.6666666666666665e-09
5483,1.2666666666666668e-09
5484,1.9e-09
5485,1.6166666666666667e-09
5486,5.333333333333334e-10
5487,9.333333333333332e-10
5488,1.1e-09
5489,1.2166666666666668e-09
5490,1.7666666666666666e-09
5491,1.3166666666666667e-09
5492,2.0666666666666666e-09
5493,1.2833333333333335e-09
5494,9.333333333333332e-10
5495,8.5e-10
5496,1.5166666666666666e-09
5497,1.1666666666666668e-09
5498,1.2666666666666668e-09
5499,1.3333333333333333e-09
5500,1.0166666666666667e-09
5501,8.833333333333333e-10
5502,8.5e-10
5503,1.5833333333333334e-09
5504,9.666666666666666e-10
5505,1.0166666666666667e-09
5506,7.833333333333333e-10
5507,1.0666666666666667e-09
5508,9.5e-10
5509,1.1166666666666667e-09
5510,1.0666666666666667e-09
5511,9e-10
5512,8e-10
5513,1.5666666666666666e-09
5514,9.5e-10
5515,1.95e-09
5516,6.833333333333334e-10
5517,1.1833333333333334e-09
5518,1.9166666666666665e-09
5519,1.9833333333333333e-09
5520,8.166666666666667e-10
5521,8e-10
5522,9.833333333333332e-10
5523,4.999999999999999e-10
5524,8.833333333333333e-10
5525,3.8e-09
5526,3.6833333333333336e-09
5527,2.5999999999999997e-09
5528,9e-10
5529,6.499999999999999e-10
5530,1.9833333333333333e-09
5531,2.466666666666667e-09
5532,2.016666666666667e-09
5533,1.3166666666666667e-09
5534,4.999999999999999e-10
5535,1.2e-09
5536,2.0666666666666666e-09
5537,1.9999999999999997e-09
5538,3.166666666666667e-10
5539,2.8666666666666667e-09
5540,2.25e-09
5541,5.5e-10
5542,9.333333333333332e-10
5543,2.666666666666667e-10
5544,1.8e-09
5545,2.0833333333333334e-09
5546,1.7333333333333333e-09
5547,2.6833333333333334e-09
5548,8.666666666666667e-10
5549,1.3333333333333333e-09
5550,1.7333333333333333e-09
5551,9.166666666666667e-10
5552,2.4166666666666664e-09
5553,1.9166666666666665e-09
5554,2.7500000000000002e-09
5555,3.7666666666666665e-09
5556,3.8333333333333335e-10
5557,2.6166666666666665e-09
5558,3.65e-09
5559,2.3166666666666663e-09
5560,4.3333333333333334e-10
5561,1.9666666666666665e-09
5562,1.9166666666666665e-09
5563,1.1666666666666668e-09
5564,2.5333333333333337e-09
5565,2.1666666666666667e-10
5566,1.5666666666666666e-09
5567,9.333333333333332e-10
5568,1.5333333333333334e-09
5569,1.3499999999999999e-09
5570,1.4e-09
5571,1.3833333333333333e-09
5572,1.5166666666666666e-09
5573,1.4333333333333333e-09
5574,2.0999999999999998e-09
5575,1.3166666666666667e-09
5576,2.1500000000000002e-09
5577,8.5e-10
5578,2.1333333333333334e-09
5579,7.333333333333333e-10
5580,2.3666666666666668e-09
5581,1.1833333333333334e-09
5582,6e-10
5583,1.0499999999999999e-09
5584,1.4166666666666665e-09
5585,6.833333333333334e-10
5586,5.166666666666666e-10
5587,1.65e-09
5588,9e-10
5589,1.9e-09
5590,1.3166666666666667e-09
5591,1.0499999999999999e-09
5592,1.0499999999999999e-09
5593,1.0499999999999999e-09
5594,1.1333333333333333e-09
5595,1.0499999999999999e-09
5596,6.333333333333334e-10
5597,1.0833333333333333e-09
5598,1.2333333333333334e-09
5599,2.1833333333333334e-09
5600,7.833333333333333e-10
5601,1.0666666666666667e-09
5602,1.1833333333333334e-09
5603,1.6666666666666665e-09
5604,5.5e-10
5605,6.833333333333334e-10
5606,7.333333333333333e-10
5607,1.0666666666666667e-09
5608,1.6166666666666667e-09
5609,7.666666666666667e-10
5610,1.5666666666666666e-09
5611,1.3166666666666667e-09
5612,7.166666666666667e-10
5613,1.1333333333333333e-09
5614,9e-10
5615,1.4166666666666665e-09
5616,1.0833333333333333e-09
5617,1.2166666666666668e-09
5618,1.2e-09
5619,1.3499999999999999e-09
5620,1.1e-09
5621,9.666666666666666e-10
5622,1.4166666666666665e-09
5623,1.2666666666666668e-09
5624,1.3333333333333333e-09
5625,9.833333333333332e-10
5626,1.2666666666666668e-09
5627,8.833333333333333e-10
5628,8.5e-10
5629,1.3333333333333333e-09
5630,1.2999999999999999e-09
5631,1.0333333333333333e-09
5632,1.0666666666666667e-09
5633,1.0833333333333333e-09
5634,1.2999999999999999e-09
5635,8.666666666666667e-10
5636,4.833333333333333e-10
5637,6e-10
5638,6.499999999999999e-10
5639,6e-10
5640,8e-10
5641,1.1166666666666667e-09
5642,1.2999999999999999e-09
5643,1.3833333333333333e-09
5644,1.0166666666666667e-09
5645,8.666666666666667e-10
5646,1.7833333333333334e-09
5647,6e-10
5648,8.833333333333333e-10
5649,1.6666666666666665e-09
5650,1.0166666666666667e-09
5651,1.25e-09
5652,1.5666666666666666e-09
5653,8.5e-10
5654,1.55e-09
5655,1.5666666666666666e-09
5656,1.55e-09
5657,7.666666666666667e-10
5658,9.5e-10
5659,1.5666666666666666e-09
5660,1.55e-09
5661,1.2666666666666668e-09
5662,8.833333333333333e-10
5663,1.4e-09
5664,6.499999999999999e-10
5665,1.5833333333333334e-09
5666,1.4e-09
5667,6.666666666666666e-10
5668,2.0333333333333333e-09
5669,1.0166666666666667e-09
5670,1.95e-09
5671,1.2666666666666668e-09
5672,1.9833333333333333e-09
5673,2.116666666666667e-09
5674,1.6666666666666665e-09
5675,7.333333333333333e-10
5676,8.833333333333333e-10
5677,4.5e-10
5678,1.0333333333333333e-09
5679,1.9e-09
5680,3.8333333333333335e-10
5681,1.7e-09
5682,1.7e-09
5683,4.666666666666666e-10
5684,1.3833333333333333e-09
5685,9.166666666666667e-10
5686,1.45e-09
5687,6e-10
5688,1.3833333333333333e-09
5689,1.5166666666666666e-09
5690,1.3166666666666667e-09
5691,1.6666666666666665e-09
5692,1.25e-09
5693,1.3333333333333333e-09
5694,1.4833333333333334e-09
5695,4.666666666666666e-10
5696,1.2833333333333335e-09
5697,1.25e-09
5698,8.666666666666667e-10
5699,9.833333333333332e-10
5700,1.0499999999999999e-09
5701,8.5e-10
5702,1.2666666666666668e-09
5703,7.833333333333333e-10
5704,1.4e-09
5705,8.333333333333332e-10
5706,8e-10
5707,1.1833333333333334e-09
5708,8.666666666666667e-10
5709,9.333333333333332e-10
5710,1.0166666666666667e-09
5711,9.833333333333332e-10
5712,9.999999999999999e-10
5713,1.0333333333333333e-09
5714,1.25e-09
5715,1.3666666666666667e-09
5716,1.2166666666666668e-09
5717,1.2999999999999999e-09
5718,6.499999999999999e-10
5719,1.2999999999999999e-09
5720,1.4666666666666666e-09
5721,9.166666666666667e-10
5722,7.833333333333333e-10
5723,7e-10
5724,9e-10
5725,7.333333333333333e-10
5726,1.7833333333333334e-09
5727,1.0833333333333333e-09
5728,1.9999999999999997e-09
5729,1.4666666666666666e-09
5730,7.5e-10
5731,1.0833333333333333e-09
5732,1.55e-09
5733,8.833333333333333e-10
5734,1.95e-09
5735,1.5666666666666666e-09
5736,2.45e-09
5737,9.833333333333332e-10
5738,8.166666666666667e-10
5739,2.983333333333333e-09
5740,1.7833333333333334e-09
5741,2.4833333333333332e-09
5742,1.65e-09
5743,7.166666666666667e-10
5744,2.1333333333333334e-09
5745,2.8500000000000003e-09
5746,6.499999999999999e-10
5747,1.8166666666666666e-09
5748,2.1666666666666666e-09
5749,2.1666666666666666e-09
5750,4.5e-10
5751,2.833333333333333e-09
5752,3.0833333333333332e-09
5753,3.5e-10
5754,5.5e-10
5755,2.6833333333333334e-09
5756,2.933333333333333e-09
5757,3.066666666666667e-09
5758,1.2666666666666668e-09
5759,9.5e-10
5760,5.433333333333333e-09
5761,1.25e-09
5762,2.65e-09
5763,1.2833333333333335e-09
5764,9.166666666666667e-10
5765,9.833333333333332e-10
5766,2.016666666666667e-09
5767,1.3666666666666667e-09
5768,1.1166666666666667e-09
5769,1.0666666666666667e-09
5770,2.466666666666667e-09
5771,8.5e-10
5772,8.5e-10
5773,2.383333333333333e-09
5774,1.4166666666666665e-09
5775,2.3166666666666663e-09
5776,7.833333333333333e-10
5777,2.4833333333333332e-09
5778,8e-10
5779,7.166666666666667e-10
5780,7.666666666666667e-10
5781,1.9999999999999997e-09
5782,1.6166666666666667e-09
5783,3.033333333333333e-09
5784,2.5333333333333337e-09
5785,1.8333333333333334e-09
5786,3.2333333333333333e-09
5787,2.566666666666667e-09
5788,3.6833333333333336e-09
5789,2.5833333333333333e-09
5790,2.466666666666667e-09
5791,9.333333333333332e-10
5792,1.1e-09
5793,2.4166666666666664e-09
5794,1.4833333333333334e-09
5795,2.2333333333333335e-09
5796,2.2666666666666667e-09
5797,1.1166666666666667e-09
5798,1.6666666666666665e-09
5799,2.933333333333333e-09
5800,2.45e-09
5801,3.2333333333333333e-09
5802,3.066666666666667e-09
5803,9.5e-10
5804,8.833333333333333e-10
5805,8.666666666666667e-10
5806,2.566666666666667e-09
5807,1.3666666666666667e-09
5808,2.5e-09
5809,1.5166666666666666e-09
5810,1.0833333333333333e-09
5811,1.0833333333333333e-09
5812,2.8833333333333335e-09
5813,2.9666666666666668e-09
5814,3.25e-09
5815,1.1166666666666667e-09
5816,1.3166666666666667e-09
5817,1.1666666666666668e-09
5818,2.6833333333333334e-09
5819,2.5833333333333333e-09
5820,2.8500000000000003e-09
5821,3.2833333333333334e-09
5822,2.7833333333333334e-09
5823,3.166666666666667e-09
5824,9.833333333333332e-10
5825,1.0666666666666667e-09
5826,9.5e-10
5827,5.266666666666667e-09
5828,3.0166666666666664e-09
5829,3.0833333333333332e-09
5830,2.9666666666666668e-09
5831,3e-09
5832,3.1833333333333333e-09
5833,5.833333333333334e-10
5834,3.333333333333333e-09
5835,2.983333333333333e-09
5836,8.666666666666667e-10
5837,4e-10
5838,3.05e-09
5839,2.7166666666666666e-09
5840,5.666666666666667e-10
5841,9e-10
5842,2.983333333333333e-09
5843,5.333333333333334e-10
5844,3.166666666666667e-09
5845,8.666666666666667e-10
5846,1.0833333333333333e-09
5847,2.7833333333333334e-09
5848,3.3833333333333334e-09
5849,2.6666666666666666e-09
5850,5.833333333333334e-10
5851,1.3333333333333333e-09
5852,1.4166666666666665e-09
5853,2.933333333333333e-09
5854,1.25e-09
5855,5.166666666666666e-10
5856,2.9166666666666667e-09
5857,1.4333333333333333e-09
5858,1.2166666666666668e-09
5859,2.6833333333333334e-09
5860,1.85e-09
5861,7.666666666666667e-10
5862,2.7166666666666666e-09
5863,2.7333333333333334e-09
5864,2.6666666666666666e-09
5865,1.1833333333333334e-09
5866,9.5e-10
5867,3.066666666666667e-09
5868,3.2333333333333333e-09
5869,3.166666666666667e-09
5870,8.166666666666667e-10
5871,8.833333333333333e-10
5872,7e-10
5873,1.0333333333333333e-09
5874,5.5e-10
5875,9.833333333333332e-10
5876,2.6666666666666666e-09
5877,4.116666666666666e-09
5878,3.15e-09
5879,5.333333333333334e-10
5880,3.066666666666667e-09
5881,1.3166666666666667e-09
5882,4.166666666666666e-10
5883,3.5e-10
5884,6.166666666666667e-10
5885,3.5e-09
5886,2.8666666666666667e-09
5887,3.3666666666666666e-09
5888,7.5e-10
5889,3.4666666666666667e-09
5890,5.366666666666667e-09
5891,2.8333333333333334e-10
5892,3.8e-09
5893,8e-10
5894,3.833333333333333e-09
5895,2.6666666666666666e-09
5896,3.7e-09
5897,6.666666666666666e-10
5898,3.15e-09
5899,3.45e-09
5900,7.333333333333333e-10
5901,9.833333333333332e-10
5902,3.433333333333333e-09
5903,3.1333333333333333e-09
5904,1.4e-09
5905,3.15e-09
5906,5.333333333333334e-10
5907,5.15e-09
5908,2.8833333333333335e-09
5909,9.666666666666666e-10
5910,1.0333333333333333e-09
5911,6e-10
5912,2.6333333333333333e-09
5913,8e-10
5914,1.3666666666666667e-09
5915,2.8e-09
5916,2.833333333333333e-09
5917,1.2333333333333334e-09
5918,2.4e-09
5919,1.1e-09
5920,9.999999999999999e-10
5921,1.0333333333333333e-09
5922,1.7e-09
5923,2.35e-09
5924,2.5833333333333333e-09
5925,2.4833333333333332e-09
5926,6e-10
5927,9.999999999999999e-10
5928,2.6333333333333333e-09
5929,1.0666666666666667e-09
5930,3.5e-10
5931,2.7833333333333334e-09
5932,2.7833333333333334e-09
5933,7.833333333333333e-10
5934,2.833333333333333e-09
5935,3.05e-09
5936,3.0833333333333332e-09
5937,2.8166666666666667e-09
5938,3.3500000000000002e-09
5939,3.1e-09
5940,7.333333333333333e-10
5941,7e-10
5942,6.833333333333334e-10
5943,3.05e-09
5944,2.9500000000000004e-09
5945,4.166666666666666e-10
5946,4.999999999999999e-10
5947,6e-10
5948,3.633333333333333e-09
5949,1.45e-09
5950,2.4833333333333332e-09
5951,7.666666666666667e-10
5952,1.0333333333333333e-09
5953,3.25e-09
5954,2.5833333333333333e-09
5955,2.7166666666666666e-09
5956,1.1833333333333334e-09
5957,1.45e-09
5958,4.833333333333333e-10
5959,2.5e-09
5960,6.499999999999999e-10
5961,1.1833333333333334e-09
5962,1.15e-09
5963,9.333333333333332e-10
5964,1.0666666666666667e-09
5965,9e-10
5966,2.1666666666666666e-09
5967,2.6333333333333333e-09
5968,2.1500000000000002e-09
5969,2.466666666666667e-09
5970,2.466666666666667e-09
5971,2.466666666666667e-09
5972,2.7666666666666666e-09
5973,2.1833333333333334e-09
5974,2.9e-09
5975,2.3666666666666668e-09
5976,1.5666666666666666e-09
5977,6.666666666666666e-10
5978,5.5e-10
5979,2.0666666666666666e-09
5980,2.666666666666667e-10
5981,2.0666666666666666e-09
5982,1.5833333333333334e-09
5983,8.666666666666667e-10
5984,2.283333333333333e-09
5985,1.0166666666666667e-09
5986,9.833333333333332e-10
5987,2.1833333333333334e-09
5988,1.8333333333333334e-09
5989,2.2333333333333335e-09
5990,1.75e-09
5991,3.6833333333333336e-09
5992,9.5e-10
5993,1.7333333333333333e-09
5994,1.8333333333333334e-09
5995,1.6333333333333335e-09
5996,1.75e-09
5997,1.75e-09
5998,2.05e-09
5999,1.2666666666666668e-09
6000,1.6333333333333335e-09
6001,2.116666666666667e-09
6002,1.1833333333333334e-09
6003,8.666666666666667e-10
6004,1.75e-09
6005,6.833333333333334e-10
6006,9e-10
6007,8.333333333333332e-10
6008,1.0499999999999999e-09
6009,9e-10
6010,1.0666666666666667e-09
6011,1.6666666666666665e-09
6012,1.7833333333333334e-09
6013,1.7e-09
6014,9.999999999999999e-10
6015,1.7166666666666665e-09
6016,1.75e-09
6017,2.116666666666667e-09
6018,1.75e-09
6019,1.0499999999999999e-09
6020,1.85e-09
6021,1.8333333333333334e-09
6022,9.333333333333332e-10
6023,1.1166666666666667e-09
6024,1.85e-09
6025,2.0666666666666666e-09
6026,2.2333333333333335e-09
6027,9.666666666666666e-10
6028,2.0999999999999998e-09
6029,2.216666666666667e-09
6030,1.55e-09
6031,5.5e-10
6032,7.666666666666667e-10
6033,9e-10
6034,1.95e-09
6035,1.75e-09
6036,1.5333333333333334e-09
6037,6e-10
6038,1.4166666666666665e-09
6039,1.4333333333333333e-09
6040,1.5833333333333334e-09
6041,1.45e-09
6042,8.833333333333333e-10
6043,8.166666666666667e-10
6044,7e-10
6045,1.4e-09
6046,6.666666666666666e-10
6047,9.333333333333332e-10
6048,8.666666666666667e-10
6049,1.3666666666666667e-09
6050,1.0499999999999999e-09
6051,8e-10
6052,1.4e-09
6053,5.666666666666667e-10
6054,1.1666666666666668e-09
6055,7.666666666666667e-10
6056,6.833333333333334e-10
6057,7.166666666666667e-10
6058,4.833333333333333e-10
6059,5.166666666666666e-10
6060,5.333333333333334e-10
6061,4.3333333333333334e-10
6062,8.5e-10
6063,5.666666666666667e-10
6064,6e-10
6065,6.333333333333334e-10
6066,6.166666666666667e-10
6067,5.166666666666666e-10
6068,7.666666666666667e-10
6069,3e-10
6070,6.166666666666667e-10
6071,8e-10
6072,1.3833333333333333e-09
6073,4.999999999999999e-10
6074,9.166666666666667e-10
6075,9.999999999999999e-10
6076,8.666666666666667e-10
6077,7.833333333333333e-10
6078,1.2999999999999999e-09
6079,8.166666666666667e-10
6080,1.8e-09
6081,6.666666666666666e-10
6082,9.999999999999999e-10
6083,7.666666666666667e-10
6084,1.3499999999999999e-09
6085,8.166666666666667e-10
6086,9.166666666666667e-10
6087,2.0999999999999998e-09
6088,7.333333333333333e-10
6089,1.7333333333333333e-09
6090,1.0499999999999999e-09
6091,1.1666666666666668e-09
6092,2.0666666666666666e-09
6093,6.833333333333334e-10
6094,9.166666666666667e-10
6095,6.833333333333334e-10
6096,1.2333333333333334e-09
6097,7.5e-10
6098,8.166666666666667e-10
6099,1.4e-09
6100,2.7166666666666666e-09
6101,3.066666666666667e-09
6102,1.4e-09
6103,1.6666666666666665e-09
6104,9.833333333333332e-10
6105,1.2166666666666668e-09
6106,9.999999999999999e-10
6107,1.2833333333333335e-09
6108,7.666666666666667e-10
6109,1.5166666666666666e-09
6110,9.333333333333332e-10
6111,1.0833333333333333e-09
6112,3.0166666666666664e-09
6113,1.25e-09
6114,1.9999999999999997e-09
6115,2.0666666666666666e-09
6116,2.0999999999999998e-09
6117,1.9333333333333333e-09
6118,2.3e-09
6119,1.9833333333333333e-09
6120,1.6666666666666665e-09
6121,1.8666666666666664e-09
6122,3.1833333333333333e-09
6123,7.5e-10
6124,2.0666666666666666e-09
6125,8e-10
6126,2.3333333333333335e-09
6127,9.166666666666667e-10
6128,2.8833333333333335e-09
6129,2.2666666666666667e-09
6130,2.6333333333333333e-09
6131,6.166666666666667e-10
6132,2.5999999999999997e-09
6133,7.5e-10
6134,3e-10
6135,2.5999999999999997e-09
6136,6e-10
6137,2.4833333333333332e-09
6138,7e-10
6139,2.6666666666666666e-09
6140,6.333333333333334e-10
6141,1.6166666666666667e-09
6142,1.4666666666666666e-09
6143,4.999999999999999e-10
6144,2.383333333333333e-09
6145,2.283333333333333e-09
6146,4.3333333333333334e-10
6147,5.5e-10
6148,3.8333333333333335e-10
6149,2.35e-09
6150,1.9999999999999997e-09
6151,8.833333333333333e-10
6152,2.2e-09
6153,1.9166666666666665e-09
6154,2.45e-09
6155,3.6666666666666664e-10
6156,1.9999999999999997e-09
6157,8.666666666666667e-10
6158,1.8666666666666664e-09
6159,1.9999999999999997e-09
6160,9.666666666666666e-10
6161,1.1666666666666668e-09
6162,1.8666666666666664e-09
6163,9.5e-10
6164,2.55e-09
6165,2.0833333333333334e-09
6166,9.5e-10
6167,1.7666666666666666e-09
6168,1.0833333333333333e-09
6169,2.5e-09
6170,2.65e-09
6171,1.65e-09
6172,1.6333333333333335e-09
6173,1.9e-09
6174,1.6333333333333335e-09
6175,2.2e-09
6176,8.666666666666667e-10
6177,2.2333333333333335e-09
6178,9.666666666666666e-10
6179,1.3499999999999999e-09
6180,1.75e-09
6181,1.3166666666666667e-09
6182,1.3333333333333333e-09
6183,1.4e-09
6184,1.4333333333333333e-09
6185,1.6833333333333333e-09
6186,1.5666666666666666e-09
6187,1.15e-09
6188,1.2833333333333335e-09
6189,2.016666666666667e-09
6190,1.9e-09
6191,1.9166666666666665e-09
6192,1.6166666666666667e-09
6193,1.9666666666666665e-09
6194,1.4333333333333333e-09
6195,1.4666666666666666e-09
6196,1.2999999999999999e-09
6197,1.6333333333333335e-09
6198,1.55e-09
6199,2.4e-09
6200,1.4833333333333334e-09
6201,1.6833333333333333e-09
6202,1.6833333333333333e-09
6203,2.2666666666666667e-09
6204,1.8833333333333332e-09
6205,1.6666666666666665e-09
6206,2.016666666666667e-09
6207,1.4333333333333333e-09
6208,1.7166666666666665e-09
6209,1.8e-09
6210,1.4333333333333333e-09
6211,2.4166666666666664e-09
6212,1.6333333333333335e-09
6213,2.216666666666667e-09
6214,1.2999999999999999e-09
6215,2.05e-09
6216,1.4e-09
6217,1.6e-09
6218,1.5166666666666666e-09
6219,9.666666666666666e-10
6220,1.0499999999999999e-09
6221,1.2e-09
6222,1.4e-09
6223,1.3166666666666667e-09
6224,2.283333333333333e-09
6225,1.8833333333333332e-09
6226,1.2333333333333334e-09
6227,1.4833333333333334e-09
6228,1.1666666666666668e-09
6229,1.2833333333333335e-09
6230,1.0333333333333333e-09
6231,1.1166666666666667e-09
6232,1.6666666666666665e-09
6233,1.6333333333333335e-09
6234,1.7666666666666666e-09
6235,1.4833333333333334e-09
6236,1.5666666666666666e-09
6237,1.5833333333333334e-09
6238,1.65e-09
6239,1.6166666666666667e-09
6240,1.1666666666666668e-09
6241,1.2833333333333335e-09
6242,1.3833333333333333e-09
6243,2.1333333333333334e-09
6244,1.8666666666666664e-09
6245,7.5e-10
6246,1.0333333333333333e-09
6247,2.833333333333333e-09
6248,1.25e-09
6249,1.1e-09
6250,1.0166666666666667e-09
6251,8.5e-10
6252,1.0833333333333333e-09
6253,5.666666666666667e-10
6254,2.7666666666666666e-09
6255,1.3166666666666667e-09
6256,2.0666666666666666e-09
6257,1.0333333333333333e-09
6258,1.5e-09
6259,2.5833333333333333e-09
6260,1.8833333333333332e-09
6261,1.4166666666666665e-09
6262,1.4666666666666666e-09
6263,9.833333333333332e-10
6264,1.2666666666666668e-09
6265,1.0666666666666667e-09
6266,8.5e-10
6267,1.0499999999999999e-09
6268,1.0499999999999999e-09
6269,9.833333333333332e-10
6270,1.1833333333333334e-09
6271,1.3166666666666667e-09
6272,9.5e-10
6273,1.2333333333333334e-09
6274,1.0666666666666667e-09
6275,1.7333333333333333e-09
6276,1.8166666666666666e-09
6277,1.2666666666666668e-09
6278,7.333333333333333e-10
6279,6.499999999999999e-10
6280,6.833333333333334e-10
6281,9.166666666666667e-10
6282,5.5e-10
6283,6e-10
6284,6.499999999999999e-10
6285,1.0833333333333333e-09
6286,5.333333333333334e-10
6287,1.0333333333333333e-09
6288,1.0499999999999999e-09
6289,1.0333333333333333e-09
6290,7.666666666666667e-10
6291,9.333333333333332e-10
6292,6.499999999999999e-10
6293,5.833333333333334e-10
6294,7.666666666666667e-10
6295,6.499999999999999e-10
6296,7.5e-10
6297,1.1333333333333333e-09
6298,6.833333333333334e-10
6299,8e-10
6300,6.333333333333334e-10
6301,1.4666666666666666e-09
6302,7.666666666666667e-10
6303,8.166666666666667e-10
6304,1.0833333333333333e-09
6305,2.466666666666667e-09
6306,5.5e-10
6307,9.666666666666666e-10
6308,1.4666666666666666e-09
6309,1.8e-09
6310,8.166666666666667e-10
6311,1.1166666666666667e-09
6312,6.499999999999999e-10
6313,7.666666666666667e-10
6314,7.333333333333333e-10
6315,6.833333333333334e-10
6316,2.6666666666666666e-09
6317,2.3333333333333335e-09
6318,3.1333333333333333e-09
6319,7.333333333333333e-10
6320,1.4166666666666665e-09
6321,8e-10
6322,1.6666666666666665e-09
6323,6.166666666666667e-10
6324,9.333333333333332e-10
6325,2.566666666666667e-09
6326,1.0499999999999999e-09
6327,8e-10
6328,1.0499999999999999e-09
6329,1.2e-09
6330,8.5e-10
6331,1.9833333333333333e-09
6332,2.3333333333333335e-09
6333,2.6166666666666665e-09
6334,2.933333333333333e-09
6335,1.8666666666666664e-09
6336,4.833333333333333e-10
6337,1.0499999999999999e-09
6338,1.9999999999999997e-09
6339,1.7e-09
6340,1.5166666666666666e-09
6341,2.0999999999999998e-09
6342,7e-10
6343,7e-10
6344,7.333333333333333e-10
6345,6.499999999999999e-10
6346,2.1500000000000002e-09
6347,2.0666666666666666e-09
6348,1.2666666666666668e-09
6349,2.216666666666667e-09
6350,1.45e-09
6351,1.4666666666666666e-09
6352,1.7e-09
6353,2.7333333333333334e-09
6354,2.4833333333333332e-09
6355,1.0166666666666667e-09
6356,2.466666666666667e-09
6357,2.4166666666666664e-09
6358,1.3166666666666667e-09
6359,1.3333333333333333e-09
6360,1.5166666666666666e-09
6361,1.55e-09
6362,1.95e-09
6363,1.9999999999999997e-09
6364,1.2999999999999999e-09
6365,1.6333333333333335e-09
6366,3.9833333333333334e-09
6367,1.5666666666666666e-09
6368,1.4666666666666666e-09
6369,2.6166666666666665e-09
6370,2.1333333333333334e-09
6371,2.2e-09
6372,2.116666666666667e-09
6373,2.4e-09
6374,1.5333333333333334e-09
6375,1.7166666666666665e-09
6376,2.1500000000000002e-09
6377,2.2e-09
6378,1.6e-09
6379,2.25e-09
6380,2.35e-09
6381,2.8500000000000003e-09
6382,1.55e-09
6383,2.3e-09
6384,1.7333333333333333e-09
6385,1.9833333333333333e-09
6386,1.3666666666666667e-09
6387,1.5166666666666666e-09
6388,2.016666666666667e-09
6389,2.5999999999999997e-09
6390,1.4666666666666666e-09
6391,1.6166666666666667e-09
6392,1.4e-09
6393,1.25e-09
6394,2.7500000000000002e-09
6395,3.3666666666666666e-09
6396,3.066666666666667e-09
6397,2.6666666666666666e-09
6398,3.2e-09
6399,1.0499999999999999e-09
6400,1.0833333333333333e-09
6401,3.2333333333333333e-09
6402,9e-10
6403,3.15e-09
6404,3.1e-09
6405,3.0833333333333332e-09
6406,2.8666666666666667e-09
6407,3e-09
6408,2.933333333333333e-09
6409,7.666666666666667e-10
6410,6e-10
6411,2.933333333333333e-09
6412,3.1833333333333333e-09
6413,3.733333333333333e-09
6414,3.1e-09
6415,3.2166666666666665e-09
6416,2.9500000000000004e-09
6417,7.666666666666667e-10
6418,3e-09
6419,3.15e-09
6420,2.9500000000000004e-09
6421,3.6833333333333336e-09
6422,1.4333333333333333e-09
6423,4.25e-09
6424,3.9833333333333334e-09
6425,4.133333333333333e-09
6426,6.333333333333334e-10
6427,1.0499999999999999e-09
6428,3.6e-09
6429,1.1e-09
6430,3.5e-09
6431,3.9999999999999994e-09
6432,7.5e-10
6433,3.533333333333333e-09
6434,8.833333333333333e-10
6435,6e-10
6436,3.45e-09
6437,6e-10
6438,7.166666666666667e-10
6439,4.1999999999999996e-09
6440,7e-10
6441,3.85e-09
6442,8.333333333333332e-10
6443,3.7166666666666664e-09
6444,3.3666666666666666e-09
6445,3.4833333333333335e-09
6446,3.916666666666667e-09
6447,3.3666666666666666e-09
6448,3.6166666666666668e-09
6449,9.666666666666666e-10
6450,2.8333333333333334e-10
6451,3.533333333333333e-09
6452,3.75e-09
6453,4.15e-09
6454,4.25e-09
6455,1.4333333333333333e-09
6456,3.25e-09
6457,3.5666666666666668e-09
6458,3.1166666666666665e-09
6459,7.5e-10
6460,3.3666666666666666e-09
6461,1.0666666666666667e-09
6462,4.999999999999999e-10
6463,3.816666666666667e-09
6464,4.3333333333333334e-10
6465,5.966666666666666e-09
6466,3.7666666666666665e-09
6467,3.4666666666666667e-09
6468,3.3833333333333334e-09
6469,4.166666666666666e-10
6470,3.1e-09
6471,3.166666666666667e-10
6472,3.6e-09
6473,3e-09
6474,3.05e-09
6475,3.4666666666666667e-09
6476,6e-10
6477,2.8833333333333335e-09
6478,8e-10
6479,1.1666666666666668e-09
6480,1.6e-09
6481,9.333333333333332e-10
6482,3.55e-09
6483,3.3166666666666666e-09
6484,3.25e-09
6485,3.633333333333333e-09
6486,3.5666666666666668e-09
6487,1.6666666666666665e-09
6488,9.166666666666667e-10
6489,3.333333333333333e-09
6490,3.033333333333333e-09
6491,1.5333333333333334e-09
6492,1.1e-09
6493,1.8333333333333334e-09
6494,3.4e-09
6495,3.2166666666666665e-09
6496,3.3500000000000002e-09
6497,3.45e-09
6498,1.0833333333333333e-09
6499,1.1666666666666668e-09
6500,3.5666666666666668e-09
6501,1.1833333333333334e-09
6502,1.1e-09
6503,3.95e-09
6504,3.633333333333333e-09
6505,1.3333333333333333e-09
6506,8.666666666666667e-10
6507,1.3166666666666667e-09
6508,3.5666666666666668e-09
6509,3.5666666666666668e-09
6510,3.2333333333333333e-09
6511,1.0833333333333333e-09
6512,3.55e-09
6513,3.4166666666666667e-09
6514,3.5166666666666667e-09
6515,7.333333333333333e-10
6516,1.25e-09
6517,1.1e-09
6518,3.4e-09
6519,1.3666666666666667e-09
6520,3.6833333333333336e-09
6521,1.1333333333333333e-09
6522,3.6166666666666668e-09
6523,3.45e-09
6524,1.45e-09
6525,1.25e-09
6526,1.5833333333333334e-09
6527,1.3166666666666667e-09
6528,2.2e-09
6529,1.0166666666666667e-09
6530,3.3833333333333334e-09
6531,1.6166666666666667e-09
6532,3.2166666666666665e-09
6533,1.7166666666666665e-09
6534,1.4333333333333333e-09
6535,3.3166666666666666e-09
6536,3.0166666666666664e-09
6537,1.4833333333333334e-09
6538,3.15e-09
6539,2.383333333333333e-09
6540,1.4666666666666666e-09
6541,3.3e-09
6542,3.5e-09
6543,1.4833333333333334e-09
6544,1.9333333333333333e-09
6545,1.65e-09
6546,2.8500000000000003e-09
6547,2.0333333333333333e-09
6548,3.3500000000000002e-09
6549,1.9166666666666665e-09
6550,3.4e-09
6551,2.2e-09
6552,3.3833333333333334e-09
6553,3.633333333333333e-09
6554,3.5666666666666668e-09
6555,3.433333333333333e-09
6556,3.783333333333333e-09
6557,2.1666666666666666e-09
6558,1.8e-09
6559,3.666666666666667e-09
6560,2.3666666666666668e-09
6561,1.9666666666666665e-09
6562,2.3666666666666668e-09
6563,3.6166666666666668e-09
6564,3.5666666666666668e-09
6565,3.7666666666666665e-09
6566,3.5166666666666667e-09
6567,1.5666666666666666e-09
6568,2.9666666666666668e-09
6569,2.8666666666666667e-09
6570,2.8500000000000003e-09
6571,1.5166666666666666e-09
6572,2.8e-09
6573,2.8833333333333335e-09
6574,1.5e-09
6575,3.1e-09
6576,3.05e-09
6577,3.3166666666666666e-09
6578,1.1166666666666667e-09
6579,3.2333333333333333e-09
6580,3.166666666666667e-09
6581,1.8e-09
6582,1.2333333333333334e-09
6583,1.7e-09
6584,3.1e-09
6585,1.6666666666666665e-09
6586,9.666666666666666e-10
6587,1.6333333333333335e-09
6588,1.7333333333333333e-09
6589,1.4833333333333334e-09
6590,9.5e-10
6591,2.8833333333333335e-09
6592,1.0833333333333333e-09
6593,1.4333333333333333e-09
6594,1.3333333333333333e-09
6595,2.7333333333333334e-09
6596,2.8833333333333335e-09
6597,3.066666666666667e-09
6598,3.0166666666666664e-09
6599,1.15e-09
6600,3.816666666666667e-09
6601,3.9e-09
6602,1.2e-09
6603,3.883333333333333e-09
6604,3.8e-09
6605,3.85e-09
6606,3.666666666666667e-09
6607,1.1833333333333334e-09
6608,9.5e-10
6609,3.6166666666666668e-09
6610,9.999999999999999e-10
6611,9.999999999999999e-10
6612,3.4833333333333335e-09
6613,9.999999999999999e-10
6614,1.15e-09
6615,9.166666666666667e-10
6616,3.4833333333333335e-09
6617,3.433333333333333e-09
6618,3.833333333333333e-09
6619,3.3666666666666666e-09
6620,8.833333333333333e-10
6621,3.45e-09
6622,3.816666666666667e-09
6623,1.0333333333333333e-09
6624,5.833333333333334e-10
6625,3.2e-09
6626,8.166666666666667e-10
6627,8.5e-10
6628,7.333333333333333e-10
6629,8e-10
6630,3.25e-09
6631,3.6e-09
6632,3.2833333333333334e-09
6633,2.9500000000000004e-09
6634,3.5e-10
6635,3.6666666666666664e-10
6636,6.833333333333334e-10
6637,7.166666666666667e-10
6638,8.666666666666667e-10
6639,3.2333333333333333e-09
6640,7.333333333333333e-10
6641,7.833333333333333e-10
6642,3.2333333333333333e-09
6643,3.4833333333333335e-09
6644,3.3666666666666666e-09
6645,3.3500000000000002e-09
6646,4.3333333333333334e-10
6647,2.6833333333333334e-09
6648,8.166666666666667e-10
6649,3.3500000000000002e-09
6650,3.25e-09
6651,6.166666666666667e-10
6652,2.9500000000000004e-09
6653,6.333333333333334e-10
6654,3.3166666666666666e-09
6655,3.2833333333333334e-09
6656,6.666666666666666e-10
6657,5.666666666666667e-10
6658,6.333333333333334e-10
6659,1.6166666666666667e-09
6660,4.3333333333333334e-10
6661,1.8e-09
6662,1.0666666666666667e-09
6663,2.566666666666667e-09
6664,3.2833333333333334e-09
6665,3.533333333333333e-09
6666,1.15e-09
6667,4.166666666666667e-09
6668,2.4833333333333332e-09
6669,2.283333333333333e-09
6670,3e-09
6671,1.45e-09
6672,1.4333333333333333e-09
6673,8.666666666666667e-10
6674,9.833333333333332e-10
6675,2.3333333333333335e-09
6676,2.216666666666667e-09
6677,1.2333333333333334e-09
6678,2.983333333333333e-09
6679,3.266666666666667e-09
6680,1.1833333333333334e-09
6681,1.0666666666666667e-09
6682,2.7500000000000002e-09
6683,1.0666666666666667e-09
6684,8.666666666666667e-10
6685,2.833333333333333e-09
6686,9.833333333333332e-10
6687,1.3833333333333333e-09
6688,9.5e-10
6689,2.5333333333333337e-09
6690,9.666666666666666e-10
6691,2.466666666666667e-09
6692,9.166666666666667e-10
6693,2.466666666666667e-09
6694,7.166666666666667e-10
6695,2.3666666666666668e-09
6696,2.383333333333333e-09
6697,7.5e-10
6698,2.6333333333333333e-09
6699,2.216666666666667e-09
6700,1.1333333333333333e-09
6701,2.1500000000000002e-09
6702,2.4333333333333336e-09
6703,5.333333333333334e-10
6704,2.45e-09
6705,5.666666666666667e-10
6706,2.3166666666666663e-09
6707,2.1833333333333334e-09
6708,2.3333333333333335e-09
6709,3.0833333333333332e-09
6710,2.25e-09
6711,3.8333333333333335e-10
6712,6.166666666666667e-10
6713,4.066666666666667e-09
6714,1.25e-09
6715,1.9333333333333333e-09
6716,2.5999999999999997e-09
6717,2.1833333333333334e-09
6718,3.3e-09
6719,3.7e-09
6720,1.5666666666666666e-09
6721,9.666666666666666e-10
6722,1.8e-09
6723,8.5e-10
6724,4.4166666666666665e-09
6725,3.5666666666666668e-09
6726,3.8666666666666665e-09
6727,3.5833333333333336e-09
6728,3.916666666666667e-09
6729,3.633333333333333e-09
6730,3.55e-09
6731,1.1666666666666668e-09
6732,1.25e-09
6733,7.833333333333333e-10
6734,7.833333333333333e-10
6735,3.666666666666667e-09
6736,6e-10
6737,8.333333333333332e-10
6738,7.166666666666667e-10
6739,3.166666666666667e-09
6740,1.0499999999999999e-09
6741,3.6e-09
6742,5.833333333333334e-10
6743,6.499999999999999e-10
6744,3.3166666666666666e-09
6745,6.666666666666666e-10
6746,3.066666666666667e-09
6747,5.333333333333334e-10
6748,2.7833333333333334e-09
6749,2.7833333333333334e-09
6750,4.3333333333333334e-10
6751,2.9666666666666668e-09
6752,5.333333333333334e-10
6753,7.166666666666667e-10
6754,2.6833333333333334e-09
6755,4.833333333333333e-10
6756,2.5166666666666665e-09
6757,2.55e-09
6758,2.45e-09
6759,5.333333333333334e-10
6760,8.333333333333332e-10
6761,2.4999999999999996e-10
6762,8.166666666666667e-10
6763,2.5333333333333337e-09
6764,9.999999999999999e-10
6765,1.55e-09
6766,2.5166666666666665e-09
6767,9.333333333333332e-10
6768,7.333333333333333e-10
6769,7.833333333333333e-10
6770,2.65e-09
6771,2.5999999999999997e-09
6772,1.3499999999999999e-09
6773,1.6666666666666665e-09
6774,1.8833333333333332e-09
6775,1.2833333333333335e-09
6776,2.8166666666666667e-09
6777,3e-09
6778,2.3e-09
6779,1.45e-09
6780,2.6666666666666666e-09
6781,1.2333333333333334e-09
6782,2.65e-09
6783,2.0999999999999998e-09
6784,1.5833333333333334e-09
6785,2.6666666666666666e-09
6786,2.25e-09
6787,1.9e-09
6788,1.8e-09
6789,2.4833333333333332e-09
6790,2.55e-09
6791,2.05e-09
6792,1.9833333333333333e-09
6793,2.65e-09
6794,2.55e-09
6795,2.116666666666667e-09
6796,2.4166666666666664e-09
6797,2.4333333333333336e-09
6798,2.4833333333333332e-09
6799,2.4333333333333336e-09
6800,2.25e-09
6801,2.4e-09
6802,2.1833333333333334e-09
6803,2.25e-09
6804,2.5333333333333337e-09
6805,2.3666666666666668e-09
6806,2.1833333333333334e-09
6807,2.3666666666666668e-09
6808,2.35e-09
6809,2.0666666666666666e-09
6810,1.9e-09
6811,1.7333333333333333e-09
6812,2.05e-09
6813,1.8333333333333334e-09
6814,2.4166666666666664e-09
6815,2.3666666666666668e-09
6816,2.2333333333333335e-09
6817,2.25e-09
6818,1.9333333333333333e-09
6819,1.9666666666666665e-09
6820,2.4333333333333336e-09
6821,1.9999999999999997e-09
6822,2.1833333333333334e-09
6823,1.9999999999999997e-09
6824,2.4e-09
6825,2.6333333333333333e-09
6826,2.2e-09
6827,2.0999999999999998e-09
6828,2.2666666666666667e-09
6829,1.8166666666666666e-09
6830,1.8e-09
6831,2.5999999999999997e-09
6832,1.6e-09
6833,1.8666666666666664e-09
6834,1.7666666666666666e-09
6835,2.116666666666667e-09
6836,1.55e-09
6837,2.0333333333333333e-09
6838,1.4666666666666666e-09
6839,3.433333333333333e-09
6840,2.1666666666666666e-09
6841,2.35e-09
6842,2.6666666666666666e-09
6843,2.8666666666666667e-09
6844,2.0666666666666666e-09
6845,2.383333333333333e-09
6846,2.8833333333333335e-09
6847,1.9666666666666665e-09
6848,2.7166666666666666e-09
6849,2.6166666666666665e-09
6850,2.45e-09
6851,2.25e-09
6852,2.5166666666666665e-09
6853,2.1666666666666666e-09
6854,1.6833333333333333e-09
6855,2.4333333333333336e-09
6856,2.7166666666666666e-09
6857,2.383333333333333e-09
6858,2.25e-09
6859,2.55e-09
6860,2.1500000000000002e-09
6861,2.25e-09
6862,2.2666666666666667e-09
6863,2.35e-09
6864,2.5e-09
6865,2.466666666666667e-09
6866,2.25e-09
6867,2.1333333333333334e-09
6868,2.0333333333333333e-09
6869,2.25e-09
6870,2.1833333333333334e-09
6871,1.9333333333333333e-09
6872,1.85e-09
6873,1.55e-09
6874,1.8e-09
6875,1.75e-09
6876,1.45e-09
6877,1.4166666666666665e-09
6878,1.7166666666666665e-09
6879,1.5e-09
6880,1.9999999999999997e-09
6881,1.45e-09
6882,1.2166666666666668e-09
6883,1.2666666666666668e-09
6884,1.0333333333333333e-09
6885,1.4833333333333334e-09
6886,1.7666666666666666e-09
6887,1.0833333333333333e-09
6888,1.2999999999999999e-09
6889,1.1e-09
6890,1.65e-09
6891,1.7e-09
6892,1.75e-09
6893,1.1833333333333334e-09
6894,1.7e-09
6895,1.5166666666666666e-09
6896,1.15e-09
6897,9.666666666666666e-10
6898,1.2999999999999999e-09
6899,8.166666666666667e-10
6900,9.5e-10
6901,1.1333333333333333e-09
6902,1.2666666666666668e-09
6903,1.8666666666666664e-09
6904,1.1333333333333333e-09
6905,1.2666666666666668e-09
6906,1.4833333333333334e-09
6907,1.2666666666666668e-09
6908,1.4666666666666666e-09
6909,9e-10
6910,1.2166666666666668e-09
6911,9.999999999999999e-10
6912,1.0333333333333333e-09
6913,1.7e-09
6914,1.0166666666666667e-09
6915,9.999999999999999e-10
6916,1.4666666666666666e-09
6917,1.4666666666666666e-09
6918,1.0499999999999999e-09
6919,8.5e-10
6920,1.45e-09
6921,6.166666666666667e-10
6922,1.1333333333333333e-09
6923,9.5e-10
6924,6.333333333333334e-10
6925,8e-10
6926,8.666666666666667e-10
6927,8.166666666666667e-10
6928,1.3666666666666667e-09
6929,8.333333333333332e-10
6930,1.0333333333333333e-09
6931,7e-10
6932,1.1333333333333333e-09
6933,1.4666666666666666e-09
6934,8.5e-10
6935,1.55e-09
6936,6.333333333333334e-10
6937,6.333333333333334e-10
6938,1.1333333333333333e-09
6939,9.666666666666666e-10
6940,8.833333333333333e-10
6941,1.3166666666666667e-09
6942,1.0166666666666667e-09
6943,1.1e-09
6944,1.0666666666666667e-09
6945,8.5e-10
6946,1.3333333333333333e-09
6947,1.0166666666666667e-09
6948,1.45e-09
6949,1.15e-09
6950,8.833333333333333e-10
6951,1.1333333333333333e-09
6952,9.833333333333332e-10
6953,1.3333333333333333e-09
6954,9.833333333333332e-10
6955,1.1333333333333333e-09
6956,1.75e-09
6957,1.7833333333333334e-09
6958,1.2e-09
6959,1.1666666666666668e-09
6960,1.4e-09
6961,1.0833333333333333e-09
6962,1.0499999999999999e-09
6963,1.45e-09
6964,2.1333333333333334e-09
6965,1.5333333333333334e-09
6966,1.2333333333333334e-09
6967,1.5666666666666666e-09
6968,2.0999999999999998e-09
6969,1.2666666666666668e-09
6970,9.666666666666666e-10
6971,8.166666666666667e-10
6972,1.3499999999999999e-09
6973,1.5666666666666666e-09
6974,1.2166666666666668e-09
6975,1.5e-09
6976,1.1666666666666668e-09
6977,1.2e-09
6978,1.4666666666666666e-09
6979,1.3333333333333333e-09
6980,9.999999999999999e-10
6981,9.5e-10
6982,9e-10
6983,1.4666666666666666e-09
6984,9.833333333333332e-10
6985,1.6333333333333335e-09
6986,1.1166666666666667e-09
6987,6.333333333333334e-10
6988,1.3166666666666667e-09
6989,1.1166666666666667e-09
6990,1.5e-09
6991,1.0166666666666667e-09
6992,1.95e-09
6993,1.3499999999999999e-09
6994,1.4e-09
6995,1.1833333333333334e-09
6996,1.1166666666666667e-09
6997,1.1166666666666667e-09
6998,1.2999999999999999e-09
6999,1.3333333333333333e-09
7000,1.3166666666666667e-09
7001,1.2333333333333334e-09
7002,1.3333333333333333e-09
7003,1.5833333333333334e-09
7004,1.4666666666666666e-09
7005,1.2666666666666668e-09
7006,1.7833333333333334e-09
7007,1.2166666666666668e-09
7008,8.833333333333333e-10
7009,8.833333333333333e-10
7010,1.2e-09
7011,1.0166666666666667e-09
7012,1.15e-09
7013,8e-10
7014,7.833333333333333e-10
7015,4.833333333333333e-10
7016,5.833333333333334e-10
7017,6.833333333333334e-10
7018,1.5166666666666666e-09
7019,7e-10
7020,5.833333333333334e-10
7021,8e-10
7022,1.1333333333333333e-09
7023,1.3166666666666667e-09
7024,1.3166666666666667e-09
7025,8.166666666666667e-10
7026,1.1166666666666667e-09
7027,8.166666666666667e-10
7028,1.45e-09
7029,9.999999999999999e-10
7030,1.3499999999999999e-09
7031,1.95e-09
7032,4.3333333333333334e-10
7033,6.333333333333334e-10
7034,9.333333333333332e-10
7035,4.999999999999999e-10
7036,9.833333333333332e-10
7037,9.166666666666667e-10
7038,9.666666666666666e-10
7039,1.0166666666666667e-09
7040,9.833333333333332e-10
7041,1.2333333333333334e-09
7042,9.666666666666666e-10
7043,6.333333333333334e-10
7044,7.833333333333333e-10
7045,1.2166666666666668e-09
7046,8.5e-10
7047,9.166666666666667e-10
7048,8.833333333333333e-10
7049,1.1666666666666668e-09
7050,1.1666666666666668e-09
7051,8.833333333333333e-10
7052,1.2e-09
7053,6.333333333333334e-10
7054,1.1e-09
7055,1.1e-09
7056,5.5e-10
7057,8.666666666666667e-10
7058,4.3333333333333334e-10
7059,8.833333333333333e-10
7060,4.833333333333333e-10
7061,6.333333333333334e-10
7062,7.833333333333333e-10
7063,5.333333333333334e-10
7064,1.0499999999999999e-09
7065,5.833333333333334e-10
7066,7.833333333333333e-10
7067,9.5e-10
7068,3.333333333333333e-10
7069,5.833333333333334e-10
7070,4.166666666666666e-10
7071,1.0666666666666667e-09
7072,9.333333333333332e-10
7073,1.1666666666666668e-09
7074,7.166666666666667e-10
7075,9.5e-10
7076,1.0166666666666667e-09
7077,1.2e-09
7078,3.8333333333333335e-10
7079,4.666666666666666e-10
7080,3.6666666666666664e-10
7081,8.166666666666667e-10
7082,7.333333333333333e-10
7083,8.166666666666667e-10
7084,7.5e-10
7085,1.0666666666666667e-09
7086,9.166666666666667e-10
7087,4.3333333333333334e-10
7088,3.6666666666666664e-10
7089,4.833333333333333e-10
7090,3e-10
7091,6.166666666666667e-10
7092,6.833333333333334e-10
7093,3.333333333333333e-10
7094,3e-10
7095,5.666666666666667e-10
7096,1.15e-09
7097,5.333333333333334e-10
7098,9e-10
7099,1.0333333333333333e-09
7100,4.3333333333333334e-10
7101,9.666666666666666e-10
7102,8.166666666666667e-10
7103,1.4833333333333334e-09
7104,1.4e-09
7105,1.3499999999999999e-09
7106,3.6666666666666664e-10
7107,4.999999999999999e-10
7108,2.1666666666666667e-10
7109,1.4166666666666665e-09
7110,1.1666666666666668e-09
7111,4.833333333333333e-10
7112,2.0666666666666666e-09
7113,1.4666666666666666e-09
7114,1.3166666666666667e-09
7115,2.1666666666666667e-10
7116,1.0666666666666667e-09
7117,1.1833333333333334e-09
7118,1.2166666666666668e-09
7119,1.55e-09
7120,1.0166666666666667e-09
7121,7.333333333333333e-10
7122,1.65e-09
7123,7.833333333333333e-10
7124,6.833333333333334e-10
7125,8.5e-10
7126,6e-10
7127,1.0166666666666667e-09
7128,1.3666666666666667e-09
7129,7.5e-10
7130,1.4333333333333333e-09
7131,3.6666666666666664e-10
7132,7e-10
7133,1.3666666666666667e-09
7134,1.2333333333333334e-09
7135,1.1166666666666667e-09
7136,1.2999999999999999e-09
7137,7.666666666666667e-10
7138,1.2166666666666668e-09
7139,6.499999999999999e-10
7140,5.166666666666666e-10
7141,3.166666666666667e-10
7142,7.333333333333333e-10
7143,6.333333333333334e-10
7144,7.666666666666667e-10
7145,9e-10
7146,1.45e-09
7147,8e-10
7148,8.666666666666667e-10
7149,1.4166666666666665e-09
7150,1.6166666666666667e-09
7151,7.666666666666667e-10
7152,7.166666666666667e-10
7153,5.333333333333334e-10
7154,9.666666666666666e-10
7155,1.0166666666666667e-09
7156,9.666666666666666e-10
7157,1.1666666666666668e-09
7158,1.5e-09
7159,1.5666666666666666e-09
7160,1.2e-09
7161,1.5e-09
7162,7.5e-10
7163,9.833333333333332e-10
7164,8.333333333333332e-10
7165,1.3166666666666667e-09
7166,1.3333333333333333e-09
7167,1.6666666666666665e-09
7168,1.3499999999999999e-09
7169,1.0499999999999999e-09
7170,1.1666666666666668e-09
7171,1.3333333333333333e-09
7172,1.8333333333333334e-09
7173,1.3499999999999999e-09
7174,1.3333333333333333e-09
7175,1.25e-09
7176,2.1500000000000002e-09
7177,1.2333333333333334e-09
7178,1.45e-09
7179,1.65e-09
7180,1.15e-09
7181,1.1833333333333334e-09
7182,1.25e-09
7183,1.1166666666666667e-09
7184,1.2666666666666668e-09
7185,1.7333333333333333e-09
7186,1.7166666666666665e-09
7187,2.016666666666667e-09
7188,1.55e-09
7189,1.7166666666666665e-09
7190,1.8e-09
7191,1.5166666666666666e-09
7192,2.2e-09
7193,1.4166666666666665e-09
7194,1.1e-09
7195,1.5333333333333334e-09
7196,1.5e-09
7197,1.5833333333333334e-09
7198,1.5333333333333334e-09
7199,1.4833333333333334e-09
7200,1.4e-09
7201,1.7e-09
7202,1.85e-09
7203,1.2999999999999999e-09
7204,1.9833333333333333e-09
7205,1.7166666666666665e-09
7206,1.2833333333333335e-09
7207,1.2e-09
7208,1.9999999999999997e-09
7209,1.0166666666666667e-09
7210,1.6666666666666665e-09
7211,1.25e-09
7212,1.2166666666666668e-09
7213,1.3166666666666667e-09
7214,9.666666666666666e-10
7215,9.166666666666667e-10
7216,7.666666666666667e-10
7217,6e-10
7218,1.3666666666666667e-09
7219,1.1666666666666668e-09
7220,1.2999999999999999e-09
7221,7.166666666666667e-10
7222,1.3166666666666667e-09
7223,1.6166666666666667e-09
7224,1.3166666666666667e-09
7225,8.333333333333332e-10
7226,8e-10
7227,1.2833333333333335e-09
7228,5.333333333333334e-10
7229,1.15e-09
7230,6.333333333333334e-10
7231,1.0499999999999999e-09
7232,7.5e-10
7233,5.666666666666667e-10
7234,7.833333333333333e-10
7235,9e-10
7236,4.999999999999999e-10
7237,1.2e-09
7238,2.666666666666667e-10
7239,8.333333333333332e-10
7240,2e-10
7241,2e-10
7242,1.2166666666666668e-09
7243,9.333333333333332e-10
7244,1.2833333333333335e-09
7245,1.0333333333333333e-09
7246,1.0499999999999999e-09
7247,9.166666666666667e-10
7248,1.2e-09
7249,8.666666666666667e-10
7250,9.333333333333332e-10
7251,1.1833333333333334e-09
7252,1.2833333333333335e-09
7253,9e-10
7254,1.3166666666666667e-09
7255,1.0833333333333333e-09
7256,1.3333333333333333e-09
7257,8.833333333333333e-10
7258,7.166666666666667e-10
7259,4.833333333333333e-10
7260,7.666666666666667e-10
7261,5.166666666666666e-10
7262,5.833333333333334e-10
7263,8.333333333333332e-10
7264,9e-10
7265,6.499999999999999e-10
7266,9.5e-10
7267,1.1333333333333333e-09
7268,7.333333333333333e-10
7269,1.2833333333333335e-09
7270,1.45e-09
7271,1.1333333333333333e-09
7272,1.6833333333333333e-09
7273,1.5666666666666666e-09
7274,6.166666666666667e-10
7275,5.5e-10
7276,6.166666666666667e-10
7277,8.666666666666667e-10
7278,1.2166666666666668e-09
7279,3e-10
7280,7e-10
7281,8.666666666666667e-10
7282,6.166666666666667e-10
7283,1.15e-09
7284,9e-10
7285,9.166666666666667e-10
7286,9.166666666666667e-10
7287,6.666666666666666e-10
7288,4.833333333333333e-10
7289,1.1166666666666667e-09
7290,6e-10
7291,7.833333333333333e-10
7292,5.166666666666666e-10
7293,4.5e-10
7294,9e-10
7295,7.166666666666667e-10
7296,4.166666666666666e-10
7297,4.166666666666666e-10
7298,8.5e-10
7299,1.4166666666666665e-09
7300,1.0499999999999999e-09
7301,9.666666666666666e-10
7302,7e-10
7303,9.166666666666667e-10
7304,6.666666666666666e-10
7305,6.166666666666667e-10
7306,4.999999999999999e-10
7307,6e-10
7308,5.833333333333334e-10
7309,1.2166666666666668e-09
7310,7.333333333333333e-10
7311,7.666666666666667e-10
7312,2.05e-09
7313,8.5e-10
7314,1.45e-09
7315,7e-10
7316,8.5e-10
7317,1.0166666666666667e-09
7318,1.2666666666666668e-09
7319,1.4333333333333333e-09
7320,5.333333333333334e-10
7321,2.283333333333333e-09
7322,1.4333333333333333e-09
7323,1.4166666666666665e-09
7324,8.5e-10
7325,8.666666666666667e-10
7326,2.05e-09
7327,1.4666666666666666e-09
7328,1.8333333333333334e-09
7329,7.666666666666667e-10
7330,1.6e-09
7331,1.1333333333333333e-09
7332,2.35e-09
7333,8.666666666666667e-10
7334,9.666666666666666e-10
7335,3.6666666666666664e-10
7336,1.95e-09
7337,4.5e-10
7338,3.333333333333333e-10
7339,5.833333333333334e-10
7340,4.3333333333333334e-10
7341,1.8333333333333332e-10
7342,6e-10
7343,1.7333333333333333e-09
7344,6.333333333333334e-10
7345,5.833333333333334e-10
7346,7.666666666666667e-10
7347,1.0833333333333333e-09
7348,8.833333333333333e-10
7349,1.0166666666666667e-09
7350,1.1166666666666667e-09
7351,1.2166666666666668e-09
7352,8.5e-10
7353,1.3833333333333333e-09
7354,2.35e-09
7355,6.333333333333334e-10
7356,2.0833333333333334e-09
7357,1.75e-09
7358,1.2e-09
7359,4.833333333333333e-10
7360,1.5666666666666666e-09
7361,1.5166666666666666e-09
7362,1.4333333333333333e-09
7363,9.333333333333332e-10
7364,2.6666666666666666e-09
7365,9.999999999999999e-10
7366,1.1833333333333334e-09
7367,1.1666666666666668e-09
7368,1.5166666666666666e-09
7369,1.0833333333333333e-09
7370,1.8166666666666666e-09
7371,1.4333333333333333e-09
7372,1.9666666666666665e-09
7373,1.1e-09
7374,1.5166666666666666e-09
7375,1.7333333333333333e-09
7376,1.6166666666666667e-09
7377,8.833333333333333e-10
7378,9.666666666666666e-10
7379,8.666666666666667e-10
7380,9.5e-10
7381,6e-10
7382,5.166666666666666e-10
7383,7.166666666666667e-10
7384,9.5e-10
7385,4.666666666666666e-10
7386,7.666666666666667e-10
7387,3.333333333333333e-10
7388,1.15e-09
7389,9.666666666666666e-10
7390,9.999999999999999e-10
7391,6.499999999999999e-10
7392,6.166666666666667e-10
7393,1.9333333333333333e-09
7394,1.1833333333333334e-09
7395,9e-10
7396,8e-10
7397,7.833333333333333e-10
7398,1.1333333333333333e-09
7399,8.666666666666667e-10
7400,3.6666666666666664e-10
7401,6.499999999999999e-10
7402,1.1333333333333333e-09
7403,8.833333333333333e-10
7404,2.1833333333333334e-09
7405,1.3833333333333333e-09
7406,1.8e-09
7407,9.166666666666667e-10
7408,9.833333333333332e-10
7409,7e-10
7410,2.116666666666667e-09
7411,1.2166666666666668e-09
7412,1.95e-09
7413,4.5e-10
7414,5.166666666666666e-10
7415,2.0333333333333333e-09
7416,6.833333333333334e-10
7417,2.216666666666667e-09
7418,7.166666666666667e-10
7419,1.75e-09
7420,1.95e-09
7421,9.833333333333332e-10
7422,4.666666666666666e-10
7423,1.9833333333333333e-09
7424,6.833333333333334e-10
7425,6.833333333333334e-10
7426,1.0833333333333333e-09
7427,1.0499999999999999e-09
7428,6e-10
7429,1.8166666666666666e-09
7430,2.45e-09
7431,7.5e-10
7432,5.5e-10
7433,8.166666666666667e-10
7434,1.65e-09
7435,1.7166666666666665e-09
7436,1.8333333333333334e-09
7437,6.833333333333334e-10
7438,1.7e-09
7439,8.166666666666667e-10
7440,1.2666666666666668e-09
7441,6.333333333333334e-10
7442,1.8666666666666664e-09
7443,1.7333333333333333e-09
7444,9e-10
7445,1.7166666666666665e-09
7446,1.7166666666666665e-09
7447,4.3333333333333334e-10
7448,4.999999999999999e-10
7449,1.9166666666666665e-09
7450,2.1833333333333334e-09
7451,1.5166666666666666e-09
7452,1.85e-09
7453,7.166666666666667e-10
7454,1.7333333333333333e-09
7455,1.5e-09
7456,1.7666666666666666e-09
7457,2.0666666666666666e-09
7458,1.0833333333333333e-09
7459,1.0499999999999999e-09
7460,1.8166666666666666e-09
7461,1.1666666666666668e-09
7462,1.3333333333333333e-09
7463,2.25e-09
7464,8.833333333333333e-10
7465,1.5833333333333334e-09
7466,2.0999999999999998e-09
7467,1.4833333333333334e-09
7468,1.3333333333333333e-09
7469,1.6666666666666665e-09
7470,1.3166666666666667e-09
7471,1.4e-09
7472,9e-10
7473,1.1833333333333334e-09
7474,9.166666666666667e-10
7475,1.65e-09
7476,1.5666666666666666e-09
7477,1.0166666666666667e-09
7478,8.666666666666667e-10
7479,1.3499999999999999e-09
7480,1.3333333333333333e-09
7481,1.7166666666666665e-09
7482,1.5666666666666666e-09
7483,1.1333333333333333e-09
7484,1.4833333333333334e-09
7485,1.3666666666666667e-09
7486,1.5166666666666666e-09
7487,1.6833333333333333e-09
7488,1.55e-09
7489,1.6833333333333333e-09
7490,1.4e-09
7491,1.9333333333333333e-09
7492,1.2e-09
7493,1.5833333333333334e-09
7494,1.5333333333333334e-09
7495,1.4333333333333333e-09
7496,1.5333333333333334e-09
7497,1.2166666666666668e-09
7498,1.1166666666666667e-09
7499,1.5e-09
7500,1.3499999999999999e-09
7501,1.2e-09
7502,1.7666666666666666e-09
7503,1.2999999999999999e-09
7504,1.5166666666666666e-09
7505,9.666666666666666e-10
7506,1.2e-09
7507,9.5e-10
7508,1.0666666666666667e-09
7509,1.1e-09
7510,1.1e-09
7511,1.3666666666666667e-09
7512,1.1e-09
7513,8.333333333333332e-10
7514,1.4333333333333333e-09
7515,1.6166666666666667e-09
7516,1.5166666666666666e-09
7517,1.25e-09
7518,2.1333333333333334e-09
7519,1.3499999999999999e-09
7520,1.0333333333333333e-09
7521,1.5166666666666666e-09
7522,1.6333333333333335e-09
7523,1.65e-09
7524,1.4666666666666666e-09
7525,2.4333333333333336e-09
7526,1.15e-09
7527,1.9e-09
7528,1.2166666666666668e-09
7529,1.4833333333333334e-09
7530,1.2333333333333334e-09
7531,1.15e-09
7532,1.8333333333333334e-09
7533,1.75e-09
7534,1.45e-09
7535,1.8833333333333332e-09
7536,1.6666666666666665e-09
7537,1.7e-09
7538,1.2166666666666668e-09
7539,1.9833333333333333e-09
7540,1.5666666666666666e-09
7541,1.5833333333333334e-09
7542,1.5333333333333334e-09
7543,1.45e-09
7544,1.9166666666666665e-09
7545,1.5e-09
7546,1.95e-09
7547,1.25e-09
7548,1.25e-09
7549,1.8e-09
7550,1.6333333333333335e-09
7551,1.4166666666666665e-09
7552,1.75e-09
7553,1.1833333333333334e-09
7554,1.45e-09
7555,1.5e-09
7556,1.2333333333333334e-09
7557,1.3666666666666667e-09
7558,1.0499999999999999e-09
7559,2.216666666666667e-09
7560,1.4333333333333333e-09
7561,1.0833333333333333e-09
7562,1.3666666666666667e-09
7563,1.7833333333333334e-09
7564,1.4833333333333334e-09
7565,1.4833333333333334e-09
7566,1.3833333333333333e-09
7567,1.2666666666666668e-09
7568,1.4166666666666665e-09
7569,1.1833333333333334e-09
7570,1.2666666666666668e-09
7571,1.5166666666666666e-09
7572,1.75e-09
7573,1.4666666666666666e-09
7574,1.4666666666666666e-09
7575,1.4e-09
7576,1.65e-09
7577,1.5e-09
7578,1.4833333333333334e-09
7579,1.5166666666666666e-09
7580,1.6e-09
7581,1.3666666666666667e-09
7582,1.1833333333333334e-09
7583,9.5e-10
7584,1.4333333333333333e-09
7585,1.4166666666666665e-09
7586,1.1333333333333333e-09
7587,1.0833333333333333e-09
7588,1.2e-09
7589,1.0333333333333333e-09
7590,8e-10
7591,1.1666666666666668e-09
7592,5.166666666666666e-10
7593,7.833333333333333e-10
7594,7.833333333333333e-10
7595,1.1166666666666667e-09
7596,8e-10
7597,4.166666666666666e-10
7598,1.5e-09
7599,5.333333333333334e-10
7600,8.5e-10
7601,7e-10
7602,6.833333333333334e-10
7603,6.166666666666667e-10
7604,8.333333333333332e-10
7605,7e-10
7606,7.166666666666667e-10
7607,4.999999999999999e-10
7608,9.166666666666667e-10
7609,5.333333333333334e-10
7610,3.333333333333333e-10
7611,4.833333333333333e-10
7612,2.4999999999999996e-10
7613,2.666666666666667e-10
7614,4.166666666666666e-10
7615,5.166666666666666e-10
7616,4.3333333333333334e-10
7617,1.6666666666666666e-10
7618,3.6666666666666664e-10
7619,6.166666666666667e-10
7620,3e-10
7621,5.666666666666667e-10
7622,4.166666666666666e-10
7623,9.166666666666667e-10
7624,6.833333333333334e-10
7625,7e-10
7626,1.2333333333333334e-09
7627,6.333333333333334e-10
7628,6e-10
7629,4e-10
7630,5.333333333333334e-10
7631,1.0166666666666667e-09
7632,1.0499999999999999e-09
7633,9.166666666666667e-10
7634,6.166666666666667e-10
7635,7.666666666666667e-10
7636,4.166666666666666e-10
7637,9e-10
7638,1.0833333333333333e-09
7639,1.1833333333333334e-09
7640,1.3833333333333333e-09
7641,1.2333333333333334e-09
7642,1.2833333333333335e-09
7643,1.4e-09
7644,7.166666666666667e-10
7645,1.0666666666666667e-09
7646,3.8333333333333335e-10
7647,7.666666666666667e-10
7648,7.666666666666667e-10
7649,9.999999999999999e-10
7650,8.333333333333332e-10
7651,1.5166666666666666e-09
7652,1.3333333333333333e-09
7653,6e-10
7654,6.666666666666666e-10
7655,6.666666666666666e-10
7656,7.833333333333333e-10
7657,9.166666666666667e-10
7658,1.2333333333333334e-09
7659,9.666666666666666e-10
7660,7.166666666666667e-10
7661,1.3833333333333333e-09
7662,1.4166666666666665e-09
7663,1.6e-09
7664,8.5e-10
7665,1.8666666666666664e-09
7666,9.999999999999999e-10
7667,9e-10
7668,9.333333333333332e-10
7669,1.1333333333333333e-09
7670,1.3833333333333333e-09
7671,1.1166666666666667e-09
7672,6.499999999999999e-10
7673,1.4666666666666666e-09
7674,8.166666666666667e-10
7675,1.4e-09
7676,9.833333333333332e-10
7677,7.833333333333333e-10
7678,7.166666666666667e-10
7679,9.5e-10
7680,8.833333333333333e-10
7681,4.166666666666666e-10
7682,9.166666666666667e-10
7683,8e-10
7684,6.166666666666667e-10
7685,1.0166666666666667e-09
7686,1.15e-09
7687,1.1166666666666667e-09
7688,4.3333333333333334e-10
7689,1.75e-09
7690,9.166666666666667e-10
7691,1.1833333333333334e-09
7692,4.5e-10
7693,7.833333333333333e-10
7694,1.2333333333333334e-09
7695,9.833333333333332e-10
7696,1.7e-09
7697,1.7333333333333333e-09
7698,5.833333333333334e-10
7699,1.1666666666666668e-09
7700,1.4333333333333333e-09
7701,9.166666666666667e-10
7702,5.5e-10
7703,1.9e-09
7704,1.4166666666666665e-09
7705,5.333333333333334e-10
7706,1.9e-09
7707,1.8666666666666664e-09
7708,7e-10
7709,1.1666666666666668e-09
7710,1.6e-09
7711,1.75e-09
7712,8.666666666666667e-10
7713,1.55e-09
7714,9.5e-10
7715,7.833333333333333e-10
7716,7.833333333333333e-10
7717,7.5e-10
7718,7.166666666666667e-10
7719,8e-10
7720,1.1833333333333334e-09
7721,7.666666666666667e-10
7722,1.0666666666666667e-09
7723,6.499999999999999e-10
7724,1.4166666666666665e-09
7725,1.5666666666666666e-09
7726,2.016666666666667e-09
7727,6.666666666666666e-10
7728,1.4166666666666665e-09
7729,1.6333333333333335e-09
7730,1.6333333333333335e-09
7731,1.3166666666666667e-09
7732,7.5e-10
7733,1.5166666666666666e-09
7734,9e-10
7735,1.6333333333333335e-09
7736,9.833333333333332e-10
7737,5.666666666666667e-10
7738,1.4e-09
7739,1.3666666666666667e-09
7740,3.333333333333333e-10
7741,3.8333333333333335e-10
7742,1.3333333333333333e-09
7743,1.4166666666666665e-09
7744,1.5666666666666666e-09
7745,1.15e-09
7746,1.3499999999999999e-09
7747,4.999999999999999e-10
7748,8.666666666666667e-10
7749,9e-10
7750,1.6333333333333335e-09
7751,1.6e-09
7752,1.0833333333333333e-09
7753,1.65e-09
7754,8.5e-10
7755,6.666666666666666e-10
7756,1.9166666666666665e-09
7757,1.4666666666666666e-09
7758,8.833333333333333e-10
7759,1.1666666666666668e-09
7760,1.4e-09
7761,9.833333333333332e-10
7762,1.9833333333333333e-09
7763,1.3833333333333333e-09
7764,1.5833333333333334e-09
7765,1.8e-09
7766,2.9666666666666668e-09
7767,1.8e-09
7768,1.5333333333333334e-09
7769,2.0999999999999998e-09
7770,1.55e-09
7771,1.0499999999999999e-09
7772,1.5333333333333334e-09
7773,4e-10
7774,3e-10
7775,1.6e-09
7776,2.6166666666666665e-09
7777,2.216666666666667e-09
7778,2.0999999999999998e-09
7779,1.3166666666666667e-09
7780,4.166666666666666e-10
7781,2.1833333333333334e-09
7782,4e-10
7783,6.166666666666667e-10
7784,9.166666666666667e-10
7785,2.7333333333333334e-09
7786,7.833333333333333e-10
7787,2.9e-09
7788,2.3333333333333335e-09
7789,2.283333333333333e-09
7790,9.333333333333332e-10
7791,1.1333333333333333e-09
7792,3.1833333333333333e-09
7793,9.5e-10
7794,4.666666666666666e-10
7795,5.166666666666666e-10
7796,6e-10
7797,1.0499999999999999e-09
7798,3.066666666666667e-09
7799,9.5e-10
7800,1.9333333333333333e-09
7801,1.9166666666666665e-09
7802,3.9e-09
7803,3.1333333333333333e-09
7804,1.2999999999999999e-09
7805,6.333333333333334e-10
7806,2.7166666666666666e-09
7807,1.4166666666666665e-09
7808,3.783333333333333e-09
7809,1.9666666666666665e-09
7810,2.8833333333333335e-09
7811,2.25e-09
7812,2.4e-09
7813,2.9666666666666668e-09
7814,1.6666666666666665e-09
7815,3.4e-09
7816,1.6833333333333333e-09
7817,2.3e-09
7818,2.9666666666666668e-09
7819,2.3666666666666668e-09
7820,2.0666666666666666e-09
7821,2.7333333333333334e-09
7822,1.8833333333333332e-09
7823,2.2e-09
7824,3.066666666666667e-09
7825,2.65e-09
7826,1.5833333333333334e-09
7827,1.5833333333333334e-09
7828,1.8333333333333334e-09
7829,1.7833333333333334e-09
7830,2.25e-09
7831,2.7500000000000002e-09
7832,2.35e-09
7833,1.5166666666666666e-09
7834,1.6666666666666665e-09
7835,1.75e-09
7836,1.3499999999999999e-09
7837,2.35e-09
7838,1.9166666666666665e-09
7839,1.5833333333333334e-09
7840,1.2333333333333334e-09
7841,2.566666666666667e-09
7842,2.35e-09
7843,1.6833333333333333e-09
7844,1.4666666666666666e-09
7845,1.6833333333333333e-09
7846,2.3166666666666663e-09
7847,2.3333333333333335e-09
7848,1.7333333333333333e-09
7849,2.0999999999999998e-09
7850,1.8e-09
7851,2.8166666666666667e-09
7852,2.4166666666666664e-09
7853,1.8166666666666666e-09
7854,1.7e-09
7855,2.5e-09
7856,1.7166666666666665e-09
7857,1.8666666666666664e-09
7858,1.1333333333333333e-09
7859,1.1333333333333333e-09
7860,1.8333333333333334e-09
7861,1.1666666666666668e-09
7862,1.8666666666666664e-09
7863,1.5e-09
7864,2.1666666666666666e-09
7865,2.05e-09
7866,1.2333333333333334e-09
7867,1.5166666666666666e-09
7868,1.2999999999999999e-09
7869,1.7e-09
7870,1.0499999999999999e-09
7871,1.0499999999999999e-09
7872,1.1666666666666668e-09
7873,1.1333333333333333e-09
7874,1.7833333333333334e-09
7875,1.5e-09
7876,1.45e-09
7877,1.2333333333333334e-09
7878,8.833333333333333e-10
7879,9.5e-10
7880,9e-10
7881,9e-10
7882,8e-10
7883,7e-10
7884,1.15e-09
7885,2.6666666666666666e-09
7886,1.0166666666666667e-09
7887,1.1333333333333333e-09
7888,6.666666666666666e-10
7889,4.5e-10
7890,1.0499999999999999e-09
7891,1.9666666666666665e-09
7892,1.45e-09
7893,2.7666666666666666e-09
7894,8.333333333333332e-10
7895,6.333333333333334e-10
7896,1.9999999999999997e-09
7897,1.25e-09
7898,4.3333333333333334e-10
7899,1.3166666666666667e-09
7900,2.1833333333333334e-09
7901,7.333333333333333e-10
7902,1.8833333333333332e-09
7903,1.45e-09
7904,1.6833333333333333e-09
7905,1.1333333333333333e-09
7906,1.4333333333333333e-09
7907,2.3666666666666668e-09
7908,1.5666666666666666e-09
7909,2.2333333333333335e-09
7910,1.25e-09
7911,1.5833333333333334e-09
7912,1.7166666666666665e-09
7913,1.5833333333333334e-09
7914,1.6166666666666667e-09
7915,1.4833333333333334e-09
7916,1.8e-09
7917,1.9833333333333333e-09
7918,2.1666666666666666e-09
7919,1.4166666666666665e-09
7920,2.016666666666667e-09
7921,1.8666666666666664e-09
7922,1.7166666666666665e-09
7923,1.6e-09
7924,1.5166666666666666e-09
7925,1.55e-09
7926,1.3833333333333333e-09
7927,1.8333333333333334e-09
7928,2.5166666666666665e-09
7929,2.2333333333333335e-09
7930,1.9999999999999997e-09
7931,2.016666666666667e-09
7932,1.6833333333333333e-09
7933,1.9166666666666665e-09
7934,2.016666666666667e-09
7935,1.6166666666666667e-09
7936,2.5833333333333333e-09
7937,3.4e-09
7938,1.55e-09
7939,1.75e-09
7940,1.7666666666666666e-09
7941,2.4333333333333336e-09
7942,2.5166666666666665e-09
7943,2.55e-09
7944,2.5833333333333333e-09
7945,1.4e-09
7946,1.4833333333333334e-09
7947,2.016666666666667e-09
7948,2.933333333333333e-09
7949,1.6333333333333335e-09
7950,1.5833333333333334e-09
7951,1.5166666666666666e-09
7952,2.0999999999999998e-09
7953,2.3666666666666668e-09
7954,1.9666666666666665e-09
7955,1.6e-09
7956,1.3666666666666667e-09
7957,2.2333333333333335e-09
7958,1.7833333333333334e-09
7959,2.216666666666667e-09
7960,1.9e-09
7961,1.9999999999999997e-09
7962,2.1333333333333334e-09
7963,2.0999999999999998e-09
7964,2.6166666666666665e-09
7965,1.8666666666666664e-09
7966,1.7e-09
7967,2.25e-09
7968,1.5333333333333334e-09
7969,2.8e-09
7970,1.5e-09
7971,1.3499999999999999e-09
7972,1.3499999999999999e-09
7973,1.6333333333333335e-09
7974,2.2666666666666667e-09
7975,2.1333333333333334e-09
7976,1.5833333333333334e-09
7977,1.6666666666666665e-09
7978,1.7833333333333334e-09
7979,2.216666666666667e-09
7980,1.45e-09
7981,1.2e-09
7982,2.25e-09
7983,2.3e-09
7984,1.9999999999999997e-09
7985,1.2333333333333334e-09
7986,1.15e-09
7987,9.166666666666667e-10
7988,2.833333333333333e-09
7989,1.5166666666666666e-09
7990,9.333333333333332e-10
7991,1.7833333333333334e-09
7992,1.7e-09
7993,1.6e-09
7994,8.166666666666667e-10
7995,8.833333333333333e-10
7996,1.2666666666666668e-09
7997,1.65e-09
7998,1.2166666666666668e-09
7999,7.5e-10
8000,1.4666666666666666e-09
8001,7.833333333333333e-10
8002,1.15e-09
8003,1.1e-09
8004,1.5166666666666666e-09
8005,9.666666666666666e-10
8006,1.9666666666666665e-09
8007,1.5333333333333334e-09
8008,2.116666666666667e-09
8009,8.833333333333333e-10
8010,1.5e-09
8011,1.6166666666666667e-09
8012,1.0499999999999999e-09
8013,5.5e-10
8014,2.8666666666666667e-09
8015,9.666666666666666e-10
8016,1.0166666666666667e-09
8017,1.3166666666666667e-09
8018,1.4e-09
8019,2.0833333333333334e-09
8020,3.8333333333333335e-10
8021,2.9500000000000004e-09
8022,1.45e-09
8023,1.5e-09
8024,1.0499999999999999e-09
8025,6.499999999999999e-10
8026,1.2833333333333335e-09
8027,6.333333333333334e-10
8028,1.5e-09
8029,1.5333333333333334e-09
8030,1.95e-09
8031,1.0833333333333333e-09
8032,1.4e-09
8033,7.166666666666667e-10
8034,8.5e-10
8035,2.4166666666666664e-09
8036,8.5e-10
8037,1.2999999999999999e-09
8038,6.666666666666666e-10
8039,1.5e-09
8040,1.4333333333333333e-09
8041,1.8666666666666664e-09
8042,5.666666666666667e-10
8043,2.016666666666667e-09
8044,1.55e-09
8045,1.7166666666666665e-09
8046,1.85e-09
8047,1.4e-09
8048,1.5166666666666666e-09
8049,1.6333333333333335e-09
8050,1.2666666666666668e-09
8051,1.4666666666666666e-09
8052,1.3666666666666667e-09
8053,2.4166666666666664e-09
8054,1.65e-09
8055,1.0666666666666667e-09
8056,1.3333333333333333e-09
8057,1.6166666666666667e-09
8058,1.9833333333333333e-09
8059,1.6166666666666667e-09
8060,1.65e-09
8061,9.333333333333332e-10
8062,1.5666666666666666e-09
8063,6.833333333333334e-10
8064,7e-10
8065,9.333333333333332e-10
8066,7e-10
8067,8.666666666666667e-10
8068,7.333333333333333e-10
8069,1.1e-09
8070,1.0833333333333333e-09
8071,1.3666666666666667e-09
8072,9.166666666666667e-10
8073,9.5e-10
8074,1.2999999999999999e-09
8075,1.75e-09
8076,1.7166666666666665e-09
8077,1.2e-09
8078,1.0166666666666667e-09
8079,8.166666666666667e-10
8080,9.999999999999999e-10
8081,7e-10
8082,1.4833333333333334e-09
8083,7.666666666666667e-10
8084,1.5166666666666666e-09
8085,5.5e-10
8086,7.333333333333333e-10
8087,1.3499999999999999e-09
8088,1.2333333333333334e-09
8089,7.5e-10
8090,8.333333333333332e-10
8091,1.2e-09
8092,1.4333333333333333e-09
8093,5.5e-10
8094,1.8e-09
8095,5.166666666666666e-10
8096,1.2666666666666668e-09
8097,4.999999999999999e-10
8098,4.833333333333333e-10
8099,8.166666666666667e-10
8100,3.8333333333333335e-10
8101,1.4166666666666665e-09
8102,3.6666666666666664e-10
8103,1.2999999999999999e-09
8104,5.833333333333334e-10
8105,1.2999999999999999e-09
8106,1.2e-09
8107,6.499999999999999e-10
8108,5.833333333333334e-10
8109,7e-10
8110,1.1833333333333334e-09
8111,5.833333333333334e-10
8112,4.3333333333333334e-10
8113,7.833333333333333e-10
8114,1.1e-09
8115,1.3333333333333333e-09
8116,1.3833333333333333e-09
8117,4e-10
8118,8e-10
8119,7.666666666666667e-10
8120,9.999999999999999e-10
8121,8e-10
8122,7.833333333333333e-10
8123,8e-10
8124,4.833333333333333e-10
8125,5.833333333333334e-10
8126,9e-10
8127,6e-10
8128,8.5e-10
8129,4e-10
8130,5.333333333333334e-10
8131,7.666666666666667e-10
8132,8.166666666666667e-10
8133,1.45e-09
8134,1.9e-09
8135,1.15e-09
8136,9.999999999999999e-10
8137,1.0833333333333333e-09
8138,7.833333333333333e-10
8139,9.5e-10
8140,8.666666666666667e-10
8141,8.666666666666667e-10
8142,1.1166666666666667e-09
8143,9.333333333333332e-10
8144,1.2999999999999999e-09
8145,1.4e-09
8146,6.833333333333334e-10
8147,1.2166666666666668e-09
8148,1.4e-09
8149,1.4e-09
8150,7.833333333333333e-10
8151,1.0166666666666667e-09
8152,1.2333333333333334e-09
8153,9.166666666666667e-10
8154,1.65e-09
8155,8.833333333333333e-10
8156,1.5166666666666666e-09
8157,1.2666666666666668e-09
8158,1.25e-09
8159,1.1833333333333334e-09
8160,9.833333333333332e-10
8161,1.2e-09
8162,1.5333333333333334e-09
8163,1.2166666666666668e-09
8164,1.2e-09
8165,9.833333333333332e-10
8166,1.1666666666666668e-09
8167,1.2666666666666668e-09
8168,9.833333333333332e-10
8169,1.25e-09
8170,1.0166666666666667e-09
8171,7.166666666666667e-10
8172,7e-10
8173,9.833333333333332e-10
8174,7e-10
8175,9.333333333333332e-10
8176,8.5e-10
8177,6.499999999999999e-10
8178,7.5e-10
8179,6.833333333333334e-10
8180,5.666666666666667e-10
8181,5.333333333333334e-10
8182,4e-10
8183,3.6666666666666664e-10
8184,4.833333333333333e-10
8185,4.3333333333333334e-10
8186,7.833333333333333e-10
8187,5.833333333333334e-10
8188,7e-10
8189,9.166666666666667e-10
8190,4.166666666666666e-10
8191,5.833333333333334e-10
8192,8.833333333333333e-10
8193,3.5e-10
8194,8e-10
8195,5.833333333333334e-10
8196,4.5e-10
8197,4.3333333333333334e-10
8198,5.5e-10
8199,9e-10
8200,6.333333333333334e-10
8201,4.999999999999999e-10
8202,5.166666666666666e-10
8203,7e-10
8204,4.833333333333333e-10
8205,6.499999999999999e-10
8206,6.333333333333334e-10
8207,4.999999999999999e-10
8208,8.166666666666667e-10
8209,5.333333333333334e-10
8210,4.833333333333333e-10
8211,5.166666666666666e-10
8212,6e-10
8213,4.5e-10
8214,5.333333333333334e-10
8215,6.166666666666667e-10
8216,7.166666666666667e-10
8217,4.833333333333333e-10
8218,4.5e-10
8219,6e-10
8220,7.333333333333333e-10
8221,3.5e-10
8222,1.3666666666666667e-09
8223,6.833333333333334e-10
8224,1.1166666666666667e-09
8225,1.1833333333333334e-09
8226,6.166666666666667e-10
8227,1.2666666666666668e-09
8228,1.1e-09
8229,1.25e-09
8230,9.5e-10
8231,1.7e-09
8232,7.666666666666667e-10
8233,1.0499999999999999e-09
8234,1.6166666666666667e-09
8235,8e-10
8236,1.4333333333333333e-09
8237,7.166666666666667e-10
8238,1.3499999999999999e-09
8239,1.7333333333333333e-09
8240,1.2999999999999999e-09
8241,1.8166666666666666e-09
8242,6.166666666666667e-10
8243,9.166666666666667e-10
8244,1.6833333333333333e-09
8245,9e-10
8246,1.6e-09
8247,1.4666666666666666e-09
8248,1.2333333333333334e-09
8249,7.333333333333333e-10
8250,6.333333333333334e-10
8251,1.2e-09
8252,2.05e-09
8253,2.25e-09
8254,1.5833333333333334e-09
8255,7.833333333333333e-10
8256,8.333333333333332e-10
8257,7.666666666666667e-10
8258,1.0666666666666667e-09
8259,1.8333333333333334e-09
8260,1.0666666666666667e-09
8261,2.0333333333333333e-09
8262,1.6333333333333335e-09
8263,2.383333333333333e-09
8264,1.0666666666666667e-09
8265,1.8166666666666666e-09
8266,9.833333333333332e-10
8267,2.0333333333333333e-09
8268,2.4833333333333332e-09
8269,1.0833333333333333e-09
8270,1.25e-09
8271,2.1333333333333334e-09
8272,1.9666666666666665e-09
8273,2.4e-09
8274,1.9833333333333333e-09
8275,1.9333333333333333e-09
8276,2.35e-09
8277,1.9833333333333333e-09
8278,1.7666666666666666e-09
8279,1.9166666666666665e-09
8280,2.1666666666666666e-09
8281,1.4333333333333333e-09
8282,1.8166666666666666e-09
8283,1.7166666666666665e-09
8284,1.75e-09
8285,1.9166666666666665e-09
8286,1.5833333333333334e-09
8287,1.6666666666666665e-09
8288,2.9e-09
8289,2.0833333333333334e-09
8290,1.9999999999999997e-09
8291,1.9333333333333333e-09
8292,2.6833333333333334e-09
8293,1.9999999999999997e-09
8294,2.466666666666667e-09
8295,1.4e-09
8296,1.8833333333333332e-09
8297,2.3666666666666668e-09
8298,2.466666666666667e-09
8299,1.8833333333333332e-09
8300,2.5e-09
8301,2.383333333333333e-09
8302,2.3666666666666668e-09
8303,2.216666666666667e-09
8304,2.1666666666666666e-09
8305,2.4166666666666664e-09
8306,2.25e-09
8307,2.1666666666666666e-09
8308,2.1666666666666666e-09
8309,2.1333333333333334e-09
8310,1.9999999999999997e-09
8311,2.3e-09
8312,2.0333333333333333e-09
8313,2.016666666666667e-09
8314,1.9166666666666665e-09
8315,1.8333333333333334e-09
8316,1.6833333333333333e-09
8317,1.6833333333333333e-09
8318,4.166666666666666e-10
8319,3.6666666666666664e-10
8320,1.1666666666666665e-10
8321,1.55e-09
8322,4.5e-10
8323,2.8333333333333334e-10
8324,1.1e-09
8325,5.333333333333334e-10
8326,2.4999999999999996e-10
8327,5.5e-10
8328,7.333333333333333e-10
8329,5.333333333333334e-10
8330,7.666666666666667e-10
8331,5.333333333333334e-10
8332,1.3333333333333334e-10
8333,5.833333333333334e-10
8334,2.4999999999999996e-10
8335,3e-10
8336,2.8333333333333334e-10
8337,2e-10
8338,1.1666666666666665e-10
8339,1.5e-10
8340,1.6666666666666666e-10
8341,1.3333333333333334e-10
8342,1.6666666666666667e-11
8343,1.6666666666666667e-11
8344,0.0
8345,0.0
