case_id,cycle_time_minutes
0,5.333333333333334e-10
1,4.999999999999999e-10
2,4.833333333333333e-10
3,6.833333333333334e-10
4,9.833333333333332e-10
5,4e-10
6,4e-10
7,1.0166666666666667e-09
8,7.5e-10
9,4.999999999999999e-10
10,9e-10
11,7.5e-10
12,1.0166666666666667e-09
13,2.666666666666667e-10
14,1.65e-09
15,4.166666666666666e-10
16,1.0499999999999999e-09
17,9.833333333333332e-10
18,1.3333333333333333e-09
19,1.9833333333333333e-09
20,6.166666666666667e-10
21,4.999999999999999e-10
22,1.0666666666666667e-09
23,1.6666666666666665e-09
24,1.45e-09
25,6.166666666666667e-10
26,1.25e-09
27,7.5e-10
28,5.833333333333334e-10
29,2.666666666666667e-10
30,9.166666666666667e-10
31,8.5e-10
32,9.166666666666667e-10
33,9.833333333333332e-10
34,1.3499999999999999e-09
35,9.999999999999999e-10
36,4.833333333333333e-10
37,1.1333333333333333e-09
38,4.5e-10
39,1.6e-09
40,8e-10
41,7.166666666666667e-10
42,8e-10
43,1.2166666666666668e-09
44,8.333333333333332e-10
45,1.1833333333333334e-09
46,1.5833333333333334e-09
47,8.166666666666667e-10
48,1.3333333333333333e-09
49,4.666666666666666e-10
50,1.3833333333333333e-09
51,1.4833333333333334e-09
52,1.8833333333333332e-09
53,1.8166666666666666e-09
54,1.6e-09
55,8.5e-10
56,1.4166666666666665e-09
57,1.3833333333333333e-09
58,4.3333333333333334e-10
59,1.1333333333333333e-09
60,9.166666666666667e-10
61,1.45e-09
62,5.333333333333334e-10
63,1.0333333333333333e-09
64,4.3333333333333334e-10
65,5.166666666666666e-10
66,9.833333333333332e-10
67,8.5e-10
68,1.2166666666666668e-09
69,1.5333333333333334e-09
70,9.666666666666666e-10
71,1.3833333333333333e-09
72,9.999999999999999e-10
73,9.333333333333332e-10
74,9.666666666666666e-10
75,1.0666666666666667e-09
76,1.2e-09
77,2.2e-09
78,8.666666666666667e-10
79,1.4e-09
80,1.4166666666666665e-09
81,7.166666666666667e-10
82,9e-10
83,1.0666666666666667e-09
84,1.1833333333333334e-09
85,1.7e-09
86,2.1833333333333334e-09
87,7.833333333333333e-10
88,1.8666666666666664e-09
89,1.5833333333333334e-09
90,6.166666666666667e-10
91,1.55e-09
92,1.6e-09
93,1.7666666666666666e-09
94,7.333333333333333e-10
95,5.833333333333334e-10
96,1.9e-09
97,1.9333333333333333e-09
98,1.1333333333333333e-09
99,8.666666666666667e-10
100,1.2333333333333334e-09
101,1.7666666666666666e-09
102,8.666666666666667e-10
103,1.6333333333333335e-09
104,1.9166666666666665e-09
105,1.2666666666666668e-09
106,1.2e-09
107,1.75e-09
108,1.4833333333333334e-09
109,1.3833333333333333e-09
110,1.2999999999999999e-09
111,1.3833333333333333e-09
112,1.3666666666666667e-09
113,9.833333333333332e-10
114,1.3166666666666667e-09
115,8.5e-10
116,1.1333333333333333e-09
117,1.2833333333333335e-09
118,9.333333333333332e-10
119,1.0166666666666667e-09
120,1.0166666666666667e-09
121,8.5e-10
122,8.666666666666667e-10
123,1.2166666666666668e-09
124,9.5e-10
125,6.499999999999999e-10
126,8.5e-10
127,1.5666666666666666e-09
128,1.5333333333333334e-09
129,1.9166666666666665e-09
130,8.833333333333333e-10
131,9.833333333333332e-10
132,1.4e-09
133,8.333333333333332e-10
134,8e-10
135,1.4333333333333333e-09
136,1.1166666666666667e-09
137,1.1e-09
138,1.55e-09
139,1.1333333333333333e-09
140,1.2333333333333334e-09
141,8.666666666666667e-10
142,1.0166666666666667e-09
143,9.5e-10
144,1.1e-09
145,8.166666666666667e-10
146,7.166666666666667e-10
147,9e-10
148,9.833333333333332e-10
149,8.833333333333333e-10
150,7.166666666666667e-10
151,5.833333333333334e-10
152,6.166666666666667e-10
153,7.333333333333333e-10
154,9e-10
155,1.1e-09
156,5.333333333333334e-10
157,5.666666666666667e-10
158,5.666666666666667e-10
159,8.833333333333333e-10
160,1.0166666666666667e-09
161,4e-10
162,1.1166666666666667e-09
163,4.833333333333333e-10
164,1.0499999999999999e-09
165,7e-10
166,7.833333333333333e-10
167,8.833333333333333e-10
168,1.0166666666666667e-09
169,9.333333333333332e-10
170,1.95e-09
171,1.1333333333333333e-09
172,6.333333333333334e-10
173,6.166666666666667e-10
174,8.5e-10
175,6e-10
176,6e-10
177,1.5166666666666666e-09
178,1.1e-09
179,4.999999999999999e-10
180,1.2666666666666668e-09
181,1.3166666666666667e-09
182,1.0666666666666667e-09
183,9.5e-10
184,9.333333333333332e-10
185,1.1833333333333334e-09
186,1.1833333333333334e-09
187,8.333333333333332e-10
188,6.166666666666667e-10
189,1.3499999999999999e-09
190,7e-10
191,1.2999999999999999e-09
192,8.833333333333333e-10
193,5.833333333333334e-10
194,8.5e-10
195,9.666666666666666e-10
196,6.499999999999999e-10
197,7e-10
198,9.666666666666666e-10
199,5.333333333333334e-10
200,6.833333333333334e-10
201,9.999999999999999e-10
202,6e-10
203,6.166666666666667e-10
204,7.166666666666667e-10
205,5.333333333333334e-10
206,8.833333333333333e-10
207,9.833333333333332e-10
208,7.5e-10
209,6.666666666666666e-10
210,9.333333333333332e-10
211,9.5e-10
212,6.333333333333334e-10
213,5.333333333333334e-10
214,8.5e-10
215,1.5833333333333334e-09
216,1.55e-09
217,5.666666666666667e-10
218,1.25e-09
219,7.833333333333333e-10
220,1.3666666666666667e-09
221,1.0833333333333333e-09
222,6.666666666666666e-10
223,1.0333333333333333e-09
224,8.833333333333333e-10
225,9.5e-10
226,9.999999999999999e-10
227,1.45e-09
228,1.7166666666666665e-09
229,6.833333333333334e-10
230,2.1833333333333334e-09
231,1.5833333333333334e-09
232,9.666666666666666e-10
233,8.166666666666667e-10
234,6.666666666666666e-10
235,1.5333333333333334e-09
236,1.1333333333333333e-09
237,9.833333333333332e-10
238,9.5e-10
239,1.1333333333333333e-09
240,4.666666666666666e-10
241,1.5666666666666666e-09
242,8.166666666666667e-10
243,1.25e-09
244,9.666666666666666e-10
245,6.499999999999999e-10
246,3.5e-10
247,4e-10
248,6.166666666666667e-10
249,9.833333333333332e-10
250,8.666666666666667e-10
251,6.333333333333334e-10
252,7.166666666666667e-10
253,5.333333333333334e-10
254,9.166666666666667e-10
255,4.3333333333333334e-10
256,1.1166666666666667e-09
257,4.833333333333333e-10
258,1.75e-09
259,1.6833333333333333e-09
260,1.1166666666666667e-09
261,8.166666666666667e-10
262,1.15e-09
263,5.666666666666667e-10
264,9.833333333333332e-10
265,4.3333333333333334e-10
266,8.666666666666667e-10
267,1.1166666666666667e-09
268,7.166666666666667e-10
269,7.5e-10
270,7.5e-10
271,6.499999999999999e-10
272,4.166666666666666e-10
273,6e-10
274,1.3666666666666667e-09
275,1.4666666666666666e-09
276,8.5e-10
277,5.5e-10
278,9e-10
279,6.666666666666666e-10
280,3.5e-10
281,1.1666666666666668e-09
282,3.6666666666666664e-10
283,6.166666666666667e-10
284,6.833333333333334e-10
285,4.833333333333333e-10
286,5.166666666666666e-10
287,5.5e-10
288,9.166666666666667e-10
289,8.833333333333333e-10
290,6.666666666666666e-10
291,4.3333333333333334e-10
292,1.2999999999999999e-09
293,1.2333333333333334e-09
294,7.5e-10
295,1.65e-09
296,6.833333333333334e-10
297,7.333333333333333e-10
298,1.4e-09
299,1.25e-09
300,1.1333333333333333e-09
301,9.333333333333332e-10
302,8.666666666666667e-10
303,7.333333333333333e-10
304,9.5e-10
305,1.0499999999999999e-09
306,7.833333333333333e-10
307,7.5e-10
308,1.1333333333333333e-09
309,8.5e-10
310,7.666666666666667e-10
311,1.5666666666666666e-09
312,6.333333333333334e-10
313,7e-10
314,1.5166666666666666e-09
315,8.5e-10
316,1.2666666666666668e-09
317,2.0999999999999998e-09
318,1.45e-09
319,5.5e-10
320,8.666666666666667e-10
321,9.999999999999999e-10
322,1.1666666666666668e-09
323,1.0666666666666667e-09
324,1.4333333333333333e-09
325,1.2666666666666668e-09
326,1.15e-09
327,1.5166666666666666e-09
328,7e-10
329,1.6666666666666665e-09
330,9.5e-10
331,1.2833333333333335e-09
332,1.0499999999999999e-09
333,6.666666666666666e-10
334,6.499999999999999e-10
335,1.1833333333333334e-09
336,9.333333333333332e-10
337,7.833333333333333e-10
338,1.15e-09
339,1.0166666666666667e-09
340,1.2166666666666668e-09
341,9.5e-10
342,1.1666666666666668e-09
343,6.166666666666667e-10
344,8e-10
345,1.3666666666666667e-09
346,1.25e-09
347,1.5e-09
348,1.4166666666666665e-09
349,8.333333333333332e-10
350,1.4166666666666665e-09
351,1.7833333333333334e-09
352,1.1333333333333333e-09
353,9.999999999999999e-10
354,1.2333333333333334e-09
355,1.2333333333333334e-09
356,1.4333333333333333e-09
357,1.5833333333333334e-09
358,1.4e-09
359,1.2833333333333335e-09
360,5.166666666666666e-10
361,8.666666666666667e-10
362,1.1e-09
363,2.7333333333333334e-09
364,1.1833333333333334e-09
365,4.5e-10
366,1.1833333333333334e-09
367,1.2e-09
368,1.7333333333333333e-09
369,9.333333333333332e-10
370,1.1666666666666668e-09
371,6.166666666666667e-10
372,1.4e-09
373,7e-10
374,6.499999999999999e-10
375,1.55e-09
376,1.4666666666666666e-09
377,8e-10
378,7.5e-10
379,1.45e-09
380,9.333333333333332e-10
381,1.1833333333333334e-09
382,1.2e-09
383,1.5833333333333334e-09
384,7.666666666666667e-10
385,7.833333333333333e-10
386,1.7e-09
387,8e-10
388,1.3666666666666667e-09
389,1.3166666666666667e-09
390,1.1e-09
391,1.1333333333333333e-09
392,3.166666666666667e-10
393,2.2333333333333335e-09
394,1.45e-09
395,1.2e-09
396,1.1833333333333334e-09
397,1.4166666666666665e-09
398,3e-10
399,1.3666666666666667e-09
400,1.2e-09
401,9.666666666666666e-10
402,1.7333333333333333e-09
403,1.3666666666666667e-09
404,9.999999999999999e-10
405,6.499999999999999e-10
406,8.166666666666667e-10
407,1.4666666666666666e-09
408,1.6333333333333335e-09
409,1.4666666666666666e-09
410,9.333333333333332e-10
411,1.4666666666666666e-09
412,1.6166666666666667e-09
413,7.666666666666667e-10
414,4.3333333333333334e-10
415,1.4666666666666666e-09
416,1.6333333333333335e-09
417,1.7833333333333334e-09
418,1.2333333333333334e-09
419,1.7e-09
420,1.3666666666666667e-09
421,4.5e-10
422,1.5e-09
423,1.5166666666666666e-09
424,6.499999999999999e-10
425,1.15e-09
426,1.7e-09
427,1.5666666666666666e-09
428,1.3666666666666667e-09
429,9.999999999999999e-10
430,1.5666666666666666e-09
431,2.8666666666666667e-09
432,1.2e-09
433,1.6166666666666667e-09
434,1.4833333333333334e-09
435,1.7833333333333334e-09
436,1.9999999999999997e-09
437,2.4333333333333336e-09
438,2.466666666666667e-09
439,1.4666666666666666e-09
440,1.3666666666666667e-09
441,1.4166666666666665e-09
442,1.6e-09
443,1.6166666666666667e-09
444,6.333333333333334e-10
445,2.8166666666666667e-09
446,2.833333333333333e-09
447,4.5e-10
448,6.333333333333334e-10
449,1.4333333333333333e-09
450,1.4666666666666666e-09
451,6.333333333333334e-10
452,1.5166666666666666e-09
453,1.7e-09
454,4e-10
455,8.666666666666667e-10
456,9.666666666666666e-10
457,5.333333333333334e-10
458,1.8e-09
459,5.166666666666666e-10
460,1.2e-09
461,8.666666666666667e-10
462,1.8166666666666666e-09
463,1.25e-09
464,2.3333333333333335e-09
465,1.4e-09
466,1.2666666666666668e-09
467,2.6166666666666665e-09
468,1.4166666666666665e-09
469,2.283333333333333e-09
470,1.2333333333333334e-09
471,1.2666666666666668e-09
472,1.6e-09
473,6.666666666666666e-10
474,2.55e-09
475,7.833333333333333e-10
476,1.7e-09
477,1.0333333333333333e-09
478,3.1e-09
479,2.25e-09
480,1.7833333333333334e-09
481,9.999999999999999e-10
482,1.5166666666666666e-09
483,1.75e-09
484,9.666666666666666e-10
485,1.9999999999999997e-09
486,1.3666666666666667e-09
487,2.7333333333333334e-09
488,1.0499999999999999e-09
489,1.3833333333333333e-09
490,1.6833333333333333e-09
491,2.9e-09
492,1.8166666666666666e-09
493,2.7166666666666666e-09
494,1.65e-09
495,7.833333333333333e-10
496,2.8833333333333335e-09
497,1.0333333333333333e-09
498,2.4333333333333336e-09
499,8.833333333333333e-10
500,2.1500000000000002e-09
501,1.1666666666666668e-09
502,2.383333333333333e-09
503,9.166666666666667e-10
504,1.0333333333333333e-09
505,2.1833333333333334e-09
506,8.666666666666667e-10
507,1.9666666666666665e-09
508,8.333333333333332e-10
509,9.5e-10
510,7e-10
511,1.25e-09
512,2.0833333333333334e-09
513,1.9166666666666665e-09
514,2.2666666666666667e-09
515,1.9833333333333333e-09
516,9.666666666666666e-10
517,9e-10
518,1.65e-09
519,9.999999999999999e-10
520,1.6166666666666667e-09
521,1.5e-09
522,1.6333333333333335e-09
523,7.5e-10
524,7.166666666666667e-10
525,6.499999999999999e-10
526,8.166666666666667e-10
527,2.05e-09
528,1.5666666666666666e-09
529,1.1666666666666668e-09
530,1.1e-09
531,5.5e-10
532,1.75e-09
533,3.5166666666666667e-09
534,4.5e-10
535,2.8166666666666667e-09
536,1.2999999999999999e-09
537,1.2833333333333335e-09
538,1.2333333333333334e-09
539,9.999999999999999e-10
540,1.8833333333333332e-09
541,1.3833333333333333e-09
542,1.1e-09
543,1.5333333333333334e-09
544,2.5e-09
545,2.6666666666666666e-09
546,5.666666666666667e-10
547,1.5166666666666666e-09
548,1.5833333333333334e-09
549,1.5e-09
550,8e-10
551,2.4166666666666664e-09
552,1.7833333333333334e-09
553,9.333333333333332e-10
554,8.833333333333333e-10
555,9.833333333333332e-10
556,1.9333333333333333e-09
557,1.5e-09
558,5.166666666666666e-10
559,1.4833333333333334e-09
560,2.016666666666667e-09
561,1.5333333333333334e-09
562,1.7166666666666665e-09
563,1.5833333333333334e-09
564,1.5333333333333334e-09
565,2.05e-09
566,1.0666666666666667e-09
567,1.3499999999999999e-09
568,1.9833333333333333e-09
569,2.216666666666667e-09
570,1.55e-09
571,2.216666666666667e-09
572,2.216666666666667e-09
573,2.2e-09
574,2.283333333333333e-09
575,1.2999999999999999e-09
576,1.2833333333333335e-09
577,1.6333333333333335e-09
578,1.6e-09
579,1.85e-09
580,1.3333333333333333e-09
581,1.5666666666666666e-09
582,1.85e-09
583,1.55e-09
584,1.6333333333333335e-09
585,1.5666666666666666e-09
586,1.4833333333333334e-09
587,1.45e-09
588,1.3666666666666667e-09
589,1.1333333333333333e-09
590,1.5166666666666666e-09
591,1.6833333333333333e-09
592,1.2833333333333335e-09
593,1.2e-09
594,1.2166666666666668e-09
595,1.3333333333333333e-09
596,1.2333333333333334e-09
597,1.3499999999999999e-09
598,2.3166666666666663e-09
599,1.45e-09
600,1.2333333333333334e-09
601,1.3666666666666667e-09
602,1.5166666666666666e-09
603,1.3166666666666667e-09
604,1.5166666666666666e-09
605,1.5e-09
606,2.0833333333333334e-09
607,1.3833333333333333e-09
608,1.0666666666666667e-09
609,1.4333333333333333e-09
610,1.0166666666666667e-09
611,1.0166666666666667e-09
612,1.95e-09
613,1.6166666666666667e-09
614,9.166666666666667e-10
615,1.95e-09
616,1.7833333333333334e-09
617,9.333333333333332e-10
618,8e-10
619,1.8333333333333334e-09
620,1.1333333333333333e-09
621,1.65e-09
622,6e-10
623,1.2666666666666668e-09
624,1.3666666666666667e-09
625,1.0833333333333333e-09
626,1.15e-09
627,1.6333333333333335e-09
628,1.4333333333333333e-09
629,8.833333333333333e-10
630,1.8333333333333334e-09
631,1.8e-09
632,1.55e-09
633,1.7333333333333333e-09
634,2.2e-09
635,1.1833333333333334e-09
636,3.05e-09
637,1.2333333333333334e-09
638,3.1166666666666665e-09
639,1.0166666666666667e-09
640,9.5e-10
641,1.0499999999999999e-09
642,3.65e-09
643,2.45e-09
644,6.833333333333334e-10
645,7e-10
646,2.4333333333333336e-09
647,5.683333333333333e-09
648,2.35e-09
649,2.5833333333333333e-09
650,8.5e-10
651,2.6166666666666665e-09
652,5.5e-10
653,2.6333333333333333e-09
654,3.5666666666666668e-09
655,5.333333333333334e-10
656,1.6666666666666665e-09
657,3.433333333333333e-09
658,3.433333333333333e-09
659,2.566666666666667e-09
660,3.3e-09
661,7.5e-10
662,7e-10
663,7e-10
664,1.6e-09
665,3.3500000000000002e-09
666,2.2666666666666667e-09
667,3.166666666666667e-09
668,5.333333333333334e-10
669,1.2333333333333334e-09
670,1.5333333333333334e-09
671,3.033333333333333e-09
672,3.1166666666666665e-09
673,5.166666666666666e-10
674,3.5166666666666667e-09
675,2.7833333333333334e-09
676,1.3166666666666667e-09
677,1.8333333333333334e-09
678,1.1e-09
679,2.9500000000000004e-09
680,3.4833333333333335e-09
681,1.65e-09
682,1.2333333333333334e-09
683,3.066666666666667e-09
684,2.9666666666666668e-09
685,1.0666666666666667e-09
686,3.166666666666667e-09
687,2.9666666666666668e-09
688,1.5666666666666666e-09
689,1.75e-09
690,1.0666666666666667e-09
691,1.3666666666666667e-09
692,9.666666666666666e-10
693,2.6666666666666666e-09
694,2.8833333333333335e-09
695,1.0499999999999999e-09
696,1.0499999999999999e-09
697,3.2e-09
698,2.2e-09
699,3.9833333333333334e-09
700,3.2166666666666665e-09
701,1.25e-09
702,3.1e-09
703,2.5833333333333333e-09
704,1.5333333333333334e-09
705,1.4666666666666666e-09
706,1.6666666666666665e-09
707,1.8666666666666664e-09
708,2.9166666666666667e-09
709,2.6833333333333334e-09
710,1.8333333333333334e-09
711,1.8833333333333332e-09
712,2.1333333333333334e-09
713,2.4166666666666664e-09
714,2.466666666666667e-09
715,2.1500000000000002e-09
716,2.3e-09
717,1.7333333333333333e-09
718,1.9e-09
719,2.3e-09
720,2.7500000000000002e-09
721,2.566666666666667e-09
722,1.4666666666666666e-09
723,2.8166666666666667e-09
724,1.3499999999999999e-09
725,1.7666666666666666e-09
726,1.6833333333333333e-09
727,1.4166666666666665e-09
728,2.3e-09
729,1.6333333333333335e-09
730,2.4833333333333332e-09
731,2.0666666666666666e-09
732,1.5333333333333334e-09
733,2.25e-09
734,2.566666666666667e-09
735,1.65e-09
736,1.8833333333333332e-09
737,1.7e-09
738,2.2e-09
739,3.1333333333333333e-09
740,2.833333333333333e-09
741,2.2e-09
742,2.1333333333333334e-09
743,2.3666666666666668e-09
744,3.4e-09
745,1.65e-09
746,2.4e-09
747,2.5999999999999997e-09
748,2.5166666666666665e-09
749,2.5999999999999997e-09
750,2.5333333333333337e-09
751,2.4333333333333336e-09
752,2.2e-09
753,2.4e-09
754,1.9833333333333333e-09
755,2.9500000000000004e-09
756,2.3e-09
757,2.6333333333333333e-09
758,2.116666666666667e-09
759,2.3333333333333335e-09
760,2.2e-09
761,1.8166666666666666e-09
762,2.1333333333333334e-09
763,2.3e-09
764,1.8e-09
765,2.383333333333333e-09
766,1.9666666666666665e-09
767,1.9666666666666665e-09
768,2.116666666666667e-09
769,2.016666666666667e-09
770,1.1333333333333333e-09
771,2.2e-09
772,1.9833333333333333e-09
773,2.0666666666666666e-09
774,2.1666666666666666e-09
775,2.1666666666666666e-09
776,1.9333333333333333e-09
777,2.0333333333333333e-09
778,1.75e-09
779,2.2666666666666667e-09
780,2.5999999999999997e-09
781,1.8833333333333332e-09
782,2.1500000000000002e-09
783,1.6833333333333333e-09
784,2.4333333333333336e-09
785,2.5333333333333337e-09
786,1.65e-09
787,2.466666666666667e-09
788,2.4833333333333332e-09
789,1.6e-09
790,2.5833333333333333e-09
791,2.35e-09
792,2.6666666666666666e-09
793,1.4e-09
794,1.3333333333333333e-09
795,2.05e-09
796,1.6166666666666667e-09
797,2.5333333333333337e-09
798,3.15e-09
799,1.0833333333333333e-09
800,1.2e-09
801,2.35e-09
802,2.016666666666667e-09
803,1.8833333333333332e-09
804,2.116666666666667e-09
805,1.8333333333333334e-09
806,1.9833333333333333e-09
807,2.3e-09
808,1.3499999999999999e-09
809,2.05e-09
810,1.2e-09
811,1.15e-09
812,1.6e-09
813,1.4666666666666666e-09
814,2.7166666666666666e-09
815,1.3833333333333333e-09
816,1.7333333333333333e-09
817,1.6666666666666665e-09
818,1.2166666666666668e-09
819,1.1333333333333333e-09
820,1.8333333333333334e-09
821,1.8666666666666664e-09
822,1.4166666666666665e-09
823,1.45e-09
824,1.0166666666666667e-09
825,1.5833333333333334e-09
826,1.8166666666666666e-09
827,1.0499999999999999e-09
828,1.0166666666666667e-09
829,1.2166666666666668e-09
830,1.4166666666666665e-09
831,1.4166666666666665e-09
832,1.3499999999999999e-09
833,1.45e-09
834,1.4833333333333334e-09
835,1.3499999999999999e-09
836,1.8666666666666664e-09
837,1.8166666666666666e-09
838,2.216666666666667e-09
839,1.1166666666666667e-09
840,1.0666666666666667e-09
841,1.7e-09
842,1.5833333333333334e-09
843,1.2333333333333334e-09
844,1.9166666666666665e-09
845,2.7833333333333334e-09
846,1.2833333333333335e-09
847,1.2e-09
848,1.9666666666666665e-09
849,1.55e-09
850,1.5833333333333334e-09
851,2.0999999999999998e-09
852,2.116666666666667e-09
853,1.65e-09
854,1.55e-09
855,1.4666666666666666e-09
856,1.2e-09
857,1.0833333333333333e-09
858,1.9166666666666665e-09
859,1.4e-09
860,1.0666666666666667e-09
861,1.3333333333333333e-09
862,1.1333333333333333e-09
863,9.333333333333332e-10
864,1.2e-09
865,1.1166666666666667e-09
866,1.2833333333333335e-09
867,1.25e-09
868,1.3833333333333333e-09
869,1.5666666666666666e-09
870,1.2166666666666668e-09
871,1.15e-09
872,6.666666666666666e-10
873,9.5e-10
874,1.0833333333333333e-09
875,9.5e-10
876,9.333333333333332e-10
877,7.833333333333333e-10
878,4.666666666666666e-10
879,1.45e-09
880,9.666666666666666e-10
881,7.833333333333333e-10
882,9.833333333333332e-10
883,1.1166666666666667e-09
884,9.333333333333332e-10
885,1.1666666666666668e-09
886,1.3666666666666667e-09
887,6.166666666666667e-10
888,1.45e-09
889,1.1666666666666668e-09
890,1.15e-09
891,8.666666666666667e-10
892,8.166666666666667e-10
893,1.15e-09
894,8.833333333333333e-10
895,7.833333333333333e-10
896,8.666666666666667e-10
897,9.999999999999999e-10
898,7.5e-10
899,7.333333333333333e-10
900,8.666666666666667e-10
901,6.166666666666667e-10
902,9.5e-10
903,8.166666666666667e-10
904,9.5e-10
905,9e-10
906,8.333333333333332e-10
907,7.666666666666667e-10
908,9.833333333333332e-10
909,7.666666666666667e-10
910,9.166666666666667e-10
911,7e-10
912,8.833333333333333e-10
913,7.5e-10
914,6.333333333333334e-10
915,6.499999999999999e-10
916,9.166666666666667e-10
917,6.333333333333334e-10
918,5.166666666666666e-10
919,8.666666666666667e-10
920,6.333333333333334e-10
921,8.833333333333333e-10
922,9e-10
923,1.3499999999999999e-09
924,9.833333333333332e-10
925,1.5833333333333334e-09
926,1.5333333333333334e-09
927,1.1333333333333333e-09
928,1.7166666666666665e-09
929,1.7166666666666665e-09
930,1.3166666666666667e-09
931,2.0333333333333333e-09
932,3e-10
933,1.9166666666666665e-09
934,1.2833333333333335e-09
935,1.5333333333333334e-09
936,1.3333333333333333e-09
937,1.1833333333333334e-09
938,9e-10
939,9.666666666666666e-10
940,1.55e-09
941,9e-10
942,1.6e-09
943,5.666666666666667e-10
944,9.5e-10
945,9.833333333333332e-10
946,1.2999999999999999e-09
947,1.1333333333333333e-09
948,7e-10
949,1.15e-09
950,1.5166666666666666e-09
951,1.7166666666666665e-09
952,9.333333333333332e-10
953,9.5e-10
954,1.3166666666666667e-09
955,9e-10
956,1.5166666666666666e-09
957,1.45e-09
958,1.2833333333333335e-09
959,1.95e-09
960,1.75e-09
961,7.5e-10
962,1.4333333333333333e-09
963,1.1e-09
964,1.6666666666666665e-09
965,5.333333333333334e-10
966,1.3499999999999999e-09
967,7e-10
968,8.666666666666667e-10
969,1.5833333333333334e-09
970,8.166666666666667e-10
971,1.2166666666666668e-09
972,8.333333333333332e-10
973,8e-10
974,7.333333333333333e-10
975,5.333333333333334e-10
976,1.1333333333333333e-09
977,6.333333333333334e-10
978,1.1166666666666667e-09
979,6.666666666666666e-10
980,7.166666666666667e-10
981,5.666666666666667e-10
982,1.0166666666666667e-09
983,1.4833333333333334e-09
984,4.5e-10
985,9.5e-10
986,4.5e-10
987,8.833333333333333e-10
988,1.1166666666666667e-09
989,1.2999999999999999e-09
990,5.166666666666666e-10
991,5.166666666666666e-10
992,1.4e-09
993,1.2666666666666668e-09
994,1.0333333333333333e-09
995,1.3499999999999999e-09
996,1.5333333333333334e-09
997,1.5666666666666666e-09
998,8e-10
999,9.166666666666667e-10
1000,6.333333333333334e-10
1001,9.166666666666667e-10
1002,1.45e-09
1003,6.666666666666666e-10
1004,6.333333333333334e-10
1005,6e-10
1006,1.0833333333333333e-09
1007,2.016666666666667e-09
1008,1.1e-09
1009,1.4666666666666666e-09
1010,1.4166666666666665e-09
1011,1.3666666666666667e-09
1012,1.3833333333333333e-09
1013,3.8333333333333335e-10
1014,2.8333333333333334e-10
1015,1.7e-09
1016,1.7e-09
1017,2.116666666666667e-09
1018,1.5833333333333334e-09
1019,1.3666666666666667e-09
1020,6.833333333333334e-10
1021,5.5e-10
1022,5.5e-10
1023,9.666666666666666e-10
1024,1.4166666666666665e-09
1025,1.0833333333333333e-09
1026,8.166666666666667e-10
1027,1.75e-09
1028,1.2333333333333334e-09
1029,2.4e-09
1030,1.9e-09
1031,9.833333333333332e-10
1032,1.2166666666666668e-09
1033,1.1833333333333334e-09
1034,1.15e-09
1035,1.3499999999999999e-09
1036,1.2333333333333334e-09
1037,1.0333333333333333e-09
1038,6.666666666666666e-10
1039,1.4333333333333333e-09
1040,7.333333333333333e-10
1041,1.8666666666666664e-09
1042,2.383333333333333e-09
1043,2.1833333333333334e-09
1044,1.5333333333333334e-09
1045,1.9833333333333333e-09
1046,2.7500000000000002e-09
1047,2.5999999999999997e-09
1048,2.0333333333333333e-09
1049,2.5999999999999997e-09
1050,2.6833333333333334e-09
1051,2.05e-09
1052,2.45e-09
1053,9.166666666666667e-10
1054,1.0833333333333333e-09
1055,9.666666666666666e-10
1056,2.3666666666666668e-09
1057,1.1166666666666667e-09
1058,2.4e-09
1059,2.5833333333333333e-09
1060,1.1833333333333334e-09
1061,2.5333333333333337e-09
1062,2.55e-09
1063,9.333333333333332e-10
1064,7.666666666666667e-10
1065,9e-10
1066,2.9666666666666668e-09
1067,2.6166666666666665e-09
1068,2.6333333333333333e-09
1069,2.55e-09
1070,2.2e-09
1071,2.6333333333333333e-09
1072,2.5833333333333333e-09
1073,8.833333333333333e-10
1074,7.5e-10
1075,2.7500000000000002e-09
1076,9.166666666666667e-10
1077,9.166666666666667e-10
1078,1.2333333333333334e-09
1079,2.4166666666666664e-09
1080,1.1666666666666668e-09
1081,1.0333333333333333e-09
1082,3.333333333333333e-10
1083,2.2e-09
1084,2.6166666666666665e-09
1085,1.15e-09
1086,2.4e-09
1087,2.35e-09
1088,3.2333333333333333e-09
1089,2.2e-09
1090,1.0833333333333333e-09
1091,2.5999999999999997e-09
1092,2.4833333333333332e-09
1093,2.35e-09
1094,1.2166666666666668e-09
1095,2.7333333333333334e-09
1096,8.833333333333333e-10
1097,2.7500000000000002e-09
1098,6.499999999999999e-10
1099,1.6666666666666665e-09
1100,2.1666666666666666e-09
1101,1.55e-09
1102,8.5e-10
1103,2.566666666666667e-09
1104,2.5166666666666665e-09
1105,3.3e-09
1106,4.5e-10
1107,1.55e-09
1108,3.5666666666666668e-09
1109,1.3166666666666667e-09
1110,1.3666666666666667e-09
1111,3.65e-09
1112,5.833333333333334e-10
1113,5.5e-10
1114,1.0833333333333333e-09
1115,1.0333333333333333e-09
1116,3.033333333333333e-09
1117,1.7666666666666666e-09
1118,3.8666666666666665e-09
1119,2.5833333333333333e-09
1120,2.9e-09
1121,2.4833333333333332e-09
1122,1.4833333333333334e-09
1123,8e-10
1124,2.1833333333333334e-09
1125,2.1666666666666666e-09
1126,1.9166666666666665e-09
1127,4.666666666666666e-10
1128,2.65e-09
1129,8.333333333333332e-10
1130,9.666666666666666e-10
1131,8.833333333333333e-10
1132,2.216666666666667e-09
1133,2.5333333333333337e-09
1134,2.3e-09
1135,2.4166666666666664e-09
1136,2.25e-09
1137,2.7833333333333334e-09
1138,9.5e-10
1139,1.5833333333333334e-09
1140,1.7833333333333334e-09
1141,1.75e-09
1142,3.1166666666666665e-09
1143,2.4166666666666664e-09
1144,4.066666666666667e-09
1145,2.6999999999999998e-09
1146,1.9e-09
1147,1.9999999999999997e-09
1148,1.6333333333333335e-09
1149,1.3166666666666667e-09
1150,2.45e-09
1151,2.5e-09
1152,2.833333333333333e-09
1153,2.2333333333333335e-09
1154,1.6166666666666667e-09
1155,2.5e-09
1156,2.216666666666667e-09
1157,3e-09
1158,2.833333333333333e-09
1159,1.9333333333333333e-09
1160,3e-09
1161,1.55e-09
1162,2.6166666666666665e-09
1163,2.25e-09
1164,2.3333333333333335e-09
1165,2.2e-09
1166,1.65e-09
1167,1.7166666666666665e-09
1168,2.05e-09
1169,3.166666666666667e-09
1170,1.5166666666666666e-09
1171,1.7e-09
1172,2.35e-09
1173,1.8833333333333332e-09
1174,1.6e-09
1175,1.4833333333333334e-09
1176,1.9666666666666665e-09
1177,1.8666666666666664e-09
1178,2.05e-09
1179,1.5e-09
1180,2.3e-09
1181,1.6333333333333335e-09
1182,1.7833333333333334e-09
1183,1.8833333333333332e-09
1184,2.1833333333333334e-09
1185,2.55e-09
1186,2.3666666666666668e-09
1187,1.8333333333333334e-09
1188,9.5e-10
1189,3.2166666666666665e-09
1190,8e-10
1191,2.65e-09
1192,2.3333333333333335e-09
1193,2.4e-09
1194,1.6666666666666665e-09
1195,2.4833333333333332e-09
1196,1.45e-09
1197,7.5e-10
1198,6.499999999999999e-10
1199,4.833333333333333e-10
1200,5.666666666666667e-10
1201,2.1500000000000002e-09
1202,1.9833333333333333e-09
1203,2.2666666666666667e-09
1204,2.283333333333333e-09
1205,1.15e-09
1206,2.833333333333333e-09
1207,1.9333333333333333e-09
1208,2.1666666666666666e-09
1209,1.5166666666666666e-09
1210,1.3499999999999999e-09
1211,1.3666666666666667e-09
1212,9.666666666666666e-10
1213,8.5e-10
1214,8.5e-10
1215,1.2666666666666668e-09
1216,1.3166666666666667e-09
1217,2.4166666666666664e-09
1218,7.666666666666667e-10
1219,1.0166666666666667e-09
1220,4.1e-09
1221,1.5333333333333334e-09
1222,1.4166666666666665e-09
1223,1.2999999999999999e-09
1224,2.5999999999999997e-09
1225,1.2833333333333335e-09
1226,2.5833333333333333e-09
1227,2.2e-09
1228,2.3333333333333335e-09
1229,1.1e-09
1230,2.4833333333333332e-09
1231,9.999999999999999e-10
1232,8.333333333333332e-10
1233,1.1666666666666668e-09
1234,2.55e-09
1235,2.45e-09
1236,7.666666666666667e-10
1237,2.0666666666666666e-09
1238,9e-10
1239,1.8333333333333334e-09
1240,2.216666666666667e-09
1241,1.1333333333333333e-09
1242,2.35e-09
1243,9.333333333333332e-10
1244,2.5e-09
1245,1.7166666666666665e-09
1246,1.7666666666666666e-09
1247,1.25e-09
1248,2.3e-09
1249,1.4e-09
1250,1.9999999999999997e-09
1251,1.3166666666666667e-09
1252,2.3666666666666668e-09
1253,2.283333333333333e-09
1254,2.1500000000000002e-09
1255,1.4833333333333334e-09
1256,1.4666666666666666e-09
1257,2.0666666666666666e-09
1258,1.7333333333333333e-09
1259,2.0333333333333333e-09
1260,1.75e-09
1261,1.55e-09
1262,2.4166666666666664e-09
1263,1.9833333333333333e-09
1264,2.933333333333333e-09
1265,2.1666666666666666e-09
1266,2.45e-09
1267,8.666666666666667e-10
1268,1.8e-09
1269,2.2666666666666667e-09
1270,1.7833333333333334e-09
1271,1.1333333333333333e-09
1272,1.9833333333333333e-09
1273,1.0833333333333333e-09
1274,1.6166666666666667e-09
1275,1.8166666666666666e-09
1276,1.3166666666666667e-09
1277,1.7166666666666665e-09
1278,1.3333333333333333e-09
1279,1.4833333333333334e-09
1280,1.75e-09
1281,1.5e-09
1282,1.5e-09
1283,1.5e-09
1284,1.65e-09
1285,2.9e-09
1286,1.7e-09
1287,1.65e-09
1288,1.7833333333333334e-09
1289,1.2e-09
1290,1.6833333333333333e-09
1291,1.9999999999999997e-09
1292,1.9999999999999997e-09
1293,2.25e-09
1294,2.3666666666666668e-09
1295,1.2e-09
1296,5.5e-10
1297,1.6e-09
1298,1.0499999999999999e-09
1299,2.05e-09
1300,1.0666666666666667e-09
1301,8.666666666666667e-10
1302,1.0166666666666667e-09
1303,2.05e-09
1304,1.85e-09
1305,9.999999999999999e-10
1306,1.7333333333333333e-09
1307,2.016666666666667e-09
1308,1.0499999999999999e-09
1309,1.0499999999999999e-09
1310,1.9999999999999997e-09
1311,1.8166666666666666e-09
1312,8.333333333333332e-10
1313,1.6666666666666665e-09
1314,8.5e-10
1315,1.8166666666666666e-09
1316,6.333333333333334e-10
1317,1.0166666666666667e-09
1318,1.0666666666666667e-09
1319,2.1833333333333334e-09
1320,1.7833333333333334e-09
1321,1.6166666666666667e-09
1322,1.0666666666666667e-09
1323,1.5333333333333334e-09
1324,1.1666666666666668e-09
1325,1.15e-09
1326,1.7666666666666666e-09
1327,1.6833333333333333e-09
1328,1.5833333333333334e-09
1329,1.4833333333333334e-09
1330,1.0833333333333333e-09
1331,1.55e-09
1332,1.5e-09
1333,1.3833333333333333e-09
1334,1.25e-09
1335,1.6e-09
1336,1.4e-09
1337,9.666666666666666e-10
1338,1.55e-09
1339,1.7166666666666665e-09
1340,9.833333333333332e-10
1341,1.7e-09
1342,9.5e-10
1343,1.3833333333333333e-09
1344,1.2166666666666668e-09
1345,1.2833333333333335e-09
1346,1.2166666666666668e-09
1347,1.0166666666666667e-09
1348,1.5166666666666666e-09
1349,1.0666666666666667e-09
1350,1.0333333333333333e-09
1351,1.0333333333333333e-09
1352,8.5e-10
1353,1.0499999999999999e-09
1354,1.0666666666666667e-09
1355,6.666666666666666e-10
1356,1.0833333333333333e-09
1357,1.25e-09
1358,9.5e-10
1359,2.7666666666666666e-09
1360,1.3166666666666667e-09
1361,7.666666666666667e-10
1362,8e-10
1363,1.9666666666666665e-09
1364,1.25e-09
1365,8.333333333333332e-10
1366,1.8333333333333334e-09
1367,1.8166666666666666e-09
1368,1.0833333333333333e-09
1369,1.0166666666666667e-09
1370,1.55e-09
1371,1.5e-09
1372,5.833333333333334e-10
1373,1.25e-09
1374,1.2e-09
1375,3e-10
1376,1.4333333333333333e-09
1377,1.1666666666666668e-09
1378,2.116666666666667e-09
1379,1.9833333333333333e-09
1380,1.6666666666666665e-09
1381,1.8833333333333332e-09
1382,1.1333333333333333e-09
1383,1.6833333333333333e-09
1384,1.45e-09
1385,1.2999999999999999e-09
1386,1.9666666666666665e-09
1387,1.0666666666666667e-09
1388,1.1166666666666667e-09
1389,1.3166666666666667e-09
1390,1.0499999999999999e-09
1391,1.7833333333333334e-09
1392,1.1166666666666667e-09
1393,1.2666666666666668e-09
1394,1.2333333333333334e-09
1395,1.3666666666666667e-09
1396,1.2833333333333335e-09
1397,1.65e-09
1398,1.0333333333333333e-09
1399,1.4333333333333333e-09
1400,1.2166666666666668e-09
1401,1.3333333333333333e-09
1402,1.2833333333333335e-09
1403,2.5166666666666665e-09
1404,7.333333333333333e-10
1405,1.3833333333333333e-09
1406,1.2999999999999999e-09
1407,2.566666666666667e-09
1408,1.65e-09
1409,6.333333333333334e-10
1410,1.1166666666666667e-09
1411,1.2333333333333334e-09
1412,2.9666666666666668e-09
1413,2.283333333333333e-09
1414,1.8333333333333334e-09
1415,8.5e-10
1416,1.3666666666666667e-09
1417,5.5e-10
1418,1.5166666666666666e-09
1419,6.499999999999999e-10
1420,1.6e-09
1421,1.7333333333333333e-09
1422,7e-10
1423,1.8166666666666666e-09
1424,1.8166666666666666e-09
1425,6.666666666666666e-10
1426,3.1e-09
1427,1.8666666666666664e-09
1428,2.5e-09
1429,3.8333333333333335e-10
1430,8.666666666666667e-10
1431,1.3666666666666667e-09
1432,5.333333333333334e-10
1433,1.5833333333333334e-09
1434,8.333333333333332e-10
1435,5.833333333333334e-10
1436,1.8666666666666664e-09
1437,2.6166666666666665e-09
1438,3e-09
1439,1.6666666666666665e-09
1440,1.3499999999999999e-09
1441,2.9e-09
1442,6.333333333333334e-10
1443,2.7833333333333334e-09
1444,1.1666666666666668e-09
1445,1.5666666666666666e-09
1446,1.4e-09
1447,2.216666666666667e-09
1448,1.4833333333333334e-09
1449,5.666666666666667e-10
1450,7.833333333333333e-10
1451,5.833333333333334e-10
1452,5.833333333333334e-10
1453,1.3333333333333333e-09
1454,1.5e-09
1455,1.3666666666666667e-09
1456,1.7833333333333334e-09
1457,1.7833333333333334e-09
1458,1.8e-09
1459,1.65e-09
1460,5.166666666666666e-10
1461,2.2333333333333335e-09
1462,7.833333333333333e-10
1463,3.166666666666667e-10
1464,1.5833333333333334e-09
1465,6.499999999999999e-10
1466,1.9666666666666665e-09
1467,2.216666666666667e-09
1468,1.7333333333333333e-09
1469,5.333333333333334e-10
1470,6.833333333333334e-10
1471,1.2333333333333334e-09
1472,8.5e-10
1473,2.216666666666667e-09
1474,2.7500000000000002e-09
1475,8.833333333333333e-10
1476,3.066666666666667e-09
1477,1.3666666666666667e-09
1478,7.5e-10
1479,3.1166666666666665e-09
1480,1.7833333333333334e-09
1481,3.1833333333333333e-09
1482,1.2333333333333334e-09
1483,1.95e-09
1484,5.833333333333334e-10
1485,9.5e-10
1486,1.2166666666666668e-09
1487,2.1333333333333334e-09
1488,2.25e-09
1489,4.999999999999999e-10
1490,2.383333333333333e-09
1491,1.25e-09
1492,1.9333333333333333e-09
1493,1.7666666666666666e-09
1494,1.6833333333333333e-09
1495,1.2833333333333335e-09
1496,2.116666666666667e-09
1497,1.8833333333333332e-09
1498,2.05e-09
1499,1.7333333333333333e-09
1500,1.9833333333333333e-09
1501,1.4666666666666666e-09
1502,1.3666666666666667e-09
1503,1.6e-09
1504,1.8166666666666666e-09
1505,1.8e-09
1506,2.016666666666667e-09
1507,1.6833333333333333e-09
1508,2.4e-09
1509,1.8333333333333334e-09
1510,2.566666666666667e-09
1511,1.9833333333333333e-09
1512,2.7666666666666666e-09
1513,2.0833333333333334e-09
1514,2.2333333333333335e-09
1515,2.8500000000000003e-09
1516,3.433333333333333e-09
1517,2.6333333333333333e-09
1518,1.7333333333333333e-09
1519,2.4833333333333332e-09
1520,2.0333333333333333e-09
1521,2.5166666666666665e-09
1522,2.3666666666666668e-09
1523,1.45e-09
1524,2.9166666666666667e-09
1525,2.5166666666666665e-09
1526,3.033333333333333e-09
1527,1.6e-09
1528,2.1500000000000002e-09
1529,3e-09
1530,1.6333333333333335e-09
1531,3.5666666666666668e-09
1532,2.55e-09
1533,3.0166666666666664e-09
1534,2.466666666666667e-09
1535,2.7833333333333334e-09
1536,2.8500000000000003e-09
1537,2.7166666666666666e-09
1538,2.25e-09
1539,3.15e-09
1540,2.383333333333333e-09
1541,1.9999999999999997e-09
1542,2.8e-09
1543,2.7500000000000002e-09
1544,2.05e-09
1545,2.833333333333333e-09
1546,2.1333333333333334e-09
1547,2.2666666666666667e-09
1548,2.116666666666667e-09
1549,2.116666666666667e-09
1550,2.5166666666666665e-09
1551,2.0666666666666666e-09
1552,2.7166666666666666e-09
1553,2.65e-09
1554,2.2e-09
1555,2.45e-09
1556,3.0166666666666664e-09
1557,1.7333333333333333e-09
1558,1.8e-09
1559,2.3166666666666663e-09
1560,2.383333333333333e-09
1561,2.05e-09
1562,1.9e-09
1563,2.2666666666666667e-09
1564,2.5999999999999997e-09
1565,2.1666666666666666e-09
1566,2.5833333333333333e-09
1567,2.4166666666666664e-09
1568,2.2333333333333335e-09
1569,2.7666666666666666e-09
1570,2.1333333333333334e-09
1571,2.1666666666666666e-09
1572,2.25e-09
1573,1.85e-09
1574,2.0999999999999998e-09
1575,2.2666666666666667e-09
1576,1.8833333333333332e-09
1577,1.9166666666666665e-09
1578,2.2666666666666667e-09
1579,1.8e-09
1580,2.0333333333333333e-09
1581,3.6166666666666668e-09
1582,2.5833333333333333e-09
1583,2.5e-09
1584,2.6666666666666666e-09
1585,2.5833333333333333e-09
1586,1.5833333333333334e-09
1587,2.466666666666667e-09
1588,1.4e-09
1589,2.216666666666667e-09
1590,1.3666666666666667e-09
1591,2.1500000000000002e-09
1592,2.3666666666666668e-09
1593,2.65e-09
1594,1.9166666666666665e-09
1595,2.2e-09
1596,3.066666666666667e-09
1597,2.7166666666666666e-09
1598,2.1500000000000002e-09
1599,2.3e-09
1600,2.25e-09
1601,1.95e-09
1602,1.3666666666666667e-09
1603,1.1166666666666667e-09
1604,2.216666666666667e-09
1605,1.4e-09
1606,1.9666666666666665e-09
1607,1.9e-09
1608,1.9833333333333333e-09
1609,1.5833333333333334e-09
1610,1.5833333333333334e-09
1611,1.8166666666666666e-09
1612,1.6333333333333335e-09
1613,2.1833333333333334e-09
1614,1.9999999999999997e-09
1615,1.3833333333333333e-09
1616,1.5666666666666666e-09
1617,1.7166666666666665e-09
1618,2.2666666666666667e-09
1619,1.65e-09
1620,1.6166666666666667e-09
1621,1.85e-09
1622,1.3166666666666667e-09
1623,9.999999999999999e-10
1624,1.2333333333333334e-09
1625,1.5e-09
1626,1.3666666666666667e-09
1627,1.8666666666666664e-09
1628,1.2166666666666668e-09
1629,2.1500000000000002e-09
1630,2.5333333333333337e-09
1631,1.0666666666666667e-09
1632,2.35e-09
1633,1.85e-09
1634,1.7e-09
1635,9.166666666666667e-10
1636,1.0333333333333333e-09
1637,1.2e-09
1638,1.9666666666666665e-09
1639,1.0833333333333333e-09
1640,2.2e-09
1641,1.9166666666666665e-09
1642,9.166666666666667e-10
1643,9.5e-10
1644,2.116666666666667e-09
1645,2.2666666666666667e-09
1646,1.3499999999999999e-09
1647,2.25e-09
1648,1.9833333333333333e-09
1649,6.666666666666666e-10
1650,2.1500000000000002e-09
1651,2.283333333333333e-09
1652,1.1166666666666667e-09
1653,2.4833333333333332e-09
1654,8.166666666666667e-10
1655,1.45e-09
1656,1.2999999999999999e-09
1657,2.3166666666666663e-09
1658,2.283333333333333e-09
1659,1.4e-09
1660,1.2333333333333334e-09
1661,1.4833333333333334e-09
1662,1.5333333333333334e-09
1663,1.6666666666666665e-09
1664,1.9666666666666665e-09
1665,2.65e-09
1666,2.3166666666666663e-09
1667,2.933333333333333e-09
1668,1.9833333333333333e-09
1669,2.8500000000000003e-09
1670,1.0666666666666667e-09
1671,2.55e-09
1672,2.7833333333333334e-09
1673,2.933333333333333e-09
1674,1.8333333333333334e-09
1675,2.2666666666666667e-09
1676,2.9666666666666668e-09
1677,2.3166666666666663e-09
1678,4.216666666666666e-09
1679,7.666666666666667e-10
1680,2.5999999999999997e-09
1681,1.2666666666666668e-09
1682,2.0666666666666666e-09
1683,1.4333333333333333e-09
1684,2.5333333333333337e-09
1685,2.5e-09
1686,1.6e-09
1687,1.5333333333333334e-09
1688,1.9666666666666665e-09
1689,1.5166666666666666e-09
1690,1.45e-09
1691,1.85e-09
1692,2.1500000000000002e-09
1693,2.566666666666667e-09
1694,2.0333333333333333e-09
1695,1.65e-09
1696,2.0833333333333334e-09
1697,2.5833333333333333e-09
1698,1.7666666666666666e-09
1699,2.116666666666667e-09
1700,1.75e-09
1701,2.5e-09
1702,2.35e-09
1703,1.5833333333333334e-09
1704,3e-09
1705,1.7666666666666666e-09
1706,1.4833333333333334e-09
1707,4.083333333333333e-09
1708,1.6833333333333333e-09
1709,1.45e-09
1710,2.5166666666666665e-09
1711,1.2833333333333335e-09
1712,2.55e-09
1713,1.5666666666666666e-09
1714,2.7333333333333334e-09
1715,1.6e-09
1716,2.1833333333333334e-09
1717,2.383333333333333e-09
1718,1.5166666666666666e-09
1719,2.2333333333333335e-09
1720,1.9666666666666665e-09
1721,2.1833333333333334e-09
1722,2.4166666666666664e-09
1723,2.1500000000000002e-09
1724,1.3499999999999999e-09
1725,2.3666666666666668e-09
1726,1.2166666666666668e-09
1727,1.5666666666666666e-09
1728,2.116666666666667e-09
1729,1.6833333333333333e-09
1730,1.9833333333333333e-09
1731,1.9833333333333333e-09
1732,2.1833333333333334e-09
1733,2.2e-09
1734,2.216666666666667e-09
1735,1.8166666666666666e-09
1736,2.1833333333333334e-09
1737,2.05e-09
1738,2.1833333333333334e-09
1739,2.55e-09
1740,2.116666666666667e-09
1741,1.8666666666666664e-09
1742,2.2333333333333335e-09
1743,1.5e-09
1744,2.5166666666666665e-09
1745,2.0999999999999998e-09
1746,1.6333333333333335e-09
1747,1.9666666666666665e-09
1748,2.25e-09
1749,2.0833333333333334e-09
1750,2.35e-09
1751,1.6333333333333335e-09
1752,1.3666666666666667e-09
1753,1.0499999999999999e-09
1754,2.283333333333333e-09
1755,2.1333333333333334e-09
1756,1.5166666666666666e-09
1757,1.9666666666666665e-09
1758,1.7166666666666665e-09
1759,1.7e-09
1760,2.1333333333333334e-09
1761,1.2166666666666668e-09
1762,1.3166666666666667e-09
1763,1.6166666666666667e-09
1764,8.5e-10
1765,1.3333333333333333e-09
1766,9.5e-10
1767,1.15e-09
1768,1.1666666666666668e-09
1769,1.25e-09
1770,1.0333333333333333e-09
1771,1.2333333333333334e-09
1772,9.166666666666667e-10
1773,1.0833333333333333e-09
1774,1.3666666666666667e-09
1775,1.2666666666666668e-09
1776,1.2166666666666668e-09
1777,1.3499999999999999e-09
1778,1.2e-09
1779,1.0499999999999999e-09
1780,1.1e-09
1781,1.0166666666666667e-09
1782,1.1166666666666667e-09
1783,1.1833333333333334e-09
1784,1.15e-09
1785,1.9333333333333333e-09
1786,1.1333333333333333e-09
1787,1.4333333333333333e-09
1788,1.55e-09
1789,1.5e-09
1790,1.55e-09
1791,1.1833333333333334e-09
1792,1.7833333333333334e-09
1793,1.4833333333333334e-09
1794,2.25e-09
1795,1.5666666666666666e-09
1796,1.3333333333333333e-09
1797,1.9e-09
1798,1.2666666666666668e-09
1799,1.4166666666666665e-09
1800,1.5666666666666666e-09
1801,1.3833333333333333e-09
1802,1.3333333333333333e-09
1803,9.5e-10
1804,1.0833333333333333e-09
1805,1.0666666666666667e-09
1806,1.1333333333333333e-09
1807,1.0333333333333333e-09
1808,1.5e-09
1809,1.0666666666666667e-09
1810,9.999999999999999e-10
1811,1.2333333333333334e-09
1812,1.8666666666666664e-09
1813,1.4333333333333333e-09
1814,1.75e-09
1815,1.2666666666666668e-09
1816,1.45e-09
1817,1.4166666666666665e-09
1818,1.3166666666666667e-09
1819,1.2333333333333334e-09
1820,9.666666666666666e-10
1821,1.1666666666666668e-09
1822,1.2333333333333334e-09
1823,1.0499999999999999e-09
1824,9e-10
1825,9e-10
1826,9.333333333333332e-10
1827,9.666666666666666e-10
1828,9.166666666666667e-10
1829,1.2666666666666668e-09
1830,9.666666666666666e-10
1831,1.1166666666666667e-09
1832,1.3499999999999999e-09
1833,1.2333333333333334e-09
1834,7.333333333333333e-10
1835,9.666666666666666e-10
1836,7.666666666666667e-10
1837,8.666666666666667e-10
1838,4.999999999999999e-10
1839,9.5e-10
1840,5.833333333333334e-10
1841,6.333333333333334e-10
1842,1.4166666666666665e-09
1843,7.833333333333333e-10
1844,6.499999999999999e-10
1845,4.666666666666666e-10
1846,5.833333333333334e-10
1847,8.666666666666667e-10
1848,4e-10
1849,7.166666666666667e-10
1850,1.0666666666666667e-09
1851,2.4999999999999996e-10
1852,1.2833333333333335e-09
1853,8.333333333333332e-10
1854,3.6666666666666664e-10
1855,6.333333333333334e-10
1856,7.833333333333333e-10
1857,5.333333333333334e-10
1858,9.166666666666667e-10
1859,1.1666666666666668e-09
1860,1.8833333333333332e-09
1861,3.166666666666667e-10
1862,4.5e-10
1863,4.166666666666666e-10
1864,1.6666666666666665e-09
1865,1.0333333333333333e-09
1866,9e-10
1867,8.666666666666667e-10
1868,7.333333333333333e-10
1869,1.0166666666666667e-09
1870,9.833333333333332e-10
1871,1.1333333333333333e-09
1872,4.3333333333333334e-10
1873,5.5e-10
1874,9.5e-10
1875,9.666666666666666e-10
1876,1.0166666666666667e-09
1877,1.65e-09
1878,5.666666666666667e-10
1879,9.166666666666667e-10
1880,6.499999999999999e-10
1881,8e-10
1882,7.166666666666667e-10
1883,8.833333333333333e-10
1884,1.0833333333333333e-09
1885,2.8500000000000003e-09
1886,1.8e-09
1887,1.25e-09
1888,1.2333333333333334e-09
1889,1.4666666666666666e-09
1890,1.1333333333333333e-09
1891,9.666666666666666e-10
1892,8.166666666666667e-10
1893,6.499999999999999e-10
1894,1.4e-09
1895,1.0499999999999999e-09
1896,1.3166666666666667e-09
1897,5.5e-10
1898,8.333333333333332e-10
1899,1.45e-09
1900,9.999999999999999e-10
1901,1.1e-09
1902,6.666666666666666e-10
1903,1.1166666666666667e-09
1904,9e-10
1905,1.1333333333333333e-09
1906,8.5e-10
1907,1.1333333333333333e-09
1908,1.2166666666666668e-09
1909,1.3499999999999999e-09
1910,6.166666666666667e-10
1911,6.333333333333334e-10
1912,9.833333333333332e-10
1913,1.1e-09
1914,1.3166666666666667e-09
1915,1.3166666666666667e-09
1916,1.15e-09
1917,1.4666666666666666e-09
1918,1.45e-09
1919,9.333333333333332e-10
1920,4.999999999999999e-10
1921,6.499999999999999e-10
1922,1.1166666666666667e-09
1923,1.1e-09
1924,7.666666666666667e-10
1925,5.5e-10
1926,1.1333333333333333e-09
1927,1.0333333333333333e-09
1928,6.833333333333334e-10
1929,1.1e-09
1930,1.0166666666666667e-09
1931,1.0499999999999999e-09
1932,1.0499999999999999e-09
1933,7.5e-10
1934,1.0333333333333333e-09
1935,1.0333333333333333e-09
1936,5.666666666666667e-10
1937,7.666666666666667e-10
1938,5.166666666666666e-10
1939,7.833333333333333e-10
1940,9.333333333333332e-10
1941,1.4166666666666665e-09
1942,6.333333333333334e-10
1943,7e-10
1944,1.2333333333333334e-09
1945,9.999999999999999e-10
1946,1.4166666666666665e-09
1947,6.333333333333334e-10
1948,7.333333333333333e-10
1949,7.833333333333333e-10
1950,5.166666666666666e-10
1951,2.016666666666667e-09
1952,9.5e-10
1953,1.0166666666666667e-09
1954,1.0833333333333333e-09
1955,1.1833333333333334e-09
1956,2.35e-09
1957,1.0833333333333333e-09
1958,1.4333333333333333e-09
1959,1.15e-09
1960,1.2333333333333334e-09
1961,1.9166666666666665e-09
1962,1.0833333333333333e-09
1963,1.55e-09
1964,1.4666666666666666e-09
1965,1.2333333333333334e-09
1966,2.1666666666666666e-09
1967,1.2666666666666668e-09
1968,1.1333333333333333e-09
1969,1.15e-09
1970,1.0499999999999999e-09
1971,1.2166666666666668e-09
1972,1.2833333333333335e-09
1973,9.999999999999999e-10
1974,1.9833333333333333e-09
1975,1.8333333333333334e-09
1976,1.7166666666666665e-09
1977,2.0333333333333333e-09
1978,1.6666666666666665e-09
1979,2.116666666666667e-09
1980,1.8166666666666666e-09
1981,7.666666666666667e-10
1982,1.5666666666666666e-09
1983,1.0499999999999999e-09
1984,9.999999999999999e-10
1985,1.45e-09
1986,1.65e-09
1987,9.666666666666666e-10
1988,1.45e-09
1989,7e-10
1990,1.5e-09
1991,1.65e-09
1992,1.5666666666666666e-09
1993,1.3499999999999999e-09
1994,1.3166666666666667e-09
1995,1.4666666666666666e-09
1996,1.0666666666666667e-09
1997,1.0166666666666667e-09
1998,3.05e-09
1999,1.2999999999999999e-09
2000,1.4166666666666665e-09
2001,2.3333333333333335e-09
2002,8.5e-10
2003,1.2166666666666668e-09
2004,1.0166666666666667e-09
2005,1.7333333333333333e-09
2006,8.166666666666667e-10
2007,1.4666666666666666e-09
2008,2.2e-09
2009,1.4e-09
2010,8.166666666666667e-10
2011,1.15e-09
2012,1.55e-09
2013,1.15e-09
2014,1.25e-09
2015,1.8e-09
2016,2.0999999999999998e-09
2017,8.833333333333333e-10
2018,2.5e-09
2019,2.3666666666666668e-09
2020,1.2833333333333335e-09
2021,1.9666666666666665e-09
2022,1.3833333333333333e-09
2023,2.4166666666666664e-09
2024,1.2999999999999999e-09
2025,1.7333333333333333e-09
2026,2.983333333333333e-09
2027,9.999999999999999e-10
2028,2.933333333333333e-09
2029,1.8666666666666664e-09
2030,1.1833333333333334e-09
2031,1.9833333333333333e-09
2032,1.9833333333333333e-09
2033,1.1166666666666667e-09
2034,2.116666666666667e-09
2035,2.4166666666666664e-09
2036,1.9166666666666665e-09
2037,2.0833333333333334e-09
2038,2.3166666666666663e-09
2039,1.7166666666666665e-09
2040,2.55e-09
2041,1.6833333333333333e-09
2042,2.1666666666666666e-09
2043,9.166666666666667e-10
2044,2.4833333333333332e-09
2045,2.116666666666667e-09
2046,1.95e-09
2047,1.55e-09
2048,1.5666666666666666e-09
2049,1.7833333333333334e-09
2050,1.9999999999999997e-09
2051,1.7e-09
2052,1.2833333333333335e-09
2053,1.6166666666666667e-09
2054,1.3333333333333333e-09
2055,1.25e-09
2056,1.8166666666666666e-09
2057,1.1833333333333334e-09
2058,1.3333333333333333e-09
2059,1.65e-09
2060,1.4333333333333333e-09
2061,2.45e-09
2062,1.7166666666666665e-09
2063,1.1833333333333334e-09
2064,1.2999999999999999e-09
2065,1.15e-09
2066,1.2e-09
2067,1.2e-09
2068,1.65e-09
2069,1.3166666666666667e-09
2070,1.5666666666666666e-09
2071,1.6666666666666665e-09
2072,1.2833333333333335e-09
2073,1.2666666666666668e-09
2074,1.4166666666666665e-09
2075,1.9333333333333333e-09
2076,2.2666666666666667e-09
2077,1.2e-09
2078,1.3499999999999999e-09
2079,1.7166666666666665e-09
2080,3.2e-09
2081,2.7500000000000002e-09
2082,1.85e-09
2083,2.55e-09
2084,3.1e-09
2085,9.666666666666666e-10
2086,6.833333333333334e-10
2087,1.9166666666666665e-09
2088,1.9999999999999997e-09
2089,3.3500000000000002e-09
2090,1.9666666666666665e-09
2091,3.8333333333333335e-10
2092,6e-10
2093,1.8e-09
2094,2.25e-09
2095,2.7666666666666666e-09
2096,4.833333333333333e-10
2097,3.15e-09
2098,2.8666666666666667e-09
2099,2.6833333333333334e-09
2100,3.2333333333333333e-09
2101,4.25e-09
2102,7.666666666666667e-10
2103,3.1833333333333333e-09
2104,9.5e-10
2105,1.0166666666666667e-09
2106,2.8e-09
2107,3.3500000000000002e-09
2108,3.433333333333333e-09
2109,2.833333333333333e-09
2110,6.166666666666667e-10
2111,2.8e-09
2112,2.7333333333333334e-09
2113,3.45e-09
2114,9.833333333333332e-10
2115,3.033333333333333e-09
2116,3.0166666666666664e-09
2117,7.333333333333333e-10
2118,2.8500000000000003e-09
2119,1.25e-09
2120,2.983333333333333e-09
2121,8.5e-10
2122,4.5e-10
2123,7e-10
2124,1.0833333333333333e-09
2125,2.7500000000000002e-09
2126,2.6666666666666666e-09
2127,3e-09
2128,6.166666666666667e-10
2129,2.983333333333333e-09
2130,1.45e-09
2131,2.9e-09
2132,3e-09
2133,7.666666666666667e-10
2134,8.666666666666667e-10
2135,2.4e-09
2136,8e-10
2137,2.7166666666666666e-09
2138,8.5e-10
2139,2.8666666666666667e-09
2140,2.55e-09
2141,2.4e-09
2142,6.666666666666666e-10
2143,1.0499999999999999e-09
2144,2.65e-09
2145,1.0166666666666667e-09
2146,2.8166666666666667e-09
2147,9e-10
2148,9.5e-10
2149,1.1166666666666667e-09
2150,7.666666666666667e-10
2151,2.1666666666666666e-09
2152,2.2666666666666667e-09
2153,1.1666666666666668e-09
2154,1.9999999999999997e-09
2155,7.333333333333333e-10
2156,2.05e-09
2157,6.333333333333334e-10
2158,1.25e-09
2159,1.3833333333333333e-09
2160,8.166666666666667e-10
2161,2.2e-09
2162,1.3666666666666667e-09
2163,1.4333333333333333e-09
2164,2.5999999999999997e-09
2165,1.55e-09
2166,1.75e-09
2167,1.6e-09
2168,1.3833333333333333e-09
2169,1.3166666666666667e-09
2170,1.3833333333333333e-09
2171,1.5166666666666666e-09
2172,1.15e-09
2173,1.3333333333333333e-09
2174,1.7e-09
2175,2.7833333333333334e-09
2176,4.633333333333333e-09
2177,1.9666666666666665e-09
2178,1.4666666666666666e-09
2179,1.4666666666666666e-09
2180,3.1e-09
2181,2.5333333333333337e-09
2182,1.95e-09
2183,1.8833333333333332e-09
2184,1.3499999999999999e-09
2185,2.05e-09
2186,2.383333333333333e-09
2187,9.333333333333332e-10
2188,4.333333333333333e-09
2189,2.5999999999999997e-09
2190,9.833333333333332e-10
2191,2.3e-09
2192,6.166666666666667e-10
2193,1.1e-09
2194,1.2e-09
2195,9.333333333333332e-10
2196,2.7833333333333334e-09
2197,2.9500000000000004e-09
2198,6.833333333333334e-10
2199,2.1500000000000002e-09
2200,2.3166666666666663e-09
2201,2.466666666666667e-09
2202,2.45e-09
2203,2.9500000000000004e-09
2204,1.5166666666666666e-09
2205,3.266666666666667e-09
2206,2.45e-09
2207,3.15e-09
2208,5.5e-10
2209,2.65e-09
2210,3.166666666666667e-10
2211,9.833333333333332e-10
2212,2.55e-09
2213,9e-10
2214,8.666666666666667e-10
2215,2.4166666666666664e-09
2216,2.7500000000000002e-09
2217,2.8833333333333335e-09
2218,2.566666666666667e-09
2219,2.7666666666666666e-09
2220,9.333333333333332e-10
2221,1.55e-09
2222,1.0333333333333333e-09
2223,1.55e-09
2224,2.4e-09
2225,1.1e-09
2226,6e-10
2227,1.1333333333333333e-09
2228,1.4833333333333334e-09
2229,2.933333333333333e-09
2230,1.9999999999999997e-09
2231,1.2666666666666668e-09
2232,1.4833333333333334e-09
2233,2.0833333333333334e-09
2234,1.25e-09
2235,1.3166666666666667e-09
2236,1.2999999999999999e-09
2237,1.8166666666666666e-09
2238,1.15e-09
2239,1.7833333333333334e-09
2240,1.3166666666666667e-09
2241,2.5999999999999997e-09
2242,1.55e-09
2243,1.9e-09
2244,1.3166666666666667e-09
2245,6.666666666666666e-10
2246,1.4e-09
2247,1.8666666666666664e-09
2248,1.65e-09
2249,1.3166666666666667e-09
2250,1.2166666666666668e-09
2251,1.2166666666666668e-09
2252,7e-10
2253,1.4833333333333334e-09
2254,4.999999999999999e-10
2255,1.8666666666666664e-09
2256,4.999999999999999e-10
2257,1.7666666666666666e-09
2258,1.5333333333333334e-09
2259,1.55e-09
2260,1.6666666666666665e-09
2261,1.3499999999999999e-09
2262,9.5e-10
2263,8.333333333333332e-10
2264,1.6666666666666665e-09
2265,1.9666666666666665e-09
2266,1.2999999999999999e-09
2267,1.0499999999999999e-09
2268,1.2833333333333335e-09
2269,7.333333333333333e-10
2270,1.0833333333333333e-09
2271,1.2833333333333335e-09
2272,1.1833333333333334e-09
2273,1.55e-09
2274,1.0833333333333333e-09
2275,1.1333333333333333e-09
2276,1.4833333333333334e-09
2277,7.5e-10
2278,1.1333333333333333e-09
2279,1.15e-09
2280,1.0333333333333333e-09
2281,9.333333333333332e-10
2282,1.5833333333333334e-09
2283,1.0166666666666667e-09
2284,1.5e-09
2285,1.3499999999999999e-09
2286,9e-10
2287,1.2166666666666668e-09
2288,1.1333333333333333e-09
2289,1.7166666666666665e-09
2290,6.666666666666666e-10
2291,1.9e-09
2292,1.0833333333333333e-09
2293,1.4333333333333333e-09
2294,1.8e-09
2295,1.7833333333333334e-09
2296,1.7666666666666666e-09
2297,9.5e-10
2298,1.1e-09
2299,2.7500000000000002e-09
2300,1.9e-09
2301,2.5833333333333333e-09
2302,2.2e-09
2303,1.2999999999999999e-09
2304,2.1500000000000002e-09
2305,1.5666666666666666e-09
2306,2.45e-09
2307,2.6666666666666666e-09
2308,1.5333333333333334e-09
2309,1.0833333333333333e-09
2310,1.0666666666666667e-09
2311,1.9833333333333333e-09
2312,1.1833333333333334e-09
2313,1.1333333333333333e-09
2314,3.433333333333333e-09
2315,1.55e-09
2316,1.7166666666666665e-09
2317,1.4e-09
2318,1.85e-09
2319,6.583333333333333e-09
2320,1.0499999999999999e-09
2321,4.6e-09
2322,2.25e-09
2323,1.4833333333333334e-09
2324,1.85e-09
2325,1.9333333333333333e-09
2326,2.283333333333333e-09
2327,1.45e-09
2328,1.8166666666666666e-09
2329,4.216666666666666e-09
2330,1.45e-09
2331,1.6666666666666665e-09
2332,3.15e-09
2333,1.3166666666666667e-09
2334,1.4333333333333333e-09
2335,2.383333333333333e-09
2336,2.8833333333333335e-09
2337,1.8e-09
2338,1.9166666666666665e-09
2339,2.4e-09
2340,2.35e-09
2341,1.8333333333333334e-09
2342,1.5e-09
2343,3.2166666666666665e-09
2344,4.366666666666667e-09
2345,2.5999999999999997e-09
2346,1.6666666666666665e-09
2347,1.85e-09
2348,4.05e-09
2349,2.9e-09
2350,2.9166666666666667e-09
2351,1.8e-09
2352,2.466666666666667e-09
2353,2.016666666666667e-09
2354,3e-09
2355,2.0333333333333333e-09
2356,2.2333333333333335e-09
2357,2.116666666666667e-09
2358,2.0833333333333334e-09
2359,2.4333333333333336e-09
2360,3.45e-09
2361,2.7166666666666666e-09
2362,2.55e-09
2363,2.466666666666667e-09
2364,2.3e-09
2365,2.4833333333333332e-09
2366,2.016666666666667e-09
2367,2.0999999999999998e-09
2368,2.7166666666666666e-09
2369,2.25e-09
2370,2.016666666666667e-09
2371,2.35e-09
2372,1.9666666666666665e-09
2373,2.4333333333333336e-09
2374,2.05e-09
2375,2.0833333333333334e-09
2376,2.7666666666666666e-09
2377,2.2333333333333335e-09
2378,3.0833333333333332e-09
2379,2.9e-09
2380,1.8166666666666666e-09
2381,2.0833333333333334e-09
2382,2.45e-09
2383,2.1666666666666666e-09
2384,3.2e-09
2385,2.8500000000000003e-09
2386,2.05e-09
2387,2.283333333333333e-09
2388,3.933333333333333e-09
2389,2.8833333333333335e-09
2390,3.25e-09
2391,2.7666666666666666e-09
2392,2.7500000000000002e-09
2393,3.1e-09
2394,3.25e-09
2395,2.7333333333333334e-09
2396,3.1166666666666665e-09
2397,1.4666666666666666e-09
2398,3.2e-09
2399,1.9333333333333333e-09
2400,2.6166666666666665e-09
2401,1.8166666666666666e-09
2402,4.533333333333333e-09
2403,1.3833333333333333e-09
2404,3.6e-09
2405,1.8833333333333332e-09
2406,3.033333333333333e-09
2407,3.3500000000000002e-09
2408,3.5166666666666667e-09
2409,1.9999999999999997e-09
2410,2.5833333333333333e-09
2411,1.8166666666666666e-09
2412,3.7166666666666664e-09
2413,2.7166666666666666e-09
2414,3.3833333333333334e-09
2415,3.45e-09
2416,3.033333333333333e-09
2417,3.266666666666667e-09
2418,3.15e-09
2419,1.9666666666666665e-09
2420,1.8333333333333334e-09
2421,2.8500000000000003e-09
2422,3.2833333333333334e-09
2423,3.3166666666666666e-09
2424,2.4333333333333336e-09
2425,2.0833333333333334e-09
2426,2.5833333333333333e-09
2427,3.066666666666667e-09
2428,1.6e-09
2429,2.3666666666666668e-09
2430,1.75e-09
2431,2.3333333333333335e-09
2432,1.95e-09
2433,2.5166666666666665e-09
2434,1.8666666666666664e-09
2435,2.216666666666667e-09
2436,2.466666666666667e-09
2437,1.9833333333333333e-09
2438,2.1666666666666666e-09
2439,1.9999999999999997e-09
2440,1.9166666666666665e-09
2441,2.1500000000000002e-09
2442,2.3e-09
2443,2.2e-09
2444,1.8e-09
2445,2.3333333333333335e-09
2446,2.5166666666666665e-09
2447,2.1333333333333334e-09
2448,1.9166666666666665e-09
2449,1.8666666666666664e-09
2450,1.9999999999999997e-09
2451,2.0666666666666666e-09
2452,2.0999999999999998e-09
2453,1.7833333333333334e-09
2454,1.6166666666666667e-09
2455,1.6666666666666665e-09
2456,1.9666666666666665e-09
2457,1.7e-09
2458,1.9166666666666665e-09
2459,1.5333333333333334e-09
2460,1.3666666666666667e-09
2461,1.55e-09
2462,1.75e-09
2463,1.1666666666666668e-09
2464,1.3333333333333333e-09
2465,1.7166666666666665e-09
2466,1.5833333333333334e-09
2467,1.0666666666666667e-09
2468,1.5833333333333334e-09
2469,1.8e-09
2470,1.15e-09
2471,2.3333333333333335e-09
2472,1.45e-09
2473,1.6833333333333333e-09
2474,1.7333333333333333e-09
2475,1.7333333333333333e-09
2476,2.833333333333333e-09
2477,1.85e-09
2478,5.1999999999999994e-09
2479,2.55e-09
2480,1.2166666666666668e-09
2481,1.4666666666666666e-09
2482,2.1500000000000002e-09
2483,1.4333333333333333e-09
2484,1.7833333333333334e-09
2485,2.2e-09
2486,1.7e-09
2487,1.95e-09
2488,2.5999999999999997e-09
2489,2.1500000000000002e-09
2490,1.3166666666666667e-09
2491,2.5833333333333333e-09
2492,1.4e-09
2493,2.6666666666666666e-09
2494,2.4833333333333332e-09
2495,1.5333333333333334e-09
2496,1.3666666666666667e-09
2497,1.65e-09
2498,2.3333333333333335e-09
2499,1.3833333333333333e-09
2500,2.55e-09
2501,2.4333333333333336e-09
2502,1.2666666666666668e-09
2503,1.2e-09
2504,2.8833333333333335e-09
2505,1.5833333333333334e-09
2506,2.6833333333333334e-09
2507,2.283333333333333e-09
2508,1.4333333333333333e-09
2509,9e-10
2510,2.25e-09
2511,1.2833333333333335e-09
2512,1.2666666666666668e-09
2513,2.4e-09
2514,1.8166666666666666e-09
2515,1.2166666666666668e-09
2516,2.4333333333333336e-09
2517,9e-10
2518,1.2666666666666668e-09
2519,2.3e-09
2520,1.2833333333333335e-09
2521,1.65e-09
2522,2.383333333333333e-09
2523,9.999999999999999e-10
2524,1.15e-09
2525,1.4333333333333333e-09
2526,1.3833333333333333e-09
2527,1.9e-09
2528,2.25e-09
2529,1.2666666666666668e-09
2530,2.3333333333333335e-09
2531,1.1166666666666667e-09
2532,2.3666666666666668e-09
2533,2.6999999999999998e-09
2534,2.4333333333333336e-09
2535,2.5166666666666665e-09
2536,2.4e-09
2537,2.35e-09
2538,2.4333333333333336e-09
2539,2.6999999999999998e-09
2540,2.45e-09
2541,9.833333333333332e-10
2542,8.333333333333332e-10
2543,2.1833333333333334e-09
2544,2.1666666666666666e-09
2545,1.0499999999999999e-09
2546,8.166666666666667e-10
2547,2.05e-09
2548,2.4166666666666664e-09
2549,2.3e-09
2550,4.583333333333334e-09
2551,2.1333333333333334e-09
2552,1.1666666666666668e-09
2553,2.2333333333333335e-09
2554,5.5e-10
2555,2.4833333333333332e-09
2556,2.216666666666667e-09
2557,3.4e-09
2558,3.55e-09
2559,2.1500000000000002e-09
2560,6.666666666666666e-10
2561,6.666666666666666e-10
2562,1.8e-09
2563,6.333333333333334e-10
2564,2.383333333333333e-09
2565,2.4e-09
2566,2.55e-09
2567,1.4666666666666666e-09
2568,6.666666666666666e-10
2569,5.5e-10
2570,2.65e-09
2571,1.2833333333333335e-09
2572,6.333333333333334e-10
2573,6.666666666666666e-10
2574,1.7666666666666666e-09
2575,2.016666666666667e-09
2576,6.833333333333334e-10
2577,3.0166666666666664e-09
2578,2.5333333333333337e-09
2579,1.2666666666666668e-09
2580,7.666666666666667e-10
2581,6.833333333333334e-10
2582,2.9500000000000004e-09
2583,9.833333333333332e-10
2584,3.15e-09
2585,2.6666666666666666e-09
2586,9.5e-10
2587,2.9e-09
2588,2.833333333333333e-09
2589,1.15e-09
2590,1.1e-09
2591,2.6333333333333333e-09
2592,9.333333333333332e-10
2593,7.666666666666667e-10
2594,1.6166666666666667e-09
2595,1.1333333333333333e-09
2596,8.5e-10
2597,1.0499999999999999e-09
2598,2.6333333333333333e-09
2599,1.5166666666666666e-09
2600,2.6833333333333334e-09
2601,2.5166666666666665e-09
2602,1.3166666666666667e-09
2603,2.45e-09
2604,1.65e-09
2605,2.3333333333333335e-09
2606,1.0166666666666667e-09
2607,1.4833333333333334e-09
2608,1.1e-09
2609,1.3166666666666667e-09
2610,2.45e-09
2611,2.4166666666666664e-09
2612,2.383333333333333e-09
2613,2.283333333333333e-09
2614,1.0666666666666667e-09
2615,8.5e-10
2616,1.1166666666666667e-09
2617,3.1166666666666665e-09
2618,3.05e-09
2619,1.0666666666666667e-09
2620,2.5166666666666665e-09
2621,1.3166666666666667e-09
2622,1.4e-09
2623,1.7166666666666665e-09
2624,2.3166666666666663e-09
2625,3.433333333333333e-09
2626,2.9500000000000004e-09
2627,2.983333333333333e-09
2628,1.2666666666666668e-09
2629,2.3666666666666668e-09
2630,1.2333333333333334e-09
2631,2.8166666666666667e-09
2632,1.4e-09
2633,1.55e-09
2634,2.1833333333333334e-09
2635,1.0833333333333333e-09
2636,1.7e-09
2637,2.05e-09
2638,2.9e-09
2639,1.3499999999999999e-09
2640,1.4333333333333333e-09
2641,3.533333333333333e-09
2642,2.9166666666666667e-09
2643,1.3166666666666667e-09
2644,2.5166666666666665e-09
2645,2.4833333333333332e-09
2646,1.85e-09
2647,5.316666666666666e-09
2648,4.766666666666666e-09
2649,1.1833333333333334e-09
2650,9.5e-10
2651,2.1666666666666666e-09
2652,1.0333333333333333e-09
2653,2.8e-09
2654,2.4833333333333332e-09
2655,3.4166666666666667e-09
2656,3.633333333333333e-09
2657,9.666666666666666e-10
2658,7.75e-09
2659,3.7666666666666665e-09
2660,4.1999999999999996e-09
2661,4.033333333333334e-09
2662,1.3333333333333333e-09
2663,4.133333333333333e-09
2664,4.4e-09
2665,1.3499999999999999e-09
2666,3.933333333333333e-09
2667,1.3166666666666667e-09
2668,4.283333333333333e-09
2669,5.166666666666666e-10
2670,4.25e-09
2671,1.2166666666666668e-09
2672,4.233333333333334e-09
2673,1.1666666666666668e-09
2674,4.133333333333333e-09
2675,8.833333333333333e-10
2676,1.5e-09
2677,6.283333333333333e-09
2678,7.833333333333333e-10
2679,8.166666666666667e-10
2680,1.1333333333333333e-09
2681,1.2999999999999999e-09
2682,1.7333333333333333e-09
2683,4.133333333333333e-09
2684,8.166666666666667e-10
2685,3.833333333333333e-09
2686,4.05e-09
2687,1.4833333333333334e-09
2688,9e-10
2689,3.6166666666666668e-09
2690,3.666666666666667e-09
2691,1.1e-09
2692,5.883333333333333e-09
2693,1.2999999999999999e-09
2694,3.783333333333333e-09
2695,1.2833333333333335e-09
2696,1.5e-09
2697,1.75e-09
2698,3.533333333333333e-09
2699,3.4666666666666667e-09
2700,6.833333333333334e-10
2701,1.9333333333333333e-09
2702,1.0333333333333333e-09
2703,1.1666666666666668e-09
2704,7.166666666666667e-10
2705,1.1166666666666667e-09
2706,1.3666666666666667e-09
2707,9.833333333333332e-10
2708,3.3833333333333334e-09
2709,3.733333333333333e-09
2710,2.9e-09
2711,3.2833333333333334e-09
2712,3.85e-09
2713,3.4833333333333335e-09
2714,1.0833333333333333e-09
2715,1.4166666666666665e-09
2716,3.633333333333333e-09
2717,3.55e-09
2718,8.666666666666667e-10
2719,1.2833333333333335e-09
2720,1.25e-09
2721,3.3666666666666666e-09
2722,1.0166666666666667e-09
2723,9.999999999999999e-10
2724,3.2833333333333334e-09
2725,3.433333333333333e-09
2726,3.25e-09
2727,9e-10
2728,3.1833333333333333e-09
2729,1.1333333333333333e-09
2730,3.2833333333333334e-09
2731,3.2e-09
2732,7.666666666666667e-10
2733,1.4e-09
2734,7e-10
2735,7.5e-10
2736,2.8e-09
2737,7.166666666666667e-10
2738,2.6333333333333333e-09
2739,6.333333333333334e-10
2740,2.5166666666666665e-09
2741,8.666666666666667e-10
2742,1.2166666666666668e-09
2743,6.833333333333334e-10
2744,1.3333333333333333e-09
2745,3.4833333333333335e-09
2746,2.4e-09
2747,5.433333333333333e-09
2748,7.5e-10
2749,2.6833333333333334e-09
2750,6e-10
2751,9.166666666666667e-10
2752,8e-10
2753,3.2333333333333333e-09
2754,1.1666666666666668e-09
2755,2.1666666666666666e-09
2756,1.0833333333333333e-09
2757,2.8666666666666667e-09
2758,3.1333333333333333e-09
2759,3e-09
2760,3.966666666666667e-09
2761,2.6166666666666665e-09
2762,2.7166666666666666e-09
2763,3.7166666666666664e-09
2764,3.25e-09
2765,1.1166666666666667e-09
2766,3.2e-09
2767,4.833333333333333e-10
2768,3.033333333333333e-09
2769,2.9166666666666667e-09
2770,4.999999999999999e-10
2771,3.15e-09
2772,3.2e-09
2773,7.666666666666667e-10
2774,3.25e-09
2775,3.2e-09
2776,3.3833333333333334e-09
2777,3.333333333333333e-09
2778,7.666666666666667e-10
2779,3.433333333333333e-09
2780,3.033333333333333e-09
2781,3.1e-09
2782,5.333333333333334e-10
2783,6.333333333333334e-10
2784,2.9666666666666668e-09
2785,7.666666666666667e-10
2786,3.3833333333333334e-09
2787,8.166666666666667e-10
2788,5.666666666666667e-10
2789,4.5e-10
2790,3.3e-09
2791,3.933333333333333e-09
2792,3.45e-09
2793,3.75e-09
2794,3.55e-09
2795,3.65e-09
2796,5.666666666666667e-10
2797,6e-10
2798,3.3666666666666666e-09
2799,1.15e-09
2800,3e-10
2801,1.3833333333333333e-09
2802,9.5e-10
2803,3.066666666666667e-09
2804,3.05e-09
2805,8e-10
2806,3.15e-09
2807,2.9166666666666667e-09
2808,9.5e-10
2809,3.166666666666667e-09
2810,7.5e-10
2811,3.166666666666667e-09
2812,3.3e-09
2813,3.05e-09
2814,2.8500000000000003e-09
2815,1.2666666666666668e-09
2816,3.05e-09
2817,9.666666666666666e-10
2818,7.166666666666667e-10
2819,2.8166666666666667e-09
2820,2.833333333333333e-09
2821,3.1833333333333333e-09
2822,7.833333333333333e-10
2823,2.7666666666666666e-09
2824,2.6166666666666665e-09
2825,2.933333333333333e-09
2826,8.333333333333332e-10
2827,4.9666666666666665e-09
2828,9.5e-10
2829,6e-10
2830,3.2e-09
2831,1.1666666666666668e-09
2832,2.8666666666666667e-09
2833,2.933333333333333e-09
2834,6.833333333333334e-10
2835,8.666666666666667e-10
2836,2.933333333333333e-09
2837,2.4166666666666664e-09
2838,1.25e-09
2839,3.833333333333333e-09
2840,6.499999999999999e-10
2841,2.5e-09
2842,1.3666666666666667e-09
2843,7.666666666666667e-10
2844,3.2333333333333333e-09
2845,2.3666666666666668e-09
2846,2.8166666666666667e-09
2847,7.166666666666667e-10
2848,3.033333333333333e-09
2849,9.333333333333332e-10
2850,3.4666666666666667e-09
2851,2.8166666666666667e-09
2852,3.1e-09
2853,7e-10
2854,7.333333333333333e-10
2855,9.666666666666666e-10
2856,2.983333333333333e-09
2857,2.8666666666666667e-09
2858,9.5e-10
2859,1.9e-09
2860,3.05e-09
2861,1.3666666666666667e-09
2862,9.5e-10
2863,1.4833333333333334e-09
2864,8.333333333333332e-10
2865,2.5333333333333337e-09
2866,4.433333333333334e-09
2867,1.2333333333333334e-09
2868,2.6999999999999998e-09
2869,2.5333333333333337e-09
2870,1.0499999999999999e-09
2871,2.6166666666666665e-09
2872,2.3166666666666663e-09
2873,1.0833333333333333e-09
2874,2.65e-09
2875,1.1833333333333334e-09
2876,9.666666666666666e-10
2877,1.0833333333333333e-09
2878,2.7666666666666666e-09
2879,2.55e-09
2880,1.2166666666666668e-09
2881,1.0833333333333333e-09
2882,9.999999999999999e-10
2883,2.1666666666666666e-09
2884,2.0833333333333334e-09
2885,8e-10
2886,2.3166666666666663e-09
2887,9.166666666666667e-10
2888,8.333333333333332e-10
2889,1.25e-09
2890,2.35e-09
2891,2.5333333333333337e-09
2892,1.75e-09
2893,1.3499999999999999e-09
2894,3.4e-09
2895,3.166666666666667e-09
2896,6e-10
2897,1.8166666666666666e-09
2898,2.1833333333333334e-09
2899,2.05e-09
2900,2.3e-09
2901,2.2666666666666667e-09
2902,6.866666666666666e-09
2903,1.2333333333333334e-09
2904,3.5666666666666668e-09
2905,9.999999999999999e-10
2906,9.833333333333332e-10
2907,1.2e-09
2908,3.266666666666667e-09
2909,8.833333333333333e-10
2910,3.6166666666666668e-09
2911,3.5166666666666667e-09
2912,3.3e-09
2913,3.2e-09
2914,3.75e-09
2915,3.2833333333333334e-09
2916,3.833333333333333e-09
2917,3.2166666666666665e-09
2918,4.3166666666666664e-09
2919,4.15e-09
2920,3.7e-09
2921,3.8e-09
2922,3.883333333333333e-09
2923,3.8333333333333335e-10
2924,8.333333333333332e-10
2925,4.266666666666667e-09
2926,1.0333333333333333e-09
2927,5.5e-10
2928,8e-10
2929,3.6833333333333336e-09
2930,6.166666666666667e-10
2931,5.666666666666667e-10
2932,6.333333333333334e-10
2933,5e-09
2934,3.916666666666667e-09
2935,4.5e-10
2936,4.066666666666667e-09
2937,1.2666666666666668e-09
2938,4.116666666666666e-09
2939,3.5e-10
2940,6.833333333333334e-10
2941,5.2833333333333335e-09
2942,3.6666666666666664e-10
2943,5.7166666666666666e-09
2944,6.666666666666666e-10
2945,2.1666666666666667e-10
2946,4.4166666666666665e-09
2947,7.1333333333333335e-09
2948,8.666666666666667e-10
2949,4.283333333333333e-09
2950,1.0499999999999999e-09
2951,4.1999999999999996e-09
2952,1.8833333333333332e-09
2953,3.85e-09
2954,4.7333333333333335e-09
2955,3.7666666666666665e-09
2956,1.0166666666666667e-09
2957,4.3166666666666664e-09
2958,5.549999999999999e-09
2959,4.466666666666667e-09
2960,1.1666666666666668e-09
2961,4.35e-09
2962,1.9166666666666665e-09
2963,1.1666666666666668e-09
2964,6.366666666666667e-09
2965,4.216666666666666e-09
2966,7.166666666666667e-10
2967,4.05e-09
2968,9.833333333333332e-10
2969,9.666666666666666e-10
2970,1.0833333333333333e-09
2971,9.833333333333332e-10
2972,3.7666666666666665e-09
2973,4.933333333333334e-09
2974,6.333333333333334e-10
2975,8e-10
2976,4.166666666666667e-09
2977,1.0833333333333333e-09
2978,4.333333333333333e-09
2979,4.6e-09
2980,4.016666666666667e-09
2981,9.5e-10
2982,1.8166666666666666e-09
2983,4.366666666666667e-09
2984,1.4666666666666666e-09
2985,4.3166666666666664e-09
2986,1.0166666666666667e-09
2987,1.3333333333333333e-09
2988,4.083333333333333e-09
2989,1.6166666666666667e-09
2990,1.5666666666666666e-09
2991,3.733333333333333e-09
2992,4.233333333333334e-09
2993,1.4333333333333333e-09
2994,1.2333333333333334e-09
2995,3.9e-09
2996,4.116666666666666e-09
2997,3.783333333333333e-09
2998,3.6833333333333336e-09
2999,1.8166666666666666e-09
3000,2.05e-09
3001,4.083333333333333e-09
3002,3.6e-09
3003,3.733333333333333e-09
3004,1.9166666666666665e-09
3005,2.4e-09
3006,2.0999999999999998e-09
3007,1.6e-09
3008,1.5833333333333334e-09
3009,2.0666666666666666e-09
3010,2.116666666666667e-09
3011,3.8e-09
3012,3.85e-09
3013,2.45e-09
3014,2.2e-09
3015,2.05e-09
3016,1.7333333333333333e-09
3017,3.45e-09
3018,1.95e-09
3019,2.2666666666666667e-09
3020,2.3666666666666668e-09
3021,2.2e-09
3022,1.2666666666666668e-09
3023,1.2666666666666668e-09
3024,1.3166666666666667e-09
3025,1.3166666666666667e-09
3026,2.9666666666666668e-09
3027,1.8166666666666666e-09
3028,2.933333333333333e-09
3029,1.65e-09
3030,1.8e-09
3031,2.0833333333333334e-09
3032,3.05e-09
3033,3e-09
3034,1.6333333333333335e-09
3035,2.9166666666666667e-09
3036,1.4166666666666665e-09
3037,1.8833333333333332e-09
3038,1.3833333333333333e-09
3039,2.8666666666666667e-09
3040,1.6666666666666665e-09
3041,1.9999999999999997e-09
3042,3.033333333333333e-09
3043,3.1166666666666665e-09
3044,1.6833333333333333e-09
3045,3e-09
3046,1.6166666666666667e-09
3047,3.75e-09
3048,3.1166666666666665e-09
3049,2.0333333333333333e-09
3050,1.7833333333333334e-09
3051,3.4e-09
3052,3.1166666666666665e-09
3053,3.433333333333333e-09
3054,2.7166666666666666e-09
3055,2.9500000000000004e-09
3056,1.6166666666666667e-09
3057,1.4166666666666665e-09
3058,1.6666666666666665e-09
3059,3.633333333333333e-09
3060,4.05e-09
3061,3.1e-09
3062,1.9e-09
3063,1.8666666666666664e-09
3064,3.633333333333333e-09
3065,1.85e-09
3066,2.0333333333333333e-09
3067,4.05e-09
3068,3.2833333333333334e-09
3069,1.9333333333333333e-09
3070,3.4666666666666667e-09
3071,3.2333333333333333e-09
3072,1.75e-09
3073,3.75e-09
3074,1.7833333333333334e-09
3075,4.05e-09
3076,3.166666666666667e-09
3077,1.4166666666666665e-09
3078,3.5e-09
3079,3.7e-09
3080,1.7666666666666666e-09
3081,1.9999999999999997e-09
3082,9.999999999999999e-10
3083,1.5333333333333334e-09
3084,1.3333333333333333e-09
3085,3.0166666666666664e-09
3086,3.166666666666667e-09
3087,3.05e-09
3088,3.633333333333333e-09
3089,1.95e-09
3090,3.5166666666666667e-09
3091,1.6333333333333335e-09
3092,2.9e-09
3093,2.933333333333333e-09
3094,3.166666666666667e-09
3095,1.2666666666666668e-09
3096,1.65e-09
3097,1.7833333333333334e-09
3098,3.333333333333333e-09
3099,1.65e-09
3100,3.5e-09
3101,3.066666666666667e-09
3102,2.833333333333333e-09
3103,2.65e-09
3104,1.4e-09
3105,2.8166666666666667e-09
3106,1.75e-09
3107,3.0833333333333332e-09
3108,3.333333333333333e-09
3109,1.2666666666666668e-09
3110,1.1e-09
3111,2.6999999999999998e-09
3112,9.666666666666666e-10
3113,2.7833333333333334e-09
3114,9.5e-10
3115,1.9333333333333333e-09
3116,1.6e-09
3117,2.35e-09
3118,1.6333333333333335e-09
3119,1.9666666666666665e-09
3120,2.05e-09
3121,1.0499999999999999e-09
3122,2.1666666666666666e-09
3123,1.1333333333333333e-09
3124,1.5e-09
3125,9.666666666666666e-10
3126,1.5e-09
3127,5.333333333333334e-10
3128,1.95e-09
3129,9.999999999999999e-10
3130,8.166666666666667e-10
3131,9.999999999999999e-10
3132,8.5e-10
3133,1.3166666666666667e-09
3134,8.666666666666667e-10
3135,8.666666666666667e-10
3136,1.3499999999999999e-09
3137,8.666666666666667e-10
3138,1.75e-09
3139,1.4166666666666665e-09
3140,1.45e-09
3141,2.0999999999999998e-09
3142,1.1833333333333334e-09
3143,1.2833333333333335e-09
3144,1.3499999999999999e-09
3145,5.5e-10
3146,4.5e-10
3147,1.1666666666666668e-09
3148,1.3333333333333333e-09
3149,1.25e-09
3150,1.0166666666666667e-09
3151,8.833333333333333e-10
3152,1.0833333333333333e-09
3153,9.333333333333332e-10
3154,1.1833333333333334e-09
3155,1.2833333333333335e-09
3156,1.1833333333333334e-09
3157,1.0166666666666667e-09
3158,9.666666666666666e-10
3159,9.666666666666666e-10
3160,1.0166666666666667e-09
3161,7e-10
3162,8e-10
3163,4.833333333333333e-10
3164,9.333333333333332e-10
3165,6.333333333333334e-10
3166,6.166666666666667e-10
3167,4.3333333333333334e-10
3168,4.666666666666666e-10
3169,1.1333333333333333e-09
3170,1.3666666666666667e-09
3171,7.666666666666667e-10
3172,7.166666666666667e-10
3173,2.8333333333333334e-10
3174,1.7333333333333333e-09
3175,4.166666666666666e-10
3176,1.15e-09
3177,1.7e-09
3178,7e-10
3179,1.2333333333333334e-09
3180,6.499999999999999e-10
3181,8.666666666666667e-10
3182,1.7333333333333333e-09
3183,1.1666666666666668e-09
3184,1.2166666666666668e-09
3185,1.3666666666666667e-09
3186,8.833333333333333e-10
3187,1.2833333333333335e-09
3188,7.666666666666667e-10
3189,1.2666666666666668e-09
3190,1.1166666666666667e-09
3191,1.0833333333333333e-09
3192,1.7666666666666666e-09
3193,1.1333333333333333e-09
3194,1.2833333333333335e-09
3195,1.6833333333333333e-09
3196,6e-10
3197,1.2166666666666668e-09
3198,1.4666666666666666e-09
3199,1.2666666666666668e-09
3200,1.3166666666666667e-09
3201,1.0499999999999999e-09
3202,1.1666666666666668e-09
3203,1.1e-09
3204,1.4833333333333334e-09
3205,1.9666666666666665e-09
3206,8.5e-10
3207,1.3833333333333333e-09
3208,2.4e-09
3209,2.216666666666667e-09
3210,1.45e-09
3211,1.9166666666666665e-09
3212,1.75e-09
3213,2.5833333333333333e-09
3214,1.4333333333333333e-09
3215,2.05e-09
3216,1.7e-09
3217,1.4333333333333333e-09
3218,1.25e-09
3219,1.4e-09
3220,1.6333333333333335e-09
3221,1.9666666666666665e-09
3222,1.7e-09
3223,1.7833333333333334e-09
3224,1.7166666666666665e-09
3225,1.5833333333333334e-09
3226,1.2e-09
3227,2.05e-09
3228,1.5e-09
3229,1.6833333333333333e-09
3230,1.1666666666666668e-09
3231,1.6666666666666665e-09
3232,1.6166666666666667e-09
3233,1.3833333333333333e-09
3234,1.5833333333333334e-09
3235,1.3833333333333333e-09
3236,1.3166666666666667e-09
3237,1.2999999999999999e-09
3238,1.2999999999999999e-09
3239,1.3166666666666667e-09
3240,1.6e-09
3241,1.2333333333333334e-09
3242,1.3166666666666667e-09
3243,1.0666666666666667e-09
3244,1.2e-09
3245,1.2166666666666668e-09
3246,9.5e-10
3247,1.6666666666666665e-09
3248,1.5666666666666666e-09
3249,1.5833333333333334e-09
3250,1.5166666666666666e-09
3251,7.5e-10
3252,6.833333333333334e-10
3253,8.833333333333333e-10
3254,1.5166666666666666e-09
3255,1.3833333333333333e-09
3256,9e-10
3257,1.2166666666666668e-09
3258,1.2333333333333334e-09
3259,6.333333333333334e-10
3260,1.1833333333333334e-09
3261,1.4833333333333334e-09
3262,1.4666666666666666e-09
3263,1.3333333333333333e-09
3264,9e-10
3265,1.0833333333333333e-09
3266,1.65e-09
3267,1.1833333333333334e-09
3268,1.2333333333333334e-09
3269,1.1166666666666667e-09
3270,1.5333333333333334e-09
3271,1.3333333333333333e-09
3272,1.2333333333333334e-09
3273,1.0166666666666667e-09
3274,1.45e-09
3275,1.3666666666666667e-09
3276,9.999999999999999e-10
3277,1.0499999999999999e-09
3278,1.2833333333333335e-09
3279,1.0833333333333333e-09
3280,9.666666666666666e-10
3281,1.3499999999999999e-09
3282,1.1e-09
3283,9.5e-10
3284,1.0833333333333333e-09
3285,1.0333333333333333e-09
3286,1.1e-09
3287,9.166666666666667e-10
3288,9.666666666666666e-10
3289,8.833333333333333e-10
3290,9.5e-10
3291,1.0666666666666667e-09
3292,9.166666666666667e-10
3293,1.3666666666666667e-09
3294,1.15e-09
3295,1.7833333333333334e-09
3296,9.833333333333332e-10
3297,1.0166666666666667e-09
3298,7.5e-10
3299,1.65e-09
3300,8e-10
3301,7e-10
3302,1.1833333333333334e-09
3303,1.3166666666666667e-09
3304,1.2333333333333334e-09
3305,1.0166666666666667e-09
3306,1.4333333333333333e-09
3307,8e-10
3308,1.5166666666666666e-09
3309,2.4e-09
3310,1.2999999999999999e-09
3311,7.333333333333333e-10
3312,6.333333333333334e-10
3313,6.666666666666666e-10
3314,1.2333333333333334e-09
3315,6.833333333333334e-10
3316,8.5e-10
3317,8.166666666666667e-10
3318,1.0666666666666667e-09
3319,9.999999999999999e-10
3320,8.666666666666667e-10
3321,1.5666666666666666e-09
3322,7.166666666666667e-10
3323,1.0333333333333333e-09
3324,1.1833333333333334e-09
3325,7e-10
3326,1.6833333333333333e-09
3327,8.333333333333332e-10
3328,1.5e-09
3329,1.6666666666666665e-09
3330,1.9666666666666665e-09
3331,1.2833333333333335e-09
3332,4.833333333333333e-10
3333,1.2666666666666668e-09
3334,1.4833333333333334e-09
3335,9.833333333333332e-10
3336,1.3833333333333333e-09
3337,9.166666666666667e-10
3338,1.1833333333333334e-09
3339,1.1333333333333333e-09
3340,1.0499999999999999e-09
3341,9e-10
3342,1.5166666666666666e-09
3343,8e-10
3344,9.5e-10
3345,2.4e-09
3346,7.666666666666667e-10
3347,1.2e-09
3348,9.166666666666667e-10
3349,9e-10
3350,1.0666666666666667e-09
3351,1.6166666666666667e-09
3352,1.2999999999999999e-09
3353,1.0499999999999999e-09
3354,2.0833333333333334e-09
3355,8.166666666666667e-10
3356,9.333333333333332e-10
3357,1.1166666666666667e-09
3358,1.1166666666666667e-09
3359,1.0166666666666667e-09
3360,1.5333333333333334e-09
3361,1.0666666666666667e-09
3362,8.333333333333332e-10
3363,1.5e-09
3364,6.833333333333334e-10
3365,9.333333333333332e-10
3366,6.666666666666666e-10
3367,1.4833333333333334e-09
3368,9.833333333333332e-10
3369,1.4e-09
3370,9.999999999999999e-10
3371,8e-10
3372,5.666666666666667e-10
3373,5.5e-10
3374,2.25e-09
3375,1.7833333333333334e-09
3376,1.65e-09
3377,4.833333333333333e-10
3378,5.833333333333334e-10
3379,9.166666666666667e-10
3380,7.333333333333333e-10
3381,1.6e-09
3382,1.4833333333333334e-09
3383,9.833333333333332e-10
3384,1.4666666666666666e-09
3385,1.0499999999999999e-09
3386,6.333333333333334e-10
3387,9.333333333333332e-10
3388,1.0166666666666667e-09
3389,7.833333333333333e-10
3390,9e-10
3391,8e-10
3392,7.666666666666667e-10
3393,7.5e-10
3394,8.666666666666667e-10
3395,8.833333333333333e-10
3396,7.666666666666667e-10
3397,1.1e-09
3398,9.833333333333332e-10
3399,1.0333333333333333e-09
3400,4.999999999999999e-10
3401,8.333333333333332e-10
3402,1.45e-09
3403,1.1166666666666667e-09
3404,8e-10
3405,1.45e-09
3406,7e-10
3407,7.666666666666667e-10
3408,1.1833333333333334e-09
3409,1.3333333333333333e-09
3410,1.0833333333333333e-09
3411,4.833333333333333e-10
3412,6.499999999999999e-10
3413,1.3333333333333333e-09
3414,9.999999999999999e-10
3415,8.666666666666667e-10
3416,1.1666666666666668e-09
3417,7e-10
3418,1.3499999999999999e-09
3419,4.999999999999999e-10
3420,8.5e-10
3421,7.666666666666667e-10
3422,1.2666666666666668e-09
3423,1.0333333333333333e-09
3424,7.166666666666667e-10
3425,7.666666666666667e-10
3426,9.5e-10
3427,1.4e-09
3428,9.833333333333332e-10
3429,1.3333333333333333e-09
3430,1.0499999999999999e-09
3431,1.3666666666666667e-09
3432,1.4666666666666666e-09
3433,5.5e-10
3434,1.15e-09
3435,1.2333333333333334e-09
3436,6.333333333333334e-10
3437,6.333333333333334e-10
3438,7.666666666666667e-10
3439,1.2166666666666668e-09
3440,5.5e-10
3441,1.6e-09
3442,9.833333333333332e-10
3443,1.8166666666666666e-09
3444,7.166666666666667e-10
3445,1.1833333333333334e-09
3446,1.7166666666666665e-09
3447,9e-10
3448,6.333333333333334e-10
3449,1.0666666666666667e-09
3450,1.8166666666666666e-09
3451,1.2999999999999999e-09
3452,1.0499999999999999e-09
3453,1.4666666666666666e-09
3454,2.116666666666667e-09
3455,7.666666666666667e-10
3456,1.2333333333333334e-09
3457,1.1833333333333334e-09
3458,1.1833333333333334e-09
3459,1.7e-09
3460,7.333333333333333e-10
3461,8.166666666666667e-10
3462,9e-10
3463,1.4833333333333334e-09
3464,1.0666666666666667e-09
3465,6.666666666666666e-10
3466,1.4e-09
3467,1.15e-09
3468,1.2999999999999999e-09
3469,1.25e-09
3470,7e-10
3471,1.5333333333333334e-09
3472,1.65e-09
3473,7.666666666666667e-10
3474,1.6166666666666667e-09
3475,1.1333333333333333e-09
3476,1.5833333333333334e-09
3477,1.0833333333333333e-09
3478,1.3666666666666667e-09
3479,9.999999999999999e-10
3480,1.1333333333333333e-09
3481,7.666666666666667e-10
3482,7.5e-10
3483,9.999999999999999e-10
3484,1.2999999999999999e-09
3485,9.166666666666667e-10
3486,7.5e-10
3487,6.666666666666666e-10
3488,1.0833333333333333e-09
3489,7.333333333333333e-10
3490,1.2833333333333335e-09
3491,6.333333333333334e-10
3492,7.166666666666667e-10
3493,1.1e-09
3494,4e-10
3495,1.3666666666666667e-09
3496,8.666666666666667e-10
3497,7.166666666666667e-10
3498,1.8333333333333334e-09
3499,1.1833333333333334e-09
3500,7e-10
3501,1.3333333333333333e-09
3502,5.333333333333334e-10
3503,9.999999999999999e-10
3504,1.2e-09
3505,6.499999999999999e-10
3506,7.333333333333333e-10
3507,1.1666666666666668e-09
3508,9.5e-10
3509,6.666666666666666e-10
3510,9.166666666666667e-10
3511,1.1333333333333333e-09
3512,1.2333333333333334e-09
3513,6.499999999999999e-10
3514,5.666666666666667e-10
3515,1.0666666666666667e-09
3516,2.2e-09
3517,6e-10
3518,9.833333333333332e-10
3519,9.833333333333332e-10
3520,1.3666666666666667e-09
3521,9.5e-10
3522,4.833333333333333e-10
3523,1.3166666666666667e-09
3524,5.833333333333334e-10
3525,1.65e-09
3526,6e-10
3527,1.4166666666666665e-09
3528,1.0666666666666667e-09
3529,1.0333333333333333e-09
3530,1.0666666666666667e-09
3531,9.833333333333332e-10
3532,9.5e-10
3533,8.833333333333333e-10
3534,7.166666666666667e-10
3535,8.166666666666667e-10
3536,1.6833333333333333e-09
3537,9.333333333333332e-10
3538,8e-10
3539,8.666666666666667e-10
3540,5.833333333333334e-10
3541,1.25e-09
3542,6.333333333333334e-10
3543,1.4166666666666665e-09
3544,1.2333333333333334e-09
3545,1.0166666666666667e-09
3546,3.6666666666666664e-10
3547,1.3333333333333333e-09
3548,5.666666666666667e-10
3549,1.1166666666666667e-09
3550,1.0499999999999999e-09
3551,1.0833333333333333e-09
3552,6e-10
3553,9.333333333333332e-10
3554,1.3333333333333333e-09
3555,1.3333333333333333e-09
3556,7.5e-10
3557,1.0166666666666667e-09
3558,5.5e-10
3559,1.0333333333333333e-09
3560,9.333333333333332e-10
3561,9.333333333333332e-10
3562,1.0499999999999999e-09
3563,8.666666666666667e-10
3564,1.0666666666666667e-09
3565,8.166666666666667e-10
3566,8e-10
3567,9e-10
3568,9e-10
3569,1.75e-09
3570,7.666666666666667e-10
3571,1.3833333333333333e-09
3572,1.6e-09
3573,9.5e-10
3574,9.333333333333332e-10
3575,1.1333333333333333e-09
3576,6.499999999999999e-10
3577,2.3166666666666663e-09
3578,4.5e-10
3579,3.433333333333333e-09
3580,2.116666666666667e-09
3581,2.1833333333333334e-09
3582,7.833333333333333e-10
3583,1.8166666666666666e-09
3584,2.9666666666666668e-09
3585,9e-10
3586,3.0166666666666664e-09
3587,1.2666666666666668e-09
3588,2.283333333333333e-09
3589,1.3333333333333333e-09
3590,8.5e-10
3591,9.5e-10
3592,9.999999999999999e-10
3593,9e-10
3594,1.15e-09
3595,8e-10
3596,1.1e-09
3597,8.833333333333333e-10
3598,1.2833333333333335e-09
3599,2.7333333333333334e-09
3600,1.45e-09
3601,8.166666666666667e-10
3602,3.1333333333333333e-09
3603,1.2666666666666668e-09
3604,1.2833333333333335e-09
3605,1.4166666666666665e-09
3606,1.3333333333333333e-09
3607,2.6333333333333333e-09
3608,1.1666666666666668e-09
3609,1.85e-09
3610,6.499999999999999e-10
3611,1.2833333333333335e-09
3612,9.5e-10
3613,7.5e-10
3614,8.5e-10
3615,1.25e-09
3616,1.1666666666666668e-09
3617,1.1833333333333334e-09
3618,1.85e-09
3619,1.4833333333333334e-09
3620,1.1333333333333333e-09
3621,2.0999999999999998e-09
3622,9e-10
3623,7.5e-10
3624,9.5e-10
3625,1.5666666666666666e-09
3626,1.4333333333333333e-09
3627,1.15e-09
3628,1.3833333333333333e-09
3629,1.0499999999999999e-09
3630,6.499999999999999e-10
3631,2.016666666666667e-09
3632,6.666666666666666e-10
3633,1.3166666666666667e-09
3634,6.833333333333334e-10
3635,9.833333333333332e-10
3636,1.1833333333333334e-09
3637,1.4166666666666665e-09
3638,6.833333333333334e-10
3639,5.5e-10
3640,1.25e-09
3641,1.4e-09
3642,1.1e-09
3643,1.0833333333333333e-09
3644,1.0666666666666667e-09
3645,9.166666666666667e-10
3646,9.999999999999999e-10
3647,8.833333333333333e-10
3648,1.5833333333333334e-09
3649,7.166666666666667e-10
3650,9.999999999999999e-10
3651,1.2333333333333334e-09
3652,1.1166666666666667e-09
3653,7e-10
3654,9.333333333333332e-10
3655,9.666666666666666e-10
3656,9.833333333333332e-10
3657,1.25e-09
3658,1.1e-09
3659,1.1e-09
3660,9.833333333333332e-10
3661,8.666666666666667e-10
3662,9.999999999999999e-10
3663,1.5333333333333334e-09
3664,7.166666666666667e-10
3665,1.4e-09
3666,1.7e-09
3667,1.65e-09
3668,1.9666666666666665e-09
3669,6.833333333333334e-10
3670,2.0999999999999998e-09
3671,1.4333333333333333e-09
3672,1.8333333333333334e-09
3673,1.3666666666666667e-09
3674,1.9833333333333333e-09
3675,2.6999999999999998e-09
3676,7.833333333333333e-10
3677,1.8333333333333334e-09
3678,3.2166666666666665e-09
3679,2.1500000000000002e-09
3680,2.833333333333333e-09
3681,1.2999999999999999e-09
3682,1.8e-09
3683,4.999999999999999e-10
3684,9e-10
3685,2.6166666666666665e-09
3686,3.8666666666666665e-09
3687,1.0166666666666667e-09
3688,2.05e-09
3689,1.5666666666666666e-09
3690,1.1166666666666667e-09
3691,2.2666666666666667e-09
3692,2.4333333333333336e-09
3693,2.25e-09
3694,1.95e-09
3695,2.5999999999999997e-09
3696,2.3666666666666668e-09
3697,1.4e-09
3698,3.0166666666666664e-09
3699,1.7166666666666665e-09
3700,2.55e-09
3701,3.266666666666667e-09
3702,1.9166666666666665e-09
3703,2.45e-09
3704,3.1333333333333333e-09
3705,1.8666666666666664e-09
3706,2.6166666666666665e-09
3707,2.9166666666666667e-09
3708,2.3166666666666663e-09
3709,3.0166666666666664e-09
3710,2.1833333333333334e-09
3711,1.9666666666666665e-09
3712,1.6333333333333335e-09
3713,3.1e-09
3714,1.9166666666666665e-09
3715,1.1333333333333333e-09
3716,2.0999999999999998e-09
3717,1.5e-09
3718,1.5833333333333334e-09
3719,9.5e-10
3720,2.4166666666666664e-09
3721,2.4833333333333332e-09
3722,2.4166666666666664e-09
3723,2.216666666666667e-09
3724,9.666666666666666e-10
3725,2.2e-09
3726,9.999999999999999e-10
3727,1.0166666666666667e-09
3728,2.283333333333333e-09
3729,1.1e-09
3730,1.0333333333333333e-09
3731,2.4333333333333336e-09
3732,9.5e-10
3733,2.4166666666666664e-09
3734,1.95e-09
3735,2.4333333333333336e-09
3736,9.999999999999999e-10
3737,3.966666666666667e-09
3738,2.05e-09
3739,2.7333333333333334e-09
3740,6.833333333333334e-10
3741,2.2e-09
3742,2.1500000000000002e-09
3743,1.5666666666666666e-09
3744,1.1833333333333334e-09
3745,1.9833333333333333e-09
3746,2.016666666666667e-09
3747,2.2666666666666667e-09
3748,1.4666666666666666e-09
3749,2.116666666666667e-09
3750,2.5833333333333333e-09
3751,9.5e-10
3752,2.0833333333333334e-09
3753,2.2e-09
3754,1.9833333333333333e-09
3755,1.6833333333333333e-09
3756,1.6666666666666665e-09
3757,2.5999999999999997e-09
3758,1.0499999999999999e-09
3759,1.7666666666666666e-09
3760,2.216666666666667e-09
3761,2.1333333333333334e-09
3762,1.8e-09
3763,1.9333333333333333e-09
3764,1.85e-09
3765,2.25e-09
3766,3.1833333333333333e-09
3767,3e-09
3768,1.9666666666666665e-09
3769,2.116666666666667e-09
3770,2.6999999999999998e-09
3771,2.8500000000000003e-09
3772,2.3166666666666663e-09
3773,2.2e-09
3774,1.9999999999999997e-09
3775,1.6166666666666667e-09
3776,2.2e-09
3777,1.5833333333333334e-09
3778,1.9999999999999997e-09
3779,1.8833333333333332e-09
3780,2.1666666666666666e-09
3781,1.7166666666666665e-09
3782,2.5833333333333333e-09
3783,2.116666666666667e-09
3784,1.5166666666666666e-09
3785,2.0333333333333333e-09
3786,1.8333333333333334e-09
3787,2.283333333333333e-09
3788,2.3166666666666663e-09
3789,1.95e-09
3790,2.3166666666666663e-09
3791,2.116666666666667e-09
3792,2.1333333333333334e-09
3793,2.6166666666666665e-09
3794,2.0833333333333334e-09
3795,1.4833333333333334e-09
3796,2.1833333333333334e-09
3797,1.4333333333333333e-09
3798,1.8e-09
3799,1.4833333333333334e-09
3800,1.7e-09
3801,2.1833333333333334e-09
3802,1.7833333333333334e-09
3803,1.2999999999999999e-09
3804,2.016666666666667e-09
3805,1.75e-09
3806,2.0666666666666666e-09
3807,1.8333333333333334e-09
3808,2.45e-09
3809,2.383333333333333e-09
3810,1.5833333333333334e-09
3811,2.25e-09
3812,2.1333333333333334e-09
3813,2.3166666666666663e-09
3814,2.566666666666667e-09
3815,1.95e-09
3816,2.25e-09
3817,2.65e-09
3818,2.05e-09
3819,2.5999999999999997e-09
3820,2.3e-09
3821,2.3166666666666663e-09
3822,2.933333333333333e-09
3823,2.6833333333333334e-09
3824,2.65e-09
3825,2.3333333333333335e-09
3826,1.7833333333333334e-09
3827,1.6e-09
3828,1.6666666666666665e-09
3829,1.7166666666666665e-09
3830,2.283333333333333e-09
3831,1.9e-09
3832,2.933333333333333e-09
3833,1.6833333333333333e-09
3834,1.3333333333333333e-09
3835,2.8166666666666667e-09
3836,1.7166666666666665e-09
3837,1.8333333333333334e-09
3838,1.5833333333333334e-09
3839,1.2666666666666668e-09
3840,1.6833333333333333e-09
3841,1.6166666666666667e-09
3842,1.5666666666666666e-09
3843,1.9833333333333333e-09
3844,1.3833333333333333e-09
3845,1.65e-09
3846,2.05e-09
3847,3.25e-09
3848,2.4e-09
3849,2.466666666666667e-09
3850,1.7e-09
3851,2.566666666666667e-09
3852,1.75e-09
3853,1.3166666666666667e-09
3854,1.9166666666666665e-09
3855,1.15e-09
3856,1.8333333333333334e-09
3857,2.4833333333333332e-09
3858,1.6e-09
3859,2.1833333333333334e-09
3860,1.5e-09
3861,1.8e-09
3862,1.85e-09
3863,1.5833333333333334e-09
3864,1.25e-09
3865,2.0833333333333334e-09
3866,2.116666666666667e-09
3867,2.0833333333333334e-09
3868,1.9999999999999997e-09
3869,1.5666666666666666e-09
3870,1.6333333333333335e-09
3871,1.9e-09
3872,1.7833333333333334e-09
3873,1.75e-09
3874,1.45e-09
3875,1.9666666666666665e-09
3876,1.6833333333333333e-09
3877,1.5666666666666666e-09
3878,1.65e-09
3879,1.6333333333333335e-09
3880,1.5166666666666666e-09
3881,1.3666666666666667e-09
3882,1.2666666666666668e-09
3883,1.6333333333333335e-09
3884,1.6333333333333335e-09
3885,1.0499999999999999e-09
3886,1.2333333333333334e-09
3887,1.1666666666666668e-09
3888,1.0833333333333333e-09
3889,8.666666666666667e-10
3890,1.1833333333333334e-09
3891,1.1666666666666668e-09
3892,1.1166666666666667e-09
3893,1.25e-09
3894,9.5e-10
3895,1.0499999999999999e-09
3896,9.999999999999999e-10
3897,1.2666666666666668e-09
3898,1.1166666666666667e-09
3899,8.833333333333333e-10
3900,1.2833333333333335e-09
3901,1.2166666666666668e-09
3902,1.6333333333333335e-09
3903,1.25e-09
3904,1.3166666666666667e-09
3905,1.9333333333333333e-09
3906,1.0499999999999999e-09
3907,9e-10
3908,1.45e-09
3909,1.0166666666666667e-09
3910,9.999999999999999e-10
3911,9.999999999999999e-10
3912,1.1833333333333334e-09
3913,1.2666666666666668e-09
3914,1.1e-09
3915,8.833333333333333e-10
3916,1.4166666666666665e-09
3917,1.25e-09
3918,1.4166666666666665e-09
3919,9.666666666666666e-10
3920,8.5e-10
3921,1.5e-09
3922,1.1666666666666668e-09
3923,8.5e-10
3924,1.4166666666666665e-09
3925,8.333333333333332e-10
3926,2.3333333333333335e-09
3927,1.1666666666666668e-09
3928,1.65e-09
3929,1.2999999999999999e-09
3930,1.6833333333333333e-09
3931,1.5166666666666666e-09
3932,4.3333333333333334e-10
3933,7.666666666666667e-10
3934,1.1166666666666667e-09
3935,1.9166666666666665e-09
3936,1.25e-09
3937,9.999999999999999e-10
3938,1.7e-09
3939,3.5e-10
3940,3.5833333333333336e-09
3941,1.6666666666666665e-09
3942,8.833333333333333e-10
3943,1.6333333333333335e-09
3944,2.7500000000000002e-09
3945,3.65e-09
3946,2.65e-09
3947,2.833333333333333e-09
3948,1.5166666666666666e-09
3949,1.5833333333333334e-09
3950,3.6833333333333336e-09
3951,9.833333333333332e-10
3952,4.066666666666667e-09
3953,1.4e-09
3954,1.7666666666666666e-09
3955,2.3e-09
3956,4.3000000000000005e-09
3957,3.2833333333333334e-09
3958,1.0499999999999999e-09
3959,2.8833333333333335e-09
3960,2.25e-09
3961,2.983333333333333e-09
3962,1.1833333333333334e-09
3963,1.3499999999999999e-09
3964,1.2833333333333335e-09
3965,2.016666666666667e-09
3966,1.4166666666666665e-09
3967,3.833333333333333e-09
3968,1.65e-09
3969,3.15e-09
3970,1.4666666666666666e-09
3971,1.4666666666666666e-09
3972,1.25e-09
3973,1.3499999999999999e-09
3974,1.9999999999999997e-09
3975,1.6333333333333335e-09
3976,4.45e-09
3977,4.45e-09
3978,2.7666666666666666e-09
3979,1.9e-09
3980,1.9166666666666665e-09
3981,1.2999999999999999e-09
3982,2.116666666666667e-09
3983,3.55e-09
3984,9.833333333333332e-10
3985,2.0999999999999998e-09
3986,2.7666666666666666e-09
3987,1.5833333333333334e-09
3988,4.5166666666666666e-09
3989,3.7166666666666664e-09
3990,3.2333333333333333e-09
3991,3.85e-09
3992,4.166666666666667e-09
3993,2.9500000000000004e-09
3994,1.9333333333333333e-09
3995,1.7e-09
3996,4.166666666666667e-09
3997,4.333333333333333e-09
3998,3.25e-09
3999,1.2e-09
4000,4.366666666666667e-09
4001,4.133333333333333e-09
4002,2.1666666666666666e-09
4003,1.3166666666666667e-09
4004,1.2833333333333335e-09
4005,2.05e-09
4006,3.333333333333333e-09
4007,1.7333333333333333e-09
4008,3.75e-09
4009,3.533333333333333e-09
4010,1.7333333333333333e-09
4011,3.816666666666667e-09
4012,2.216666666666667e-09
4013,3.3166666666666666e-09
4014,3.816666666666667e-09
4015,4.35e-09
4016,3.85e-09
4017,3.6833333333333336e-09
4018,1.8666666666666664e-09
4019,1.1333333333333333e-09
4020,2.5166666666666665e-09
4021,4.6e-09
4022,3.1e-09
4023,2.3e-09
4024,3.4833333333333335e-09
4025,1.5166666666666666e-09
4026,1.7833333333333334e-09
4027,3.2833333333333334e-09
4028,4.033333333333334e-09
4029,3.533333333333333e-09
4030,1.6333333333333335e-09
4031,2.0833333333333334e-09
4032,2.6166666666666665e-09
4033,5.666666666666666e-09
4034,3.5166666666666667e-09
4035,5.35e-09
4036,2.9666666666666668e-09
4037,2.6666666666666666e-09
4038,1.7333333333333333e-09
4039,3.433333333333333e-09
4040,3.533333333333333e-09
4041,3.5e-09
4042,3.2833333333333334e-09
4043,3.2166666666666665e-09
4044,3.85e-09
4045,2.1333333333333334e-09
4046,3.9999999999999994e-09
4047,3.916666666666667e-09
4048,3.666666666666667e-09
4049,1.9833333333333333e-09
4050,6.216666666666667e-09
4051,3.5166666666666667e-09
4052,5.416666666666667e-09
4053,1.6666666666666665e-09
4054,4.433333333333334e-09
4055,2.983333333333333e-09
4056,5.7166666666666666e-09
4057,4.45e-09
4058,4.65e-09
4059,1.9166666666666665e-09
4060,3.533333333333333e-09
4061,4.383333333333334e-09
4062,5.116666666666666e-09
4063,4.666666666666667e-09
4064,5.033333333333333e-09
4065,3.55e-09
4066,2.3333333333333335e-09
4067,4.6e-09
4068,3.4666666666666667e-09
4069,4.5166666666666666e-09
4070,4.566666666666666e-09
4071,2.116666666666667e-09
4072,2.3333333333333335e-09
4073,4.466666666666667e-09
4074,4.8e-09
4075,3.2166666666666665e-09
4076,4.45e-09
4077,4.75e-09
4078,4.283333333333333e-09
4079,1.9333333333333333e-09
4080,4.3000000000000005e-09
4081,4.533333333333333e-09
4082,2.1333333333333334e-09
4083,2.0333333333333333e-09
4084,2.3166666666666663e-09
4085,4.25e-09
4086,2.8166666666666667e-09
4087,4.266666666666667e-09
4088,2.2333333333333335e-09
4089,4.883333333333333e-09
4090,4.283333333333333e-09
4091,4.5e-09
4092,2.55e-09
4093,2.5833333333333333e-09
4094,3.933333333333333e-09
4095,4.3000000000000005e-09
4096,3.7666666666666665e-09
4097,3.783333333333333e-09
4098,3.7666666666666665e-09
4099,2.3666666666666668e-09
4100,3.95e-09
4101,3.5833333333333336e-09
4102,2.25e-09
4103,4.033333333333334e-09
4104,1.9333333333333333e-09
4105,3.666666666666667e-09
4106,3.3833333333333334e-09
4107,1.6666666666666665e-09
4108,3.5166666666666667e-09
4109,2.1833333333333334e-09
4110,3.3666666666666666e-09
4111,3.1833333333333333e-09
4112,1.9333333333333333e-09
4113,3.1333333333333333e-09
4114,4.116666666666666e-09
4115,4.033333333333334e-09
4116,1.5166666666666666e-09
4117,1.3166666666666667e-09
4118,3.4e-09
4119,1.7666666666666666e-09
4120,1.4e-09
4121,1.55e-09
4122,1.2666666666666668e-09
4123,1.6166666666666667e-09
4124,3.4666666666666667e-09
4125,2.9500000000000004e-09
4126,3.25e-09
4127,1.4166666666666665e-09
4128,3.033333333333333e-09
4129,3.25e-09
4130,1.6166666666666667e-09
4131,1.4666666666666666e-09
4132,1.1666666666666668e-09
4133,2.6833333333333334e-09
4134,1.1333333333333333e-09
4135,1.15e-09
4136,2.7500000000000002e-09
4137,2.6166666666666665e-09
4138,3.1833333333333333e-09
4139,9e-10
4140,1.1666666666666668e-09
4141,1.95e-09
4142,8e-10
4143,9.666666666666666e-10
4144,2.45e-09
4145,7.166666666666667e-10
4146,2.0999999999999998e-09
4147,1.1833333333333334e-09
4148,1.1e-09
4149,2.2333333333333335e-09
4150,3.883333333333333e-09
4151,1.9666666666666665e-09
4152,2.466666666666667e-09
4153,2.116666666666667e-09
4154,2.216666666666667e-09
4155,2.3e-09
4156,2.3e-09
4157,1.8e-09
4158,8.833333333333333e-10
4159,2.35e-09
4160,2.1333333333333334e-09
4161,7.833333333333333e-10
4162,2.1333333333333334e-09
4163,2.0333333333333333e-09
4164,2.1666666666666666e-09
4165,2.6833333333333334e-09
4166,2.5e-09
4167,2.65e-09
4168,2.6833333333333334e-09
4169,8.5e-10
4170,8.5e-10
4171,2.35e-09
4172,2.3166666666666663e-09
4173,9.5e-10
4174,3.05e-09
4175,1.2333333333333334e-09
4176,2.9e-09
4177,5.166666666666666e-10
4178,2.933333333333333e-09
4179,5.333333333333334e-10
4180,2.4166666666666664e-09
4181,8e-10
4182,4.116666666666666e-09
4183,2.1833333333333334e-09
4184,5.333333333333334e-10
4185,2.3333333333333335e-09
4186,2.45e-09
4187,2.4e-09
4188,4.833333333333333e-10
4189,2.383333333333333e-09
4190,5.666666666666667e-10
4191,4e-10
4192,9.833333333333332e-10
4193,4.166666666666666e-10
4194,2.4166666666666664e-09
4195,2.1500000000000002e-09
4196,7.166666666666667e-10
4197,2.4833333333333332e-09
4198,2.45e-09
4199,2.6833333333333334e-09
4200,2.2666666666666667e-09
4201,2.35e-09
4202,1.6e-09
4203,9.666666666666666e-10
4204,9e-10
4205,2.466666666666667e-09
4206,2.6833333333333334e-09
4207,2.9e-09
4208,7.833333333333333e-10
4209,4.3333333333333334e-10
4210,2.8166666666666667e-09
4211,2.5166666666666665e-09
4212,2.6333333333333333e-09
4213,3.0833333333333332e-09
4214,2.8833333333333335e-09
4215,1.1e-09
4216,6e-10
4217,1.3333333333333333e-09
4218,9.333333333333332e-10
4219,2.566666666666667e-09
4220,8.5e-10
4221,1.2333333333333334e-09
4222,2.7166666666666666e-09
4223,2.3666666666666668e-09
4224,1.3499999999999999e-09
4225,1.0499999999999999e-09
4226,2.216666666666667e-09
4227,1.1e-09
4228,1.15e-09
4229,5.166666666666666e-10
4230,2.0833333333333334e-09
4231,2.45e-09
4232,8.5e-10
4233,1.2666666666666668e-09
4234,2.0833333333333334e-09
4235,1.45e-09
4236,1.2999999999999999e-09
4237,2.2666666666666667e-09
4238,9.333333333333332e-10
4239,9.833333333333332e-10
4240,1.6666666666666665e-09
4241,1.5333333333333334e-09
4242,1.95e-09
4243,1.6333333333333335e-09
4244,1.8e-09
4245,1.0499999999999999e-09
4246,1.0833333333333333e-09
4247,8.333333333333332e-10
4248,1.7166666666666665e-09
4249,2.1333333333333334e-09
4250,1.1666666666666668e-09
4251,1.6e-09
4252,1.2e-09
4253,1.6833333333333333e-09
4254,1.6333333333333335e-09
4255,2.5333333333333337e-09
4256,1.55e-09
4257,1.0499999999999999e-09
4258,1.5e-09
4259,1.2833333333333335e-09
4260,1.5666666666666666e-09
4261,1.75e-09
4262,1.3333333333333333e-09
4263,2.283333333333333e-09
4264,1.6166666666666667e-09
4265,1.4e-09
4266,1.65e-09
4267,1.5833333333333334e-09
4268,1.7333333333333333e-09
4269,2.2333333333333335e-09
4270,1.3166666666666667e-09
4271,1.0666666666666667e-09
4272,8.166666666666667e-10
4273,7.666666666666667e-10
4274,1.4e-09
4275,1.4166666666666665e-09
4276,7.5e-10
4277,1.65e-09
4278,1.0166666666666667e-09
4279,2.216666666666667e-09
4280,1.2999999999999999e-09
4281,1.5833333333333334e-09
4282,9.666666666666666e-10
4283,1.8e-09
4284,8.333333333333332e-10
4285,1.5e-09
4286,8.333333333333332e-10
4287,1.8333333333333334e-09
4288,2.6833333333333334e-09
4289,6.166666666666667e-10
4290,7.5e-10
4291,1.9666666666666665e-09
4292,3.2833333333333334e-09
4293,8e-10
4294,5.883333333333333e-09
4295,1.1833333333333334e-09
4296,2.1500000000000002e-09
4297,3.966666666666667e-09
4298,1.7833333333333334e-09
4299,3e-09
4300,2.4e-09
4301,2.8e-09
4302,2.9166666666666667e-09
4303,2.9166666666666667e-09
4304,1.6e-09
4305,3e-09
4306,1.5833333333333334e-09
4307,1.0833333333333333e-09
4308,2.8500000000000003e-09
4309,1.65e-09
4310,1.4166666666666665e-09
4311,1.3666666666666667e-09
4312,1.4333333333333333e-09
4313,3e-09
4314,3.45e-09
4315,2.6833333333333334e-09
4316,3.55e-09
4317,1.4333333333333333e-09
4318,1.15e-09
4319,1.15e-09
4320,1.0833333333333333e-09
4321,1.0833333333333333e-09
4322,1.0333333333333333e-09
4323,1.5666666666666666e-09
4324,1.3666666666666667e-09
4325,2.8666666666666667e-09
4326,1.0833333333333333e-09
4327,2.9500000000000004e-09
4328,1.3833333333333333e-09
4329,3e-09
4330,2.8666666666666667e-09
4331,2.9500000000000004e-09
4332,2.9166666666666667e-09
4333,1.1833333333333334e-09
4334,3.1333333333333333e-09
4335,3.1333333333333333e-09
4336,1.1e-09
4337,1.4e-09
4338,3.45e-09
4339,2.1500000000000002e-09
4340,1.5666666666666666e-09
4341,1.5833333333333334e-09
4342,3.3833333333333334e-09
4343,3.7e-09
4344,3.3e-09
4345,3.4666666666666667e-09
4346,1.2999999999999999e-09
4347,3.4666666666666667e-09
4348,1.4666666666666666e-09
4349,3.4666666666666667e-09
4350,1.4833333333333334e-09
4351,1.8166666666666666e-09
4352,1.4e-09
4353,1.25e-09
4354,1.7e-09
4355,1.4666666666666666e-09
4356,3.433333333333333e-09
4357,3.05e-09
4358,1.1e-09
4359,2.2666666666666667e-09
4360,3.1e-09
4361,1.85e-09
4362,2.0666666666666666e-09
4363,2.1833333333333334e-09
4364,1.8e-09
4365,1.6333333333333335e-09
4366,3.15e-09
4367,2.8166666666666667e-09
4368,2.4166666666666664e-09
4369,3.2833333333333334e-09
4370,2.9e-09
4371,1.7666666666666666e-09
4372,2.4833333333333332e-09
4373,2.1833333333333334e-09
4374,2.4833333333333332e-09
4375,2.3e-09
4376,2.5833333333333333e-09
4377,2.5166666666666665e-09
4378,2.4166666666666664e-09
4379,2.4166666666666664e-09
4380,1.95e-09
4381,2.1833333333333334e-09
4382,2.1666666666666666e-09
4383,2.116666666666667e-09
4384,2.4166666666666664e-09
4385,2.466666666666667e-09
4386,2.0833333333333334e-09
4387,2.116666666666667e-09
4388,3.0166666666666664e-09
4389,1.9166666666666665e-09
4390,2.25e-09
4391,2.9166666666666667e-09
4392,1.7333333333333333e-09
4393,2.0833333333333334e-09
4394,1.8166666666666666e-09
4395,1.85e-09
4396,1.6166666666666667e-09
4397,2.116666666666667e-09
4398,1.45e-09
4399,2.5999999999999997e-09
4400,1.6e-09
4401,2.6833333333333334e-09
4402,1.2e-09
4403,2.5333333333333337e-09
4404,2.1666666666666666e-09
4405,1.55e-09
4406,2.5999999999999997e-09
4407,2.8500000000000003e-09
4408,1.1166666666666667e-09
4409,1.2833333333333335e-09
4410,2.566666666666667e-09
4411,1.6166666666666667e-09
4412,1.65e-09
4413,2.9e-09
4414,2.5833333333333333e-09
4415,3e-09
4416,1.65e-09
4417,2.7833333333333334e-09
4418,2.6166666666666665e-09
4419,1.6666666666666665e-09
4420,2.9666666666666668e-09
4421,2.833333333333333e-09
4422,1.7333333333333333e-09
4423,1.85e-09
4424,2.5833333333333333e-09
4425,2.6166666666666665e-09
4426,1.45e-09
4427,1.2999999999999999e-09
4428,2.4e-09
4429,1.4166666666666665e-09
4430,2.4333333333333336e-09
4431,2.3166666666666663e-09
4432,2.6833333333333334e-09
4433,1.5833333333333334e-09
4434,1.9666666666666665e-09
4435,2.016666666666667e-09
4436,2.0833333333333334e-09
4437,1.85e-09
4438,2.2333333333333335e-09
4439,2.016666666666667e-09
4440,1.8e-09
4441,3.1166666666666665e-09
4442,2.0666666666666666e-09
4443,1.9666666666666665e-09
4444,1.6e-09
4445,2.2333333333333335e-09
4446,2.0666666666666666e-09
4447,2.1500000000000002e-09
4448,1.4666666666666666e-09
4449,1.7333333333333333e-09
4450,2.0833333333333334e-09
4451,2.7500000000000002e-09
4452,2.3e-09
4453,1.9666666666666665e-09
4454,2.0333333333333333e-09
4455,2.5999999999999997e-09
4456,2.6999999999999998e-09
4457,2.8500000000000003e-09
4458,3.05e-09
4459,2.2333333333333335e-09
4460,1.7666666666666666e-09
4461,2.2666666666666667e-09
4462,3.0833333333333332e-09
4463,2.116666666666667e-09
4464,2.6666666666666666e-09
4465,2.016666666666667e-09
4466,2.0833333333333334e-09
4467,1.75e-09
4468,1.6166666666666667e-09
4469,1.55e-09
4470,1.75e-09
4471,2.4333333333333336e-09
4472,1.6e-09
4473,1.9e-09
4474,2.4e-09
4475,1.85e-09
4476,1.55e-09
4477,1.9e-09
4478,1.7666666666666666e-09
4479,1.7666666666666666e-09
4480,1.9666666666666665e-09
4481,1.1666666666666668e-09
4482,1.9166666666666665e-09
4483,2.5833333333333333e-09
4484,2.3e-09
4485,1.8833333333333332e-09
4486,1.9666666666666665e-09
4487,1.6333333333333335e-09
4488,2.116666666666667e-09
4489,2.5166666666666665e-09
4490,3.3166666666666666e-09
4491,1.7833333333333334e-09
4492,3.4e-09
4493,3.4666666666666667e-09
4494,4.233333333333334e-09
4495,2.5e-09
4496,2.4e-09
4497,1.9166666666666665e-09
4498,2.9166666666666667e-09
4499,4.45e-09
4500,2.283333333333333e-09
4501,1.2833333333333335e-09
4502,1.6333333333333335e-09
4503,5.9333333333333335e-09
4504,2.35e-09
4505,1.45e-09
4506,2.05e-09
4507,1.4666666666666666e-09
4508,3.25e-09
4509,6.116666666666667e-09
4510,2.016666666666667e-09
4511,1.8833333333333332e-09
4512,5.016666666666667e-09
4513,4.916666666666666e-09
4514,5.666666666666666e-09
4515,5.433333333333333e-09
4516,3.7666666666666665e-09
4517,1.8833333333333332e-09
4518,2.9e-09
4519,3.1e-09
4520,2.4166666666666664e-09
4521,1.9333333333333333e-09
4522,3.2833333333333334e-09
4523,3.3e-09
4524,2.35e-09
4525,2.283333333333333e-09
4526,6.65e-09
4527,3.7166666666666664e-09
4528,1.95e-09
4529,3.4e-09
4530,4.85e-09
4531,3.75e-09
4532,3.85e-09
4533,1.8666666666666664e-09
4534,4.533333333333333e-09
4535,1.8333333333333334e-09
4536,1.8666666666666664e-09
4537,1.95e-09
4538,7.433333333333333e-09
4539,3.533333333333333e-09
4540,4.65e-09
4541,2.016666666666667e-09
4542,2.05e-09
4543,5.883333333333333e-09
4544,3.95e-09
4545,1.8666666666666664e-09
4546,2.7500000000000002e-09
4547,5.2833333333333335e-09
4548,5.5166666666666664e-09
4549,1.9666666666666665e-09
4550,3.5666666666666668e-09
4551,4.05e-09
4552,1.9666666666666665e-09
4553,1.65e-09
4554,2.5166666666666665e-09
4555,1.8166666666666666e-09
4556,3.25e-09
4557,3.833333333333333e-09
4558,6.15e-09
4559,4.1999999999999996e-09
4560,4.366666666666667e-09
4561,4.35e-09
4562,2.933333333333333e-09
4563,3.2e-09
4564,3.45e-09
4565,4.383333333333334e-09
4566,3.55e-09
4567,3.666666666666667e-09
4568,3.75e-09
4569,3.833333333333333e-09
4570,4.066666666666667e-09
4571,4.266666666666667e-09
4572,4.433333333333334e-09
4573,4.1e-09
4574,5.166666666666667e-09
4575,5.1999999999999994e-09
4576,3.966666666666667e-09
4577,4.116666666666666e-09
4578,5.7000000000000006e-09
4579,4.333333333333333e-09
4580,3.633333333333333e-09
4581,4.133333333333333e-09
4582,3.9833333333333334e-09
4583,5.2833333333333335e-09
4584,4.616666666666667e-09
4585,4.4166666666666665e-09
4586,4.716666666666667e-09
4587,4.25e-09
4588,5.316666666666666e-09
4589,4.05e-09
4590,6.516666666666666e-09
4591,4.35e-09
4592,7.616666666666667e-09
4593,4.35e-09
4594,5.5166666666666664e-09
4595,4.116666666666666e-09
4596,5.433333333333333e-09
4597,4.533333333333333e-09
4598,5.533333333333333e-09
4599,4.983333333333333e-09
4600,5.866666666666666e-09
4601,7.166666666666667e-09
4602,4.433333333333334e-09
4603,5.9499999999999995e-09
4604,5.549999999999999e-09
4605,4.266666666666667e-09
4606,3.883333333333333e-09
4607,4.15e-09
4608,3.666666666666667e-09
4609,4.833333333333333e-09
4610,4.883333333333333e-09
4611,5.5000000000000004e-09
4612,3.9999999999999994e-09
4613,4.833333333333333e-09
4614,4.166666666666667e-09
4615,4.7333333333333335e-09
4616,4.233333333333334e-09
4617,4.3166666666666664e-09
4618,4.983333333333333e-09
4619,4.9e-09
4620,4.933333333333334e-09
4621,4.8e-09
4622,4.366666666666667e-09
4623,4.45e-09
4624,3.966666666666667e-09
4625,4.7333333333333335e-09
4626,4.85e-09
4627,4.3166666666666664e-09
4628,4.983333333333333e-09
4629,3.933333333333333e-09
4630,3.6833333333333336e-09
4631,3.533333333333333e-09
4632,4.133333333333333e-09
4633,4.483333333333333e-09
4634,4.6e-09
4635,3.9833333333333334e-09
4636,4.016666666666667e-09
4637,5.216666666666667e-09
4638,4.083333333333333e-09
4639,4.666666666666667e-09
4640,5.016666666666667e-09
4641,3.85e-09
4642,5.3999999999999996e-09
4643,4.3166666666666664e-09
4644,4.166666666666667e-09
4645,5.05e-09
4646,5.016666666666667e-09
4647,5.033333333333333e-09
4648,4.783333333333334e-09
4649,5e-09
4650,3.783333333333333e-09
4651,4.066666666666667e-09
4652,4.083333333333333e-09
4653,4.133333333333333e-09
4654,4.066666666666667e-09
4655,4.583333333333334e-09
4656,3.9999999999999994e-09
4657,4.7e-09
4658,4.466666666666667e-09
4659,4.283333333333333e-09
4660,4.283333333333333e-09
4661,4.016666666666667e-09
4662,4.433333333333334e-09
4663,4.15e-09
4664,4.05e-09
4665,4.683333333333333e-09
4666,4.566666666666666e-09
4667,4.433333333333334e-09
4668,4.55e-09
4669,4.35e-09
4670,5.316666666666666e-09
4671,4.7333333333333335e-09
4672,4.133333333333333e-09
4673,4.033333333333334e-09
4674,4.233333333333334e-09
4675,4.05e-09
4676,3.95e-09
4677,3.883333333333333e-09
4678,3.6e-09
4679,3.4e-09
4680,3.816666666666667e-09
4681,4.466666666666667e-09
4682,4.5166666666666666e-09
4683,3.9e-09
4684,4.083333333333333e-09
4685,3.883333333333333e-09
4686,4.133333333333333e-09
4687,3.15e-09
4688,4.4e-09
4689,4.566666666666666e-09
4690,3.1166666666666665e-09
4691,4.3166666666666664e-09
4692,5.05e-09
4693,4.45e-09
4694,4.6e-09
4695,4.166666666666667e-09
4696,2.8666666666666667e-09
4697,2.566666666666667e-09
4698,2.5999999999999997e-09
4699,4.133333333333333e-09
4700,2.9166666666666667e-09
4701,2.8e-09
4702,2.5999999999999997e-09
4703,4.15e-09
4704,2.6999999999999998e-09
4705,3.1166666666666665e-09
4706,2.3666666666666668e-09
4707,2.4333333333333336e-09
4708,2.5166666666666665e-09
4709,2.5166666666666665e-09
4710,3.3166666666666666e-09
4711,2.9500000000000004e-09
4712,4.283333333333333e-09
4713,4.066666666666667e-09
4714,2.6833333333333334e-09
4715,3.733333333333333e-09
4716,3.6166666666666668e-09
4717,3.8666666666666665e-09
4718,2.3333333333333335e-09
4719,3.633333333333333e-09
4720,3.433333333333333e-09
4721,3.8e-09
4722,2.5166666666666665e-09
4723,2.3e-09
4724,2.833333333333333e-09
4725,3.1333333333333333e-09
4726,3.633333333333333e-09
4727,3.45e-09
4728,3.75e-09
4729,5.3e-09
4730,3.816666666666667e-09
4731,4.033333333333334e-09
4732,4.233333333333334e-09
4733,3.6166666666666668e-09
4734,3.3666666666666666e-09
4735,3.7666666666666665e-09
4736,4.166666666666667e-09
4737,3.2e-09
4738,3.3833333333333334e-09
4739,3.2333333333333333e-09
4740,4.1e-09
4741,3.2166666666666665e-09
4742,3.55e-09
4743,4.016666666666667e-09
4744,4.133333333333333e-09
4745,3.2166666666666665e-09
4746,4.1999999999999996e-09
4747,3.25e-09
4748,2.983333333333333e-09
4749,3.9999999999999994e-09
4750,3.8e-09
4751,3.6833333333333336e-09
4752,3.2333333333333333e-09
4753,3.15e-09
4754,3.9833333333333334e-09
4755,3.916666666666667e-09
4756,3.9e-09
4757,2.8500000000000003e-09
4758,3.783333333333333e-09
4759,3.7e-09
4760,2.7666666666666666e-09
4761,3.75e-09
4762,2.7166666666666666e-09
4763,3.833333333333333e-09
4764,2.8166666666666667e-09
4765,2.65e-09
4766,2.8500000000000003e-09
4767,2.7833333333333334e-09
4768,3.4666666666666667e-09
4769,3.5e-09
4770,2.7666666666666666e-09
4771,3.3166666666666666e-09
4772,3.066666666666667e-09
4773,2.8e-09
4774,2.7166666666666666e-09
4775,2.7500000000000002e-09
4776,2.6166666666666665e-09
4777,3.266666666666667e-09
4778,2.566666666666667e-09
4779,4.833333333333333e-09
4780,2.8666666666666667e-09
4781,2.8166666666666667e-09
4782,4.016666666666667e-09
4783,2.6166666666666665e-09
4784,3.3e-09
4785,3.95e-09
4786,4.433333333333334e-09
4787,2.25e-09
4788,3.9999999999999994e-09
4789,2.1500000000000002e-09
4790,3.3e-09
4791,3.066666666666667e-09
4792,2.216666666666667e-09
4793,3.95e-09
4794,3.883333333333333e-09
4795,4.55e-09
4796,3.7e-09
4797,1.9999999999999997e-09
4798,1.8333333333333334e-09
4799,2.983333333333333e-09
4800,3.05e-09
4801,3.166666666666667e-09
4802,2.6166666666666665e-09
4803,1.7666666666666666e-09
4804,3.1333333333333333e-09
4805,4.05e-09
4806,1.9333333333333333e-09
4807,2.1666666666666666e-09
4808,3.433333333333333e-09
4809,1.9333333333333333e-09
4810,3.3e-09
4811,3.966666666666667e-09
4812,3.966666666666667e-09
4813,2.65e-09
4814,3.783333333333333e-09
4815,2.4333333333333336e-09
4816,1.9e-09
4817,3.433333333333333e-09
4818,3.833333333333333e-09
4819,2.1666666666666666e-09
4820,2.5166666666666665e-09
4821,3.0833333333333332e-09
4822,2.7500000000000002e-09
4823,3.633333333333333e-09
4824,1.9999999999999997e-09
4825,1.8166666666666666e-09
4826,2.4166666666666664e-09
4827,2.5999999999999997e-09
4828,3.85e-09
4829,6.35e-09
4830,2.6833333333333334e-09
4831,3.3500000000000002e-09
4832,2.8500000000000003e-09
4833,3.5e-09
4834,3.5833333333333336e-09
4835,2.4e-09
4836,3.7666666666666665e-09
4837,3.95e-09
4838,2.25e-09
4839,3.6166666666666668e-09
4840,2.6333333333333333e-09
4841,2.2e-09
4842,2.45e-09
4843,3.65e-09
4844,3.5166666666666667e-09
4845,3.3500000000000002e-09
4846,2.55e-09
4847,2.45e-09
4848,4.3166666666666664e-09
4849,3.433333333333333e-09
4850,4.1999999999999996e-09
4851,3.75e-09
4852,4.1999999999999996e-09
4853,4.9e-09
4854,3.933333333333333e-09
4855,2.466666666666667e-09
4856,3.7666666666666665e-09
4857,4.05e-09
4858,1.75e-09
4859,4.25e-09
4860,3.3833333333333334e-09
4861,1.9333333333333333e-09
4862,3.7166666666666664e-09
4863,2.0666666666666666e-09
4864,3.4666666666666667e-09
4865,1.7333333333333333e-09
4866,2.55e-09
4867,3.883333333333333e-09
4868,2.55e-09
4869,2.6666666666666666e-09
4870,3.916666666666667e-09
4871,2.933333333333333e-09
4872,3.85e-09
4873,4.116666666666666e-09
4874,6.783333333333333e-09
4875,3.033333333333333e-09
4876,3.7e-09
4877,3.9e-09
4878,2.1833333333333334e-09
4879,3.6833333333333336e-09
4880,3.7e-09
4881,3.883333333333333e-09
4882,3.833333333333333e-09
4883,2.7666666666666666e-09
4884,4.7333333333333335e-09
4885,2.8500000000000003e-09
4886,2.8166666666666667e-09
4887,7.683333333333334e-09
4888,3.5166666666666667e-09
4889,9.566666666666668e-09
4890,2.4e-09
4891,2.4833333333333332e-09
4892,2.9500000000000004e-09
4893,3.7e-09
4894,2.0999999999999998e-09
4895,2.9e-09
4896,2.6166666666666665e-09
4897,3.333333333333333e-09
4898,3.5e-09
4899,4.4166666666666665e-09
4900,3.5166666666666667e-09
4901,2.933333333333333e-09
4902,2.2e-09
4903,3.066666666666667e-09
4904,2.9500000000000004e-09
4905,3.3833333333333334e-09
4906,2.116666666666667e-09
4907,3.4666666666666667e-09
4908,2.466666666666667e-09
4909,4.1833333333333336e-09
4910,2.833333333333333e-09
4911,4.283333333333333e-09
4912,4.166666666666667e-09
4913,3.2833333333333334e-09
4914,3.3500000000000002e-09
4915,2.6333333333333333e-09
4916,2.983333333333333e-09
4917,2.5333333333333337e-09
4918,3.4166666666666667e-09
4919,3.2166666666666665e-09
4920,2.5166666666666665e-09
4921,4.116666666666666e-09
4922,2.8666666666666667e-09
4923,3.65e-09
4924,3.6166666666666668e-09
4925,3.3e-09
4926,3.633333333333333e-09
4927,3.15e-09
4928,3.066666666666667e-09
4929,3.1e-09
4930,4.216666666666666e-09
4931,3.1333333333333333e-09
4932,4.083333333333333e-09
4933,3.75e-09
4934,4.333333333333333e-09
4935,4.083333333333333e-09
4936,4.5e-09
4937,2.6999999999999998e-09
4938,2.7500000000000002e-09
4939,2.6166666666666665e-09
4940,2.5e-09
4941,2.5833333333333333e-09
4942,4.05e-09
4943,2.5e-09
4944,2.466666666666667e-09
4945,4.783333333333334e-09
4946,2.5999999999999997e-09
4947,4.116666666666666e-09
4948,4.55e-09
4949,4.466666666666667e-09
4950,2.1333333333333334e-09
4951,5.066666666666667e-09
4952,3.1833333333333333e-09
4953,2.283333333333333e-09
4954,4.483333333333333e-09
4955,4.6e-09
4956,3.1166666666666665e-09
4957,2.0666666666666666e-09
4958,4.383333333333334e-09
4959,2.8666666666666667e-09
4960,2.05e-09
4961,4.766666666666666e-09
4962,2.383333333333333e-09
4963,1.5833333333333334e-09
4964,1.9999999999999997e-09
4965,4.1833333333333336e-09
4966,2.0999999999999998e-09
4967,4.7e-09
4968,4.533333333333333e-09
4969,4.466666666666667e-09
4970,2.55e-09
4971,5.1833333333333334e-09
4972,2.4e-09
4973,1.95e-09
4974,1.9e-09
4975,2.6166666666666665e-09
4976,5.016666666666667e-09
4977,6.833333333333333e-09
4978,3.1166666666666665e-09
4979,2.0333333333333333e-09
4980,4.883333333333333e-09
4981,2.8e-09
4982,4.3000000000000005e-09
4983,5.1833333333333334e-09
4984,2.6166666666666665e-09
4985,4.916666666666666e-09
4986,2.1666666666666666e-09
4987,2.466666666666667e-09
4988,4.5e-09
4989,4.716666666666667e-09
4990,3.1e-09
4991,2.8e-09
4992,3.6166666666666668e-09
4993,3.1333333333333333e-09
4994,2.116666666666667e-09
4995,3.0833333333333332e-09
4996,5.1999999999999994e-09
4997,4.3000000000000005e-09
4998,4.816666666666667e-09
4999,3.05e-09
5000,4.616666666666667e-09
5001,5.3833333333333336e-09
5002,2.65e-09
5003,4.483333333333333e-09
5004,2.6166666666666665e-09
5005,5.2833333333333335e-09
5006,5.3833333333333336e-09
5007,4.116666666666666e-09
5008,5.1999999999999994e-09
5009,5.15e-09
5010,4.3166666666666664e-09
5011,2.9166666666666667e-09
5012,2.933333333333333e-09
5013,4.4e-09
5014,4.433333333333334e-09
5015,2.6333333333333333e-09
5016,7.1333333333333335e-09
5017,4.133333333333333e-09
5018,3.066666666666667e-09
5019,4.533333333333333e-09
5020,3.9833333333333334e-09
5021,2.5e-09
5022,2.45e-09
5023,3.9e-09
5024,4.633333333333333e-09
5025,2.4e-09
5026,2.8833333333333335e-09
5027,3.9999999999999994e-09
5028,2.35e-09
5029,3.85e-09
5030,3.533333333333333e-09
5031,3.95e-09
5032,3.75e-09
5033,2.05e-09
5034,4.1999999999999996e-09
5035,2.0999999999999998e-09
5036,3.75e-09
5037,3.833333333333333e-09
5038,1.8666666666666664e-09
5039,3.6e-09
5040,5.966666666666666e-09
5041,3.6e-09
5042,3.666666666666667e-09
5043,2.016666666666667e-09
5044,3.5666666666666668e-09
5045,1.5166666666666666e-09
5046,1.8e-09
5047,3.4e-09
5048,4.766666666666666e-09
5049,1.3833333333333333e-09
5050,3.45e-09
5051,3.95e-09
5052,1.6666666666666665e-09
5053,1.4333333333333333e-09
5054,3.5e-09
5055,3.833333333333333e-09
5056,3.6833333333333336e-09
5057,4.383333333333334e-09
5058,3.4833333333333335e-09
5059,1.2666666666666668e-09
5060,4.166666666666667e-09
5061,1.2833333333333335e-09
5062,2.016666666666667e-09
5063,3.8666666666666665e-09
5064,6.633333333333333e-09
5065,1.4666666666666666e-09
5066,3.633333333333333e-09
5067,1.4833333333333334e-09
5068,3.3500000000000002e-09
5069,7.833333333333333e-10
5070,3.4e-09
5071,4.216666666666666e-09
5072,4.6e-09
5073,4.833333333333333e-09
5074,3.7166666666666664e-09
5075,5.833333333333334e-10
5076,3.883333333333333e-09
5077,5.549999999999999e-09
5078,3.2e-09
5079,3.2166666666666665e-09
5080,1.2e-09
5081,7.833333333333333e-10
5082,1.2e-09
5083,3.3833333333333334e-09
5084,6.166666666666667e-10
5085,4.166666666666666e-10
5086,2.8166666666666667e-09
5087,1.45e-09
5088,1.1666666666666668e-09
5089,2.5999999999999997e-09
5090,8.833333333333333e-10
5091,1.1e-09
5092,1.3499999999999999e-09
5093,1.0166666666666667e-09
5094,3.15e-09
5095,1.2333333333333334e-09
5096,3.633333333333333e-09
5097,8.833333333333333e-10
5098,3.7e-09
5099,3.066666666666667e-09
5100,4.75e-09
5101,1.4833333333333334e-09
5102,3.1333333333333333e-09
5103,4.85e-09
5104,2.45e-09
5105,3.15e-09
5106,1.1666666666666668e-09
5107,4.566666666666666e-09
5108,1.2166666666666668e-09
5109,1.9333333333333333e-09
5110,3.5666666666666668e-09
5111,4.1e-09
5112,3.3833333333333334e-09
5113,3.433333333333333e-09
5114,1.1333333333333333e-09
5115,4.016666666666667e-09
5116,1.2833333333333335e-09
5117,3.7166666666666664e-09
5118,3.9999999999999994e-09
5119,1.1333333333333333e-09
5120,1.1833333333333334e-09
5121,1.2833333333333335e-09
5122,1.2833333333333335e-09
5123,3.633333333333333e-09
5124,3.4666666666666667e-09
5125,1.6666666666666665e-09
5126,1.1e-09
5127,1.6166666666666667e-09
5128,9.999999999999999e-10
5129,3.3166666666666666e-09
5130,1.3333333333333333e-09
5131,3e-09
5132,3.033333333333333e-09
5133,7.666666666666667e-10
5134,3.0833333333333332e-09
5135,2.9e-09
5136,2.7333333333333334e-09
5137,9.833333333333332e-10
5138,1.8e-09
5139,1.15e-09
5140,9.5e-10
5141,2.8666666666666667e-09
5142,7.833333333333333e-10
5143,1.4666666666666666e-09
5144,1.7166666666666665e-09
5145,1.1e-09
5146,8.5e-10
5147,1.8e-09
5148,3.9833333333333334e-09
5149,1.8666666666666664e-09
5150,1.9833333333333333e-09
5151,2.4166666666666664e-09
5152,2.7500000000000002e-09
5153,2.4333333333333336e-09
5154,2.6333333333333333e-09
5155,1.5e-09
5156,2.8833333333333335e-09
5157,2.9e-09
5158,3.45e-09
5159,1.4166666666666665e-09
5160,2.5166666666666665e-09
5161,1.55e-09
5162,1.6666666666666665e-09
5163,1.25e-09
5164,1.8666666666666664e-09
5165,2.983333333333333e-09
5166,2.3e-09
5167,2.833333333333333e-09
5168,1.75e-09
5169,2.4e-09
5170,1.3166666666666667e-09
5171,1.5333333333333334e-09
5172,2.55e-09
5173,2.933333333333333e-09
5174,2.6166666666666665e-09
5175,1.5833333333333334e-09
5176,3.1166666666666665e-09
5177,1.0333333333333333e-09
5178,1.6333333333333335e-09
5179,2.2333333333333335e-09
5180,1.2833333333333335e-09
5181,1.3666666666666667e-09
5182,1.7666666666666666e-09
5183,2.3666666666666668e-09
5184,1.5e-09
5185,2.3e-09
5186,2.6166666666666665e-09
5187,2.4166666666666664e-09
5188,1.2166666666666668e-09
5189,2.5833333333333333e-09
5190,2.383333333333333e-09
5191,2.3166666666666663e-09
5192,1.9666666666666665e-09
5193,1.7166666666666665e-09
5194,2.3166666666666663e-09
5195,2.466666666666667e-09
5196,2.4333333333333336e-09
5197,2.3333333333333335e-09
5198,1.6666666666666665e-09
5199,2.4333333333333336e-09
5200,1.7333333333333333e-09
5201,1.7833333333333334e-09
5202,2.5999999999999997e-09
5203,2.5333333333333337e-09
5204,1.9333333333333333e-09
5205,1.9999999999999997e-09
5206,1.2833333333333335e-09
5207,2.5333333333333337e-09
5208,1.4833333333333334e-09
5209,2.8833333333333335e-09
5210,2.4333333333333336e-09
5211,1.8833333333333332e-09
5212,2.5e-09
5213,1.1333333333333333e-09
5214,1.9e-09
5215,1.1666666666666668e-09
5216,1.9166666666666665e-09
5217,1.8833333333333332e-09
5218,2.566666666666667e-09
5219,2.25e-09
5220,1.5833333333333334e-09
5221,1.5166666666666666e-09
5222,1.7333333333333333e-09
5223,1.5333333333333334e-09
5224,2.0333333333333333e-09
5225,1.4e-09
5226,1.3499999999999999e-09
5227,1.7666666666666666e-09
5228,1.95e-09
5229,1.7833333333333334e-09
5230,1.6833333333333333e-09
5231,1.6333333333333335e-09
5232,1.4666666666666666e-09
5233,1.5166666666666666e-09
5234,1.3666666666666667e-09
5235,1.4e-09
5236,1.2166666666666668e-09
5237,1.7e-09
5238,1.65e-09
5239,1.4666666666666666e-09
5240,1.5833333333333334e-09
5241,8e-10
5242,1.5833333333333334e-09
5243,1.0499999999999999e-09
5244,6.499999999999999e-10
5245,1.15e-09
5246,9.333333333333332e-10
5247,1.6833333333333333e-09
5248,9.333333333333332e-10
5249,1.1166666666666667e-09
5250,9.333333333333332e-10
5251,9.333333333333332e-10
5252,1.5833333333333334e-09
5253,1.6e-09
5254,1.0166666666666667e-09
5255,9.333333333333332e-10
5256,6.333333333333334e-10
5257,1.1333333333333333e-09
5258,6.166666666666667e-10
5259,1.1166666666666667e-09
5260,7e-10
5261,5.166666666666666e-10
5262,8.166666666666667e-10
5263,8.833333333333333e-10
5264,4.166666666666666e-10
5265,8.833333333333333e-10
5266,1.95e-09
5267,1.1166666666666667e-09
5268,1.9666666666666665e-09
5269,1.1e-09
5270,1.4333333333333333e-09
5271,2.666666666666667e-10
5272,6.333333333333334e-10
5273,1.15e-09
5274,1.8666666666666664e-09
5275,1.95e-09
5276,1.9166666666666665e-09
5277,1.7333333333333333e-09
5278,1.7833333333333334e-09
5279,1.5833333333333334e-09
5280,9.333333333333332e-10
5281,1.8166666666666666e-09
5282,1.3333333333333333e-09
5283,1.7166666666666665e-09
5284,1.2e-09
5285,9e-10
5286,1.4166666666666665e-09
5287,1.5666666666666666e-09
5288,1.3833333333333333e-09
5289,1.2166666666666668e-09
5290,1.25e-09
5291,1.6833333333333333e-09
5292,1.25e-09
5293,2.4e-09
5294,1.2833333333333335e-09
5295,8.666666666666667e-10
5296,9.833333333333332e-10
5297,6.499999999999999e-10
5298,1.65e-09
5299,1.4166666666666665e-09
5300,8.5e-10
5301,1.6833333333333333e-09
5302,2.4166666666666664e-09
5303,3.333333333333333e-10
5304,8.166666666666667e-10
5305,1.7333333333333333e-09
5306,9.166666666666667e-10
5307,1.2333333333333334e-09
5308,1.3333333333333333e-09
5309,2.3e-09
5310,2.6166666666666665e-09
5311,1.1333333333333333e-09
5312,1.2666666666666668e-09
5313,1.7833333333333334e-09
5314,1.1666666666666668e-09
5315,1.1833333333333334e-09
5316,1.1333333333333333e-09
5317,2.116666666666667e-09
5318,9.166666666666667e-10
5319,1.7166666666666665e-09
5320,1.1666666666666668e-09
5321,1.9833333333333333e-09
5322,2.1333333333333334e-09
5323,1.6666666666666665e-09
5324,6.666666666666666e-10
5325,1.5833333333333334e-09
5326,1.3833333333333333e-09
5327,7.333333333333333e-10
5328,2.4e-09
5329,1.2166666666666668e-09
5330,1.4833333333333334e-09
5331,1.3833333333333333e-09
5332,1.5333333333333334e-09
5333,2.1833333333333334e-09
5334,1.1833333333333334e-09
5335,2.1500000000000002e-09
5336,1.6666666666666665e-09
5337,1.85e-09
5338,2.1666666666666666e-09
5339,1.1666666666666668e-09
5340,2.0333333333333333e-09
5341,1.4666666666666666e-09
5342,1.3666666666666667e-09
5343,1.3499999999999999e-09
5344,1.4e-09
5345,1.4166666666666665e-09
5346,2.116666666666667e-09
5347,1.1833333333333334e-09
5348,1.7666666666666666e-09
5349,1.5333333333333334e-09
5350,2.2666666666666667e-09
5351,3.4e-09
5352,2.3333333333333335e-09
5353,1.7333333333333333e-09
5354,1.55e-09
5355,1.7333333333333333e-09
5356,2.25e-09
5357,8.5e-10
5358,1.4833333333333334e-09
5359,1.7833333333333334e-09
5360,1.4e-09
5361,2.466666666666667e-09
5362,1.2333333333333334e-09
5363,1.9999999999999997e-09
5364,3.5666666666666668e-09
5365,1.1833333333333334e-09
5366,2.5e-09
5367,1.2166666666666668e-09
5368,1.15e-09
5369,2.1500000000000002e-09
5370,1.1333333333333333e-09
5371,1.6833333333333333e-09
5372,2.25e-09
5373,2.1666666666666666e-09
5374,2.466666666666667e-09
5375,1.5e-09
5376,1.5e-09
5377,1.6833333333333333e-09
5378,1.6e-09
5379,2.0666666666666666e-09
5380,2.6999999999999998e-09
5381,2.0999999999999998e-09
5382,1.5333333333333334e-09
5383,1.6666666666666665e-09
5384,1.8666666666666664e-09
5385,1.6833333333333333e-09
5386,1.4666666666666666e-09
5387,2.2e-09
5388,1.1166666666666667e-09
5389,2.383333333333333e-09
5390,1.3166666666666667e-09
5391,1.55e-09
5392,1.5333333333333334e-09
5393,2.0833333333333334e-09
5394,1.4166666666666665e-09
5395,1.5166666666666666e-09
5396,2.016666666666667e-09
5397,1.8666666666666664e-09
5398,1.8833333333333332e-09
5399,1.6666666666666665e-09
5400,1.3833333333333333e-09
5401,2.0333333333333333e-09
5402,2.0833333333333334e-09
5403,1.5166666666666666e-09
5404,2.0333333333333333e-09
5405,2.0833333333333334e-09
5406,1.4833333333333334e-09
5407,2.1500000000000002e-09
5408,1.5833333333333334e-09
5409,1.45e-09
5410,2.3e-09
5411,1.3333333333333333e-09
5412,2.2666666666666667e-09
5413,1.3166666666666667e-09
5414,1.3833333333333333e-09
5415,2.05e-09
5416,2.0666666666666666e-09
5417,1.7666666666666666e-09
5418,1.7166666666666665e-09
5419,1.45e-09
5420,1.8333333333333334e-09
5421,1.2999999999999999e-09
5422,1.7833333333333334e-09
5423,1.7e-09
5424,3.1833333333333333e-09
5425,1.7166666666666665e-09
5426,1.5166666666666666e-09
5427,2.8e-09
5428,1.9833333333333333e-09
5429,1.4166666666666665e-09
5430,1.4833333333333334e-09
5431,1.2e-09
5432,1.5166666666666666e-09
5433,1.5666666666666666e-09
5434,2.016666666666667e-09
5435,1.85e-09
5436,1.3166666666666667e-09
5437,1.4e-09
5438,1.9666666666666665e-09
5439,1.45e-09
5440,2.4e-09
5441,2.8500000000000003e-09
5442,1.3499999999999999e-09
5443,2.6833333333333334e-09
5444,1.4666666666666666e-09
5445,3.0833333333333332e-09
5446,2.4e-09
5447,2.1666666666666666e-09
5448,1.2666666666666668e-09
5449,1.3499999999999999e-09
5450,1.1333333333333333e-09
5451,2.833333333333333e-09
5452,2.383333333333333e-09
5453,2.4166666666666664e-09
5454,9.666666666666666e-10
5455,2.216666666666667e-09
5456,8.833333333333333e-10
5457,2.45e-09
5458,2.1333333333333334e-09
5459,8.5e-10
5460,4.999999999999999e-10
5461,4.833333333333333e-10
5462,9.166666666666667e-10
5463,1.3499999999999999e-09
5464,1.0666666666666667e-09
5465,1.9999999999999997e-09
5466,1.0833333333333333e-09
5467,9.833333333333332e-10
5468,1.4e-09
5469,1.0499999999999999e-09
5470,1.5333333333333334e-09
5471,8.666666666666667e-10
5472,1.4e-09
5473,2.3333333333333335e-09
5474,1.5666666666666666e-09
5475,2.5166666666666665e-09
5476,1.0499999999999999e-09
5477,7.5e-10
5478,2.6166666666666665e-09
5479,9.999999999999999e-10
5480,2.05e-09
5481,1.0666666666666667e-09
5482,2.1500000000000002e-09
5483,1.0166666666666667e-09
5484,1.2666666666666668e-09
5485,1.95e-09
5486,1.9833333333333333e-09
5487,3.266666666666667e-09
5488,3.533333333333333e-09
5489,2.6333333333333333e-09
5490,2.2666666666666667e-09
5491,3.1833333333333333e-09
5492,1.0499999999999999e-09
5493,2.5999999999999997e-09
5494,1.55e-09
5495,3.2e-09
5496,8.833333333333333e-10
5497,1.8833333333333332e-09
5498,3.15e-09
5499,1.3333333333333334e-10
5500,1.6666666666666665e-09
5501,2.35e-09
5502,7.166666666666667e-10
5503,2.4e-09
5504,3.25e-09
5505,5.5e-10
5506,2.2e-09
5507,2.8166666666666667e-09
5508,1.7166666666666665e-09
5509,2.3333333333333335e-09
5510,7.5e-10
5511,1.1166666666666667e-09
5512,7.5e-10
5513,1.25e-09
5514,1.25e-09
5515,1.7833333333333334e-09
5516,1.4e-09
5517,3e-09
5518,2.3666666666666668e-09
5519,1.1833333333333334e-09
5520,1.4e-09
5521,1.2999999999999999e-09
5522,1.4833333333333334e-09
5523,2.05e-09
5524,1.1666666666666668e-09
5525,2.016666666666667e-09
5526,1.8666666666666664e-09
5527,1.3166666666666667e-09
5528,1.9999999999999997e-09
5529,1.3333333333333333e-09
5530,8e-10
5531,1.75e-09
5532,8.5e-10
5533,1.4833333333333334e-09
5534,1.1833333333333334e-09
5535,1.8666666666666664e-09
5536,2.25e-09
5537,1.5e-09
5538,1.3166666666666667e-09
5539,1.4333333333333333e-09
5540,1.8166666666666666e-09
5541,1.8333333333333334e-09
5542,1.4833333333333334e-09
5543,1.5833333333333334e-09
5544,1.3833333333333333e-09
5545,1.6166666666666667e-09
5546,1.8833333333333332e-09
5547,1.4166666666666665e-09
5548,1.7e-09
5549,1.7166666666666665e-09
5550,1.6666666666666665e-09
5551,1.1166666666666667e-09
5552,2.216666666666667e-09
5553,1.45e-09
5554,1.15e-09
5555,1.5333333333333334e-09
5556,1.9e-09
5557,1.8166666666666666e-09
5558,1.5e-09
5559,1.4666666666666666e-09
5560,2.116666666666667e-09
5561,1.5166666666666666e-09
5562,1.9666666666666665e-09
5563,1.3833333333333333e-09
5564,1.95e-09
5565,1.8333333333333334e-09
5566,2.5999999999999997e-09
5567,2.0333333333333333e-09
5568,3.916666666666667e-09
5569,1.8833333333333332e-09
5570,1.5e-09
5571,2.1833333333333334e-09
5572,1.0666666666666667e-09
5573,2.0833333333333334e-09
5574,1.9166666666666665e-09
5575,2.3e-09
5576,2.7666666666666666e-09
5577,1.3499999999999999e-09
5578,1.4166666666666665e-09
5579,1.8333333333333334e-09
5580,1.4e-09
5581,3.0166666666666664e-09
5582,2.2666666666666667e-09
5583,1.2333333333333334e-09
5584,2.6999999999999998e-09
5585,9.5e-10
5586,9.666666666666666e-10
5587,1.8166666666666666e-09
5588,1.2333333333333334e-09
5589,2.1666666666666666e-09
5590,1.85e-09
5591,1.1666666666666668e-09
5592,2.3166666666666663e-09
5593,2.283333333333333e-09
5594,2.2666666666666667e-09
5595,1.1833333333333334e-09
5596,2.6999999999999998e-09
5597,1.7666666666666666e-09
5598,1.8166666666666666e-09
5599,1.4833333333333334e-09
5600,1.6833333333333333e-09
5601,1.9999999999999997e-09
5602,1.6166666666666667e-09
5603,1.5833333333333334e-09
5604,1.4666666666666666e-09
5605,1.7333333333333333e-09
5606,1.8666666666666664e-09
5607,2.05e-09
5608,1.4333333333333333e-09
5609,1.8e-09
5610,1.2666666666666668e-09
5611,1.9666666666666665e-09
5612,1.6833333333333333e-09
5613,1.3666666666666667e-09
5614,1.2e-09
5615,1.3833333333333333e-09
5616,1.3666666666666667e-09
5617,1.5166666666666666e-09
5618,1.2166666666666668e-09
5619,1.5666666666666666e-09
5620,1.85e-09
5621,9.833333333333332e-10
5622,9.833333333333332e-10
5623,1.6166666666666667e-09
5624,1.15e-09
5625,9.999999999999999e-10
5626,1.1333333333333333e-09
5627,1.0499999999999999e-09
5628,1.3833333333333333e-09
5629,1.5666666666666666e-09
5630,1.6333333333333335e-09
5631,8.333333333333332e-10
5632,1.2666666666666668e-09
5633,1.2333333333333334e-09
5634,9.5e-10
5635,1.1e-09
5636,1.2333333333333334e-09
5637,1.0333333333333333e-09
5638,1.0833333333333333e-09
5639,7.5e-10
5640,8e-10
5641,8.833333333333333e-10
5642,8.333333333333332e-10
5643,5.666666666666667e-10
5644,1.8166666666666666e-09
5645,6.666666666666666e-10
5646,8.166666666666667e-10
5647,9.166666666666667e-10
5648,1.65e-09
5649,5.833333333333334e-10
5650,5.666666666666667e-10
5651,4.999999999999999e-10
5652,9.999999999999999e-10
5653,3.333333333333333e-10
5654,7.666666666666667e-10
5655,9e-10
5656,1.2e-09
5657,4.5e-10
5658,7.166666666666667e-10
5659,8.333333333333332e-10
5660,1.2999999999999999e-09
5661,5.5e-10
5662,4.166666666666666e-10
5663,9.833333333333332e-10
5664,3.166666666666667e-10
5665,4e-10
5666,8e-10
5667,5.833333333333334e-10
5668,5.666666666666667e-10
5669,6.666666666666666e-10
5670,8.166666666666667e-10
5671,3.333333333333333e-10
5672,8.833333333333333e-10
5673,7.166666666666667e-10
5674,6.833333333333334e-10
5675,3.333333333333333e-10
5676,7e-10
5677,6.166666666666667e-10
5678,1.0333333333333333e-09
5679,5.166666666666666e-10
5680,1.8e-09
5681,5.833333333333334e-10
5682,8.166666666666667e-10
5683,5.333333333333334e-10
5684,1.7e-09
5685,5.333333333333334e-10
5686,8.666666666666667e-10
5687,7.666666666666667e-10
5688,1.0833333333333333e-09
5689,7.666666666666667e-10
5690,7.5e-10
5691,4.5e-10
5692,1.0333333333333333e-09
5693,1.5833333333333334e-09
5694,8.5e-10
5695,1.7e-09
5696,1.6166666666666667e-09
5697,5.5e-10
5698,8.333333333333332e-10
5699,1.2333333333333334e-09
5700,6.166666666666667e-10
5701,4.666666666666666e-10
5702,6.666666666666666e-10
5703,9.5e-10
5704,7.333333333333333e-10
5705,9e-10
5706,5.833333333333334e-10
5707,9.999999999999999e-10
5708,1.15e-09
5709,1.5333333333333334e-09
5710,6.499999999999999e-10
5711,1.4333333333333333e-09
5712,2.45e-09
5713,1.3499999999999999e-09
5714,1.6166666666666667e-09
5715,4.5e-10
5716,2.2e-09
5717,9.833333333333332e-10
5718,1.5e-09
5719,1.8833333333333332e-09
5720,1.0666666666666667e-09
5721,1.9833333333333333e-09
5722,1.1166666666666667e-09
5723,1.0166666666666667e-09
5724,1.8833333333333332e-09
5725,1.6833333333333333e-09
5726,1.5166666666666666e-09
5727,1.7833333333333334e-09
5728,8.333333333333332e-10
5729,1.7666666666666666e-09
5730,1.65e-09
5731,1.4833333333333334e-09
5732,1.1666666666666668e-09
5733,1.3666666666666667e-09
5734,1.3833333333333333e-09
5735,1.4e-09
5736,1.2999999999999999e-09
5737,1.2e-09
5738,1.1833333333333334e-09
5739,1.2e-09
5740,1.1166666666666667e-09
5741,1.7666666666666666e-09
5742,1.1333333333333333e-09
5743,1.2166666666666668e-09
5744,1.3833333333333333e-09
5745,1.2e-09
5746,1.2e-09
5747,9.333333333333332e-10
5748,1.25e-09
5749,1.4e-09
5750,8.333333333333332e-10
5751,1.2333333333333334e-09
5752,1.6833333333333333e-09
5753,1.95e-09
5754,9e-10
5755,1.9833333333333333e-09
5756,6.333333333333334e-10
5757,1.2833333333333335e-09
5758,6.333333333333334e-10
5759,2.7833333333333334e-09
5760,1.2833333333333335e-09
5761,2.466666666666667e-09
5762,9.999999999999999e-10
5763,2.5333333333333337e-09
5764,6.499999999999999e-10
5765,8.666666666666667e-10
5766,1.8333333333333334e-09
5767,7.333333333333333e-10
5768,6.666666666666666e-10
5769,8.333333333333332e-10
5770,1.4666666666666666e-09
5771,2.0999999999999998e-09
5772,1.8166666666666666e-09
5773,8.333333333333332e-10
5774,8.833333333333333e-10
5775,4.833333333333333e-10
5776,8.166666666666667e-10
5777,1.25e-09
5778,8.166666666666667e-10
5779,1.5333333333333334e-09
5780,6.499999999999999e-10
5781,1.65e-09
5782,2.3333333333333335e-09
5783,1.9833333333333333e-09
5784,1.8833333333333332e-09
5785,1.3833333333333333e-09
5786,1.3499999999999999e-09
5787,1.7833333333333334e-09
5788,1.0499999999999999e-09
5789,1.9166666666666665e-09
5790,1.2e-09
5791,7.666666666666667e-10
5792,8.333333333333332e-10
5793,7.833333333333333e-10
5794,1.5166666666666666e-09
5795,9.333333333333332e-10
5796,1.6166666666666667e-09
5797,1.6e-09
5798,2.4333333333333336e-09
5799,1.6e-09
5800,1.1333333333333333e-09
5801,1.4666666666666666e-09
5802,1.3166666666666667e-09
5803,1.7333333333333333e-09
5804,1.4333333333333333e-09
5805,1.6666666666666665e-09
5806,2.016666666666667e-09
5807,1.2999999999999999e-09
5808,1.6166666666666667e-09
5809,2.2333333333333335e-09
5810,1.7833333333333334e-09
5811,1.9833333333333333e-09
5812,1.8e-09
5813,1.8166666666666666e-09
5814,1.85e-09
5815,1.3166666666666667e-09
5816,1.8e-09
5817,1.5e-09
5818,1.5166666666666666e-09
5819,1.4333333333333333e-09
5820,1.4333333333333333e-09
5821,1.3166666666666667e-09
5822,1.3666666666666667e-09
5823,1.2333333333333334e-09
5824,1.2833333333333335e-09
5825,1.0166666666666667e-09
5826,1.0499999999999999e-09
5827,1.1e-09
5828,1.2333333333333334e-09
5829,1.5333333333333334e-09
5830,1.7e-09
5831,1.7666666666666666e-09
5832,1.5166666666666666e-09
5833,1.4e-09
5834,1.1833333333333334e-09
5835,1.0333333333333333e-09
5836,1.1833333333333334e-09
5837,7.333333333333333e-10
5838,1.0499999999999999e-09
5839,1.4833333333333334e-09
5840,1.4666666666666666e-09
5841,1.0333333333333333e-09
5842,1.7e-09
5843,7.5e-10
5844,8.333333333333332e-10
5845,1.45e-09
5846,1.6e-09
5847,1.2999999999999999e-09
5848,2.0333333333333333e-09
5849,7.333333333333333e-10
5850,6.666666666666666e-10
5851,1.1833333333333334e-09
5852,1.3499999999999999e-09
5853,1.0666666666666667e-09
5854,1.7166666666666665e-09
5855,1.1e-09
5856,2.7166666666666666e-09
5857,1.9e-09
5858,2.216666666666667e-09
5859,3.05e-09
5860,1.0333333333333333e-09
5861,1.7333333333333333e-09
5862,8.333333333333332e-10
5863,7.166666666666667e-10
5864,9e-10
5865,1.2999999999999999e-09
5866,1.2166666666666668e-09
5867,2.1666666666666666e-09
5868,1.4e-09
5869,1.1333333333333333e-09
5870,2.0999999999999998e-09
5871,9.833333333333332e-10
5872,1.15e-09
5873,6.833333333333334e-10
5874,2.0999999999999998e-09
5875,2.3e-09
5876,2.2e-09
5877,1.7333333333333333e-09
5878,1.3833333333333333e-09
5879,1.0333333333333333e-09
5880,1.2166666666666668e-09
5881,1.6666666666666665e-09
5882,1.2333333333333334e-09
5883,1.3499999999999999e-09
5884,9.5e-10
5885,1.4666666666666666e-09
5886,2.3333333333333335e-09
5887,1.2166666666666668e-09
5888,2.1666666666666666e-09
5889,1.2833333333333335e-09
5890,2.016666666666667e-09
5891,9.666666666666666e-10
5892,2.0999999999999998e-09
5893,8.166666666666667e-10
5894,3.3500000000000002e-09
5895,6.166666666666667e-10
5896,1.9333333333333333e-09
5897,2.5333333333333337e-09
5898,4.833333333333333e-10
5899,2.016666666666667e-09
5900,3.8333333333333335e-10
5901,4.5e-10
5902,2.116666666666667e-09
5903,7e-10
5904,6.833333333333334e-10
5905,1.9833333333333333e-09
5906,5.666666666666667e-10
5907,2.8333333333333334e-10
5908,2.1833333333333334e-09
5909,1.9999999999999997e-09
5910,1.0333333333333333e-09
5911,2.1666666666666666e-09
5912,9e-10
5913,1.0333333333333333e-09
5914,2.116666666666667e-09
5915,1.3333333333333333e-09
5916,7.833333333333333e-10
5917,9e-10
5918,8.666666666666667e-10
5919,1.3166666666666667e-09
5920,1.7666666666666666e-09
5921,1.8e-09
5922,1.65e-09
5923,9.666666666666666e-10
5924,1.3833333333333333e-09
5925,3.1166666666666665e-09
5926,2.466666666666667e-09
5927,8.666666666666667e-10
5928,9.166666666666667e-10
5929,1.3833333333333333e-09
5930,8e-10
5931,1.95e-09
5932,1.5833333333333334e-09
5933,8.666666666666667e-10
5934,1.7e-09
5935,8.833333333333333e-10
5936,1.15e-09
5937,1.2333333333333334e-09
5938,1.0666666666666667e-09
5939,1.3833333333333333e-09
5940,1.0499999999999999e-09
5941,7.833333333333333e-10
5942,8.666666666666667e-10
5943,1.9166666666666665e-09
5944,1.1833333333333334e-09
5945,1.4e-09
5946,1.1666666666666668e-09
5947,1.2999999999999999e-09
5948,1.8833333333333332e-09
5949,1.5166666666666666e-09
5950,1.3666666666666667e-09
5951,1.0333333333333333e-09
5952,1.9666666666666665e-09
5953,1.65e-09
5954,1.3666666666666667e-09
5955,6.666666666666666e-10
5956,5.333333333333334e-10
5957,1.7e-09
5958,1.7666666666666666e-09
5959,5.5e-10
5960,1.0333333333333333e-09
5961,1.4666666666666666e-09
5962,8.333333333333332e-10
5963,1.6666666666666665e-09
5964,2.3333333333333335e-09
5965,5.666666666666667e-10
5966,1.5333333333333334e-09
5967,1.95e-09
5968,1.2166666666666668e-09
5969,1.3333333333333333e-09
5970,9.999999999999999e-10
5971,1.4333333333333333e-09
5972,8.333333333333332e-10
5973,2.4166666666666664e-09
5974,1.0499999999999999e-09
5975,1.3833333333333333e-09
5976,1.7e-09
5977,1.85e-09
5978,2.0666666666666666e-09
5979,1.1833333333333334e-09
5980,1.9833333333333333e-09
5981,1.55e-09
5982,1.1333333333333333e-09
5983,1.9e-09
5984,2.1333333333333334e-09
5985,1.7166666666666665e-09
5986,1.7e-09
5987,2.1666666666666666e-09
5988,8.833333333333333e-10
5989,1.5333333333333334e-09
5990,1.0666666666666667e-09
5991,1.7e-09
5992,1.85e-09
5993,1.55e-09
5994,1.0666666666666667e-09
5995,1.2999999999999999e-09
5996,2.5333333333333337e-09
5997,1.2833333333333335e-09
5998,1.5833333333333334e-09
5999,3.3500000000000002e-09
6000,1.2833333333333335e-09
6001,1.9833333333333333e-09
6002,1.55e-09
6003,1.2999999999999999e-09
6004,2.216666666666667e-09
6005,1.1e-09
6006,1.8666666666666664e-09
6007,2.1333333333333334e-09
6008,1.3499999999999999e-09
6009,9.833333333333332e-10
6010,1.4833333333333334e-09
6011,2.016666666666667e-09
6012,2.0333333333333333e-09
6013,1.5666666666666666e-09
6014,2.2e-09
6015,7.833333333333333e-10
6016,1.8166666666666666e-09
6017,1.7166666666666665e-09
6018,2.283333333333333e-09
6019,1.8333333333333334e-09
6020,1.75e-09
6021,1.85e-09
6022,1.8833333333333332e-09
6023,2.1833333333333334e-09
6024,2.0833333333333334e-09
6025,2.7500000000000002e-09
6026,1.8333333333333334e-09
6027,2.45e-09
6028,1.5166666666666666e-09
6029,2.2666666666666667e-09
6030,1.4666666666666666e-09
6031,2.1333333333333334e-09
6032,1.45e-09
6033,2.283333333333333e-09
6034,1.25e-09
6035,2.5166666666666665e-09
6036,1.45e-09
6037,2.4333333333333336e-09
6038,2.65e-09
6039,3.6166666666666668e-09
6040,2.0666666666666666e-09
6041,2.3333333333333335e-09
6042,1.7333333333333333e-09
6043,1.0166666666666667e-09
6044,1.0166666666666667e-09
6045,1.0833333333333333e-09
6046,2.4833333333333332e-09
6047,1.4833333333333334e-09
6048,2.4166666666666664e-09
6049,8e-10
6050,1.5666666666666666e-09
6051,8.166666666666667e-10
6052,2.2e-09
6053,1.4666666666666666e-09
6054,1.2333333333333334e-09
6055,1.0499999999999999e-09
6056,1.9e-09
6057,1.5333333333333334e-09
6058,1.8166666666666666e-09
6059,2.0999999999999998e-09
6060,9.333333333333332e-10
6061,2.0999999999999998e-09
6062,1.1e-09
6063,2.0333333333333333e-09
6064,9.833333333333332e-10
6065,7.666666666666667e-10
6066,3.1166666666666665e-09
6067,6.833333333333334e-10
6068,1.1e-09
6069,1.6333333333333335e-09
6070,9e-10
6071,1.7166666666666665e-09
6072,1.5333333333333334e-09
6073,4.999999999999999e-10
6074,2.016666666666667e-09
6075,3.816666666666667e-09
6076,1.8e-09
6077,1.85e-09
6078,1.5333333333333334e-09
6079,2.3166666666666663e-09
6080,2.0333333333333333e-09
6081,1.0833333333333333e-09
6082,1.4333333333333333e-09
6083,8e-10
6084,2.0333333333333333e-09
6085,2.8166666666666667e-09
6086,1.7833333333333334e-09
6087,3.533333333333333e-09
6088,2.4166666666666664e-09
6089,2.6999999999999998e-09
6090,2.7833333333333334e-09
6091,2.2666666666666667e-09
6092,1.1e-09
6093,2.3166666666666663e-09
6094,8e-10
6095,2.3e-09
6096,2.7166666666666666e-09
6097,9e-10
6098,2.6666666666666666e-09
6099,1.7666666666666666e-09
6100,5.833333333333334e-10
6101,1.3166666666666667e-09
6102,1.0333333333333333e-09
6103,1.6166666666666667e-09
6104,9.333333333333332e-10
6105,8.333333333333332e-10
6106,2.5166666666666665e-09
6107,2.5e-09
6108,2.6333333333333333e-09
6109,1.6666666666666665e-09
6110,1.4333333333333333e-09
6111,1.5e-09
6112,2.65e-09
6113,2.5333333333333337e-09
6114,1.8e-09
6115,7.333333333333333e-10
6116,1.25e-09
6117,1.0333333333333333e-09
6118,2.6333333333333333e-09
6119,2.45e-09
6120,2.5833333333333333e-09
6121,1.5e-09
6122,1.4166666666666665e-09
6123,3.266666666666667e-09
6124,8.666666666666667e-10
6125,9.999999999999999e-10
6126,8.666666666666667e-10
6127,2.4e-09
6128,9.833333333333332e-10
6129,5.900000000000001e-09
6130,8.166666666666667e-10
6131,1.2e-09
6132,2.9666666666666668e-09
6133,3.533333333333333e-09
6134,1.1e-09
6135,5.133333333333334e-09
6136,2.0833333333333334e-09
6137,3.166666666666667e-09
6138,4.033333333333334e-09
6139,3.816666666666667e-09
6140,3.166666666666667e-09
6141,3.783333333333333e-09
6142,8e-10
6143,7.166666666666667e-10
6144,1.2999999999999999e-09
6145,3.2333333333333333e-09
6146,3.5666666666666668e-09
6147,2.0833333333333334e-09
6148,1.0666666666666667e-09
6149,6.333333333333334e-10
6150,1.1166666666666667e-09
6151,6.333333333333334e-10
6152,3.8666666666666665e-09
6153,9e-10
6154,1.8166666666666666e-09
6155,8.166666666666667e-10
6156,4.3000000000000005e-09
6157,7.166666666666667e-10
6158,3.9999999999999994e-09
6159,4.5e-09
6160,4.3333333333333334e-10
6161,4.216666666666666e-09
6162,1.1333333333333333e-09
6163,1.0666666666666667e-09
6164,1.15e-09
6165,4.3000000000000005e-09
6166,4.1e-09
6167,9e-10
6168,4.083333333333333e-09
6169,9e-10
6170,7.5e-10
6171,7.833333333333333e-10
6172,3.916666666666667e-09
6173,3.916666666666667e-09
6174,3.966666666666667e-09
6175,1.1833333333333334e-09
6176,3.9e-09
6177,1.5333333333333334e-09
6178,3.783333333333333e-09
6179,3.666666666666667e-09
6180,5.833333333333334e-10
6181,3.6e-09
6182,6.316666666666666e-09
6183,5.5e-10
6184,3.4666666666666667e-09
6185,3.8e-09
6186,8.5e-10
6187,1.25e-09
6188,3.55e-09
6189,3.5166666666666667e-09
6190,1.0333333333333333e-09
6191,3.6166666666666668e-09
6192,4.383333333333334e-09
6193,3.733333333333333e-09
6194,6e-10
6195,8.833333333333333e-10
6196,4.116666666666666e-09
6197,3.4666666666666667e-09
6198,7.333333333333333e-10
6199,3.816666666666667e-09
6200,4.083333333333333e-09
6201,3.8333333333333335e-10
6202,1.0166666666666667e-09
6203,1.2999999999999999e-09
6204,1.15e-09
6205,1.0499999999999999e-09
6206,8.166666666666667e-10
6207,3.333333333333333e-09
6208,9.5e-10
6209,7.833333333333333e-10
6210,9.5e-10
6211,3.6833333333333336e-09
6212,1.4e-09
6213,3.25e-09
6214,3.1166666666666665e-09
6215,3.15e-09
6216,1.4833333333333334e-09
6217,3.3500000000000002e-09
6218,4.116666666666666e-09
6219,2.7166666666666666e-09
6220,3.5e-10
6221,3.0833333333333332e-09
6222,4.15e-09
6223,2.3666666666666668e-09
6224,2.216666666666667e-09
6225,7.166666666666667e-10
6226,5.333333333333334e-10
6227,4.35e-09
6228,8.5e-10
6229,4.133333333333333e-09
6230,1.8833333333333332e-09
6231,2.5333333333333337e-09
6232,9.5e-10
6233,2.833333333333333e-09
6234,2.8166666666666667e-09
6235,4.383333333333334e-09
6236,8.166666666666667e-10
6237,1.3333333333333333e-09
6238,4.35e-09
6239,2.4333333333333336e-09
6240,2.9666666666666668e-09
6241,2.566666666666667e-09
6242,4.466666666666667e-09
6243,1.8833333333333332e-09
6244,3.0166666666666664e-09
6245,8e-10
6246,3.2333333333333333e-09
6247,8.333333333333332e-10
6248,3.633333333333333e-09
6249,1.4166666666666665e-09
6250,1.1833333333333334e-09
6251,3.75e-09
6252,4.1833333333333336e-09
6253,1.6666666666666665e-09
6254,4.3166666666666664e-09
6255,3.066666666666667e-09
6256,1.45e-09
6257,4.433333333333334e-09
6258,7.5e-10
6259,1.5666666666666666e-09
6260,1.3666666666666667e-09
6261,1.1333333333333333e-09
6262,3.0833333333333332e-09
6263,4.216666666666666e-09
6264,4.166666666666667e-09
6265,9.166666666666667e-10
6266,7.166666666666667e-10
6267,1.0166666666666667e-09
6268,3.9833333333333334e-09
6269,3.65e-09
6270,2.05e-09
6271,1.0833333333333333e-09
6272,1.3166666666666667e-09
6273,1.2166666666666668e-09
6274,1.85e-09
6275,3.816666666666667e-09
6276,1.1166666666666667e-09
6277,3.85e-09
6278,1.7166666666666665e-09
6279,3.3833333333333334e-09
6280,8.216666666666666e-09
6281,3.75e-09
6282,3.333333333333333e-09
6283,3.5666666666666668e-09
6284,9.999999999999999e-10
6285,3.8666666666666665e-09
6286,4.15e-09
6287,1.3666666666666667e-09
6288,1.3499999999999999e-09
6289,3.5166666666666667e-09
6290,3.45e-09
6291,4.1999999999999996e-09
6292,4.083333333333333e-09
6293,3.633333333333333e-09
6294,1.3166666666666667e-09
6295,3.633333333333333e-09
6296,3.7166666666666664e-09
6297,1.3666666666666667e-09
6298,4.066666666666667e-09
6299,1.8333333333333334e-09
6300,9.666666666666666e-10
6301,4.033333333333334e-09
6302,4.983333333333333e-09
6303,1.0666666666666667e-09
6304,4.016666666666667e-09
6305,4.3000000000000005e-09
6306,4.75e-09
6307,4.016666666666667e-09
6308,1.3666666666666667e-09
6309,1.2999999999999999e-09
6310,3.966666666666667e-09
6311,1.2333333333333334e-09
6312,4.433333333333334e-09
6313,1.1333333333333333e-09
6314,4.9666666666666665e-09
6315,8.366666666666667e-09
6316,4.866666666666667e-09
6317,1.3333333333333333e-09
6318,4.55e-09
6319,4.566666666666666e-09
6320,1.1e-09
6321,4.883333333333333e-09
6322,4.3166666666666664e-09
6323,8.333333333333332e-10
6324,4.5166666666666666e-09
6325,1.0166666666666667e-09
6326,4.65e-09
6327,4.383333333333334e-09
6328,4.166666666666667e-09
6329,4.283333333333333e-09
6330,4.533333333333333e-09
6331,1.0666666666666667e-09
6332,4.366666666666667e-09
6333,4.216666666666666e-09
6334,4.7e-09
6335,4.4166666666666665e-09
6336,8.666666666666667e-10
6337,8.5e-10
6338,8.749999999999999e-09
6339,7.5e-10
6340,7.166666666666667e-10
6341,4.666666666666667e-09
6342,5.666666666666667e-10
6343,4.683333333333333e-09
6344,6e-10
6345,4.5166666666666666e-09
6346,9.333333333333332e-10
6347,4.566666666666666e-09
6348,1.1333333333333333e-09
6349,5.45e-09
6350,4.8e-09
6351,9e-10
6352,8e-10
6353,4.4e-09
6354,1.5666666666666666e-09
6355,6.499999999999999e-10
6356,5.5e-10
6357,4.283333333333333e-09
6358,4.066666666666667e-09
6359,4.3000000000000005e-09
6360,1.4166666666666665e-09
6361,4.75e-09
6362,1.4333333333333333e-09
6363,4.816666666666667e-09
6364,9.166666666666667e-10
6365,9.666666666666666e-10
6366,4.1833333333333336e-09
6367,4.366666666666667e-09
6368,1.1e-09
6369,4.066666666666667e-09
6370,4.1999999999999996e-09
6371,4.583333333333334e-09
6372,4.5166666666666666e-09
6373,8.5e-10
6374,4.483333333333333e-09
6375,1.3166666666666667e-09
6376,1.2333333333333334e-09
6377,4.65e-09
6378,4.716666666666667e-09
6379,5.483333333333334e-09
6380,4.75e-09
6381,2.8500000000000003e-09
6382,4.433333333333334e-09
6383,4.266666666666667e-09
6384,8.166666666666667e-10
6385,4.166666666666667e-09
6386,1.5e-09
6387,1.4166666666666665e-09
6388,4.15e-09
6389,1.0166666666666667e-09
6390,1.8666666666666664e-09
6391,1.5333333333333334e-09
6392,1.6166666666666667e-09
6393,8.333333333333332e-10
6394,1.0499999999999999e-09
6395,4.266666666666667e-09
6396,1.4666666666666666e-09
6397,4.083333333333333e-09
6398,1.0333333333333333e-09
6399,4.45e-09
6400,2.1500000000000002e-09
6401,6.833333333333334e-10
6402,5e-09
6403,3.833333333333333e-09
6404,4.8e-09
6405,1.2666666666666668e-09
6406,4.716666666666667e-09
6407,4.783333333333334e-09
6408,2.45e-09
6409,1.85e-09
6410,4.7e-09
6411,3.333333333333333e-09
6412,3.166666666666667e-09
6413,1.8e-09
6414,2.566666666666667e-09
6415,1.4833333333333334e-09
6416,4.75e-09
6417,3.2166666666666665e-09
6418,4.466666666666667e-09
6419,5.316666666666666e-09
6420,3.166666666666667e-09
6421,2.1833333333333334e-09
6422,1.95e-09
6423,3.333333333333333e-09
6424,1.8e-09
6425,1.8166666666666666e-09
6426,1.6166666666666667e-09
6427,2.0333333333333333e-09
6428,4.3166666666666664e-09
6429,4.583333333333334e-09
6430,4.7333333333333335e-09
6431,1.9999999999999997e-09
6432,4.433333333333334e-09
6433,2.05e-09
6434,4.35e-09
6435,4.383333333333334e-09
6436,2.383333333333333e-09
6437,3.333333333333333e-09
6438,3e-09
6439,2.8666666666666667e-09
6440,3.3e-09
6441,2.466666666666667e-09
6442,3.45e-09
6443,3.9833333333333334e-09
6444,4.05e-09
6445,3.966666666666667e-09
6446,3.883333333333333e-09
6447,3.6833333333333336e-09
6448,3.666666666666667e-09
6449,3.933333333333333e-09
6450,4.05e-09
6451,4.333333333333333e-09
6452,3.816666666666667e-09
6453,3.3e-09
6454,2.6333333333333333e-09
6455,3.8666666666666665e-09
6456,3.0166666666666664e-09
6457,4.883333333333333e-09
6458,3.1e-09
6459,5.666666666666666e-09
6460,2.5e-09
6461,5.9333333333333335e-09
6462,4.233333333333334e-09
6463,2.9166666666666667e-09
6464,3.5666666666666668e-09
6465,7.5e-09
6466,3.8666666666666665e-09
6467,2.55e-09
6468,2.4833333333333332e-09
6469,4.1999999999999996e-09
6470,3.15e-09
6471,3.433333333333333e-09
6472,2.5333333333333337e-09
6473,3.9999999999999994e-09
6474,2.6833333333333334e-09
6475,5.033333333333333e-09
6476,2.5833333333333333e-09
6477,3.65e-09
6478,3.7e-09
6479,3.166666666666667e-09
6480,4.1e-09
6481,3.333333333333333e-09
6482,3.783333333333333e-09
6483,3.85e-09
6484,3.3500000000000002e-09
6485,3.733333333333333e-09
6486,4.883333333333333e-09
6487,3.65e-09
6488,3.5166666666666667e-09
6489,3.4166666666666667e-09
6490,3.65e-09
6491,3.8e-09
6492,3.3833333333333334e-09
6493,3.8e-09
6494,3.1e-09
6495,3.7166666666666664e-09
6496,3.05e-09
6497,5.116666666666666e-09
6498,3.533333333333333e-09
6499,4.066666666666667e-09
6500,3.666666666666667e-09
6501,3.666666666666667e-09
6502,3.5833333333333336e-09
6503,3.9999999999999994e-09
6504,3.5833333333333336e-09
6505,3.733333333333333e-09
6506,3.3e-09
6507,4.166666666666667e-09
6508,3.4166666666666667e-09
6509,3.55e-09
6510,4.916666666666666e-09
6511,4.133333333333333e-09
6512,3.8666666666666665e-09
6513,5.05e-09
6514,3.533333333333333e-09
6515,3.883333333333333e-09
6516,3.9833333333333334e-09
6517,3.266666666666667e-09
6518,3.3666666666666666e-09
6519,3.166666666666667e-09
6520,4.6e-09
6521,3.7166666666666664e-09
6522,3.2166666666666665e-09
6523,3.15e-09
6524,3.7666666666666665e-09
6525,3.533333333333333e-09
6526,3.1166666666666665e-09
6527,3.933333333333333e-09
6528,3.6833333333333336e-09
6529,3.65e-09
6530,3.7166666666666664e-09
6531,3.8e-09
6532,3.4e-09
6533,4.7333333333333335e-09
6534,3.066666666666667e-09
6535,3.4166666666666667e-09
6536,3.25e-09
6537,4.9666666666666665e-09
6538,3.2833333333333334e-09
6539,3.4e-09
6540,3.15e-09
6541,4.35e-09
6542,3.3166666666666666e-09
6543,3.8666666666666665e-09
6544,3.066666666666667e-09
6545,2.9e-09
6546,3.1166666666666665e-09
6547,2.9e-09
6548,4.35e-09
6549,3.15e-09
6550,4.3000000000000005e-09
6551,3.3666666666666666e-09
6552,4.333333333333333e-09
6553,4.15e-09
6554,3.9999999999999994e-09
6555,3.9833333333333334e-09
6556,3.2833333333333334e-09
6557,4.366666666666667e-09
6558,3.5833333333333336e-09
6559,4.6e-09
6560,2.8e-09
6561,3.0166666666666664e-09
6562,4.7333333333333335e-09
6563,3.7666666666666665e-09
6564,3.4e-09
6565,3.4166666666666667e-09
6566,3.85e-09
6567,4.6e-09
6568,3.5666666666666668e-09
6569,3.333333333333333e-09
6570,5.016666666666667e-09
6571,3.3e-09
6572,4.366666666666667e-09
6573,4.783333333333334e-09
6574,3.883333333333333e-09
6575,4.066666666666667e-09
6576,4.7e-09
6577,4.85e-09
6578,4.7e-09
6579,4.5e-09
6580,4.65e-09
6581,2.6333333333333333e-09
6582,4.983333333333333e-09
6583,2.5833333333333333e-09
6584,2.933333333333333e-09
6585,2.566666666666667e-09
6586,2.5166666666666665e-09
6587,4.9e-09
6588,4.65e-09
6589,4.45e-09
6590,4.8e-09
6591,4.383333333333334e-09
6592,3.166666666666667e-09
6593,2.4e-09
6594,4.883333333333333e-09
6595,2.65e-09
6596,5.066666666666667e-09
6597,2.2333333333333335e-09
6598,3.666666666666667e-09
6599,3.433333333333333e-09
6600,2.6666666666666666e-09
6601,2.8e-09
6602,2.55e-09
6603,2.8e-09
6604,3.1166666666666665e-09
6605,2.216666666666667e-09
6606,3.5833333333333336e-09
6607,2.1500000000000002e-09
6608,3.3666666666666666e-09
6609,3.5833333333333336e-09
6610,3.4666666666666667e-09
6611,3.433333333333333e-09
6612,2.5e-09
6613,3.433333333333333e-09
6614,3.033333333333333e-09
6615,2.4833333333333332e-09
6616,2.4e-09
6617,3.0166666666666664e-09
6618,3e-09
6619,3.0833333333333332e-09
6620,2.0833333333333334e-09
6621,3.0166666666666664e-09
6622,3.166666666666667e-09
6623,2.1833333333333334e-09
6624,2.6999999999999998e-09
6625,2.0666666666666666e-09
6626,3.033333333333333e-09
6627,2.8666666666666667e-09
6628,2.983333333333333e-09
6629,2.6666666666666666e-09
6630,2.45e-09
6631,2.8166666666666667e-09
6632,2.933333333333333e-09
6633,2.4166666666666664e-09
6634,2.8e-09
6635,2.8500000000000003e-09
6636,2.216666666666667e-09
6637,1.9666666666666665e-09
6638,2.1833333333333334e-09
6639,2.5333333333333337e-09
6640,2.2333333333333335e-09
6641,2.1666666666666666e-09
6642,2.45e-09
6643,2.5333333333333337e-09
6644,2.983333333333333e-09
6645,2.8166666666666667e-09
6646,2.5166666666666665e-09
6647,3.1166666666666665e-09
6648,2.3e-09
6649,2.55e-09
6650,2.3166666666666663e-09
6651,2.7666666666666666e-09
6652,2.0333333333333333e-09
6653,2.8e-09
6654,2.9166666666666667e-09
6655,2.9500000000000004e-09
6656,1.9666666666666665e-09
6657,2.933333333333333e-09
6658,2.9166666666666667e-09
6659,2.9666666666666668e-09
6660,3.0833333333333332e-09
6661,2.933333333333333e-09
6662,1.5833333333333334e-09
6663,1.65e-09
6664,1.7e-09
6665,2.116666666666667e-09
6666,2.3166666666666663e-09
6667,2.25e-09
6668,2.6666666666666666e-09
6669,2.2666666666666667e-09
6670,2.466666666666667e-09
6671,2.55e-09
6672,2.55e-09
6673,2.383333333333333e-09
6674,2.2333333333333335e-09
6675,2.0999999999999998e-09
6676,2.3e-09
6677,2.116666666666667e-09
6678,2.3333333333333335e-09
6679,2.1833333333333334e-09
6680,1.9666666666666665e-09
6681,2.3666666666666668e-09
6682,2.05e-09
6683,1.9999999999999997e-09
6684,2.3e-09
6685,2.25e-09
6686,1.8e-09
6687,3.066666666666667e-09
6688,2.2333333333333335e-09
6689,2.45e-09
6690,2.116666666666667e-09
6691,3.0833333333333332e-09
6692,2.5166666666666665e-09
6693,2.5166666666666665e-09
6694,2.2333333333333335e-09
6695,2.0333333333333333e-09
6696,3.833333333333333e-09
6697,1.9666666666666665e-09
6698,2.5999999999999997e-09
6699,2.6666666666666666e-09
6700,2.0666666666666666e-09
6701,1.8333333333333334e-09
6702,2.5333333333333337e-09
6703,1.9e-09
6704,2.2e-09
6705,2.6999999999999998e-09
6706,2.6666666666666666e-09
6707,2.6333333333333333e-09
6708,3.0166666666666664e-09
6709,3.066666666666667e-09
6710,3.1166666666666665e-09
6711,2.9166666666666667e-09
6712,2.2e-09
6713,3.0166666666666664e-09
6714,1.3166666666666667e-09
6715,2.0833333333333334e-09
6716,2.6333333333333333e-09
6717,2.216666666666667e-09
6718,1.3833333333333333e-09
6719,2.5e-09
6720,2.983333333333333e-09
6721,2.6333333333333333e-09
6722,3.1e-09
6723,2.3e-09
6724,2.4e-09
6725,2.2e-09
6726,2.983333333333333e-09
6727,1.8833333333333332e-09
6728,2.4333333333333336e-09
6729,2.45e-09
6730,2.5333333333333337e-09
6731,2.3166666666666663e-09
6732,2.45e-09
6733,2.566666666666667e-09
6734,2.2e-09
6735,2.65e-09
6736,2.3666666666666668e-09
6737,2.6166666666666665e-09
6738,2.5333333333333337e-09
6739,2.383333333333333e-09
6740,1.3666666666666667e-09
6741,2.0833333333333334e-09
6742,2.35e-09
6743,2.0833333333333334e-09
6744,2.35e-09
6745,2.6166666666666665e-09
6746,2.4166666666666664e-09
6747,2.383333333333333e-09
6748,2.4166666666666664e-09
6749,2.9166666666666667e-09
6750,2.2666666666666667e-09
6751,2.4e-09
6752,4.15e-09
6753,2.35e-09
6754,2.5e-09
6755,2.5e-09
6756,2.2666666666666667e-09
6757,2.55e-09
6758,2.4e-09
6759,2.383333333333333e-09
6760,2.6166666666666665e-09
6761,2.4333333333333336e-09
6762,2.4833333333333332e-09
6763,2.7333333333333334e-09
6764,2.8e-09
6765,2.8833333333333335e-09
6766,2.0833333333333334e-09
6767,2.933333333333333e-09
6768,2.6166666666666665e-09
6769,2.7166666666666666e-09
6770,2.9500000000000004e-09
6771,2.5833333333333333e-09
6772,2.8666666666666667e-09
6773,3.3166666666666666e-09
6774,3.1833333333333333e-09
6775,2.4166666666666664e-09
6776,3.1166666666666665e-09
6777,3.1833333333333333e-09
6778,3.1166666666666665e-09
6779,1.9999999999999997e-09
6780,2.1500000000000002e-09
6781,1.9166666666666665e-09
6782,2.7333333333333334e-09
6783,2.0833333333333334e-09
6784,2.7333333333333334e-09
6785,2.8666666666666667e-09
6786,3.7666666666666665e-09
6787,3.2833333333333334e-09
6788,1.9833333333333333e-09
6789,1.95e-09
6790,2.6333333333333333e-09
6791,2.4333333333333336e-09
6792,2.4e-09
6793,2.0833333333333334e-09
6794,1.9999999999999997e-09
6795,2.5166666666666665e-09
6796,2.55e-09
6797,2.7166666666666666e-09
6798,2.9666666666666668e-09
6799,2.6333333333333333e-09
6800,2.7833333333333334e-09
6801,2.3166666666666663e-09
6802,3.1333333333333333e-09
6803,2.65e-09
6804,2.5999999999999997e-09
6805,2.8e-09
6806,2.4833333333333332e-09
6807,2.1666666666666666e-09
6808,2.7166666666666666e-09
6809,2.35e-09
6810,2.2e-09
6811,2.5833333333333333e-09
6812,2.383333333333333e-09
6813,2.4e-09
6814,2.5999999999999997e-09
6815,2.4333333333333336e-09
6816,1.8333333333333334e-09
6817,2.4e-09
6818,2.383333333333333e-09
6819,2.5833333333333333e-09
6820,2.3666666666666668e-09
6821,2.05e-09
6822,2.5833333333333333e-09
6823,2.7833333333333334e-09
6824,2.2666666666666667e-09
6825,2.2666666666666667e-09
6826,1.5333333333333334e-09
6827,1.9833333333333333e-09
6828,2.3166666666666663e-09
6829,2.1666666666666666e-09
6830,1.8833333333333332e-09
6831,2.1333333333333334e-09
6832,1.6833333333333333e-09
6833,1.7833333333333334e-09
6834,1.4333333333333333e-09
6835,1.4833333333333334e-09
6836,1.65e-09
6837,1.3833333333333333e-09
6838,7.833333333333333e-10
6839,1.1666666666666668e-09
6840,9.666666666666666e-10
6841,1.0166666666666667e-09
6842,8e-10
6843,7.166666666666667e-10
6844,5.833333333333334e-10
6845,7.333333333333333e-10
6846,8.166666666666667e-10
6847,6.333333333333334e-10
6848,6.166666666666667e-10
6849,8.166666666666667e-10
6850,1.0333333333333333e-09
6851,8.5e-10
6852,9e-10
6853,3.8333333333333335e-10
6854,8.666666666666667e-10
6855,1.3166666666666667e-09
6856,1.2e-09
6857,4.3333333333333334e-10
6858,9.666666666666666e-10
6859,7.166666666666667e-10
6860,5.666666666666667e-10
6861,8.666666666666667e-10
6862,5.833333333333334e-10
6863,9.833333333333332e-10
6864,8e-10
6865,5.833333333333334e-10
6866,6e-10
6867,4.833333333333333e-10
6868,9.833333333333332e-10
6869,9.333333333333332e-10
6870,9e-10
6871,5.666666666666667e-10
6872,5.333333333333334e-10
6873,7.833333333333333e-10
6874,1.2999999999999999e-09
6875,8.833333333333333e-10
6876,9e-10
6877,4e-10
6878,9.666666666666666e-10
6879,1.1666666666666668e-09
6880,2.2666666666666667e-09
6881,1.3499999999999999e-09
6882,1.2666666666666668e-09
6883,1.2666666666666668e-09
6884,3.333333333333333e-10
6885,6.833333333333334e-10
6886,1.2e-09
6887,1.2999999999999999e-09
6888,6.499999999999999e-10
6889,9.166666666666667e-10
6890,1.1666666666666668e-09
6891,1.1166666666666667e-09
6892,7.666666666666667e-10
6893,4.5e-10
6894,8.333333333333332e-10
6895,9.5e-10
6896,3.333333333333333e-10
6897,4.999999999999999e-10
6898,1.2999999999999999e-09
6899,1.0333333333333333e-09
6900,1.6666666666666665e-09
6901,1.1833333333333334e-09
6902,1.2666666666666668e-09
6903,1.5166666666666666e-09
6904,9e-10
6905,6.833333333333334e-10
6906,8.5e-10
6907,1.3166666666666667e-09
6908,1.0499999999999999e-09
6909,6.333333333333334e-10
6910,4.666666666666666e-10
6911,5.333333333333334e-10
6912,1.1666666666666668e-09
6913,7.333333333333333e-10
6914,1.25e-09
6915,1.5666666666666666e-09
6916,1.1666666666666668e-09
6917,6.166666666666667e-10
6918,8.5e-10
6919,9.166666666666667e-10
6920,1.3333333333333333e-09
6921,1.1333333333333333e-09
6922,8.833333333333333e-10
6923,1.8833333333333332e-09
6924,8.166666666666667e-10
6925,8.666666666666667e-10
6926,8.5e-10
6927,1.4833333333333334e-09
6928,8e-10
6929,7.666666666666667e-10
6930,1.4333333333333333e-09
6931,4.999999999999999e-10
6932,5.333333333333334e-10
6933,3.6666666666666664e-10
6934,1.0166666666666667e-09
6935,9e-10
6936,9.5e-10
6937,1.3499999999999999e-09
6938,1.0666666666666667e-09
6939,5.666666666666667e-10
6940,1.45e-09
6941,9e-10
6942,1.3166666666666667e-09
6943,1.25e-09
6944,1.6666666666666665e-09
6945,9.166666666666667e-10
6946,1.2999999999999999e-09
6947,1.9999999999999997e-09
6948,1.0166666666666667e-09
6949,1.2166666666666668e-09
6950,1.0833333333333333e-09
6951,9.999999999999999e-10
6952,2.3e-09
6953,1.0333333333333333e-09
6954,1.9833333333333333e-09
6955,7.833333333333333e-10
6956,2.0833333333333334e-09
6957,6.166666666666667e-10
6958,1.65e-09
6959,1.7e-09
6960,1.2999999999999999e-09
6961,1.75e-09
6962,1.7666666666666666e-09
6963,1.9333333333333333e-09
6964,1.85e-09
6965,8.666666666666667e-10
6966,1.9e-09
6967,1.6666666666666665e-09
6968,1.2999999999999999e-09
6969,1.6166666666666667e-09
6970,9.666666666666666e-10
6971,1.6e-09
6972,1.1833333333333334e-09
6973,1.3333333333333333e-09
6974,1.1166666666666667e-09
6975,1.3166666666666667e-09
6976,8e-10
6977,7.5e-10
6978,7.833333333333333e-10
6979,5.666666666666667e-10
6980,6.166666666666667e-10
6981,9e-10
6982,8.166666666666667e-10
6983,1.0499999999999999e-09
6984,6.333333333333334e-10
6985,1.1e-09
6986,9.5e-10
6987,9.999999999999999e-10
6988,1.0666666666666667e-09
6989,1.5333333333333334e-09
6990,6.499999999999999e-10
6991,6.499999999999999e-10
6992,9.666666666666666e-10
6993,7.5e-10
6994,8e-10
6995,6.833333333333334e-10
6996,4.166666666666666e-10
6997,9.999999999999999e-10
6998,8.833333333333333e-10
6999,8.166666666666667e-10
7000,6.833333333333334e-10
7001,1.2e-09
7002,1.1e-09
7003,1.3166666666666667e-09
7004,1.4833333333333334e-09
7005,1.2333333333333334e-09
7006,1.0166666666666667e-09
7007,1.2e-09
7008,1.2e-09
7009,1.2999999999999999e-09
7010,1.4e-09
7011,5.166666666666666e-10
7012,1.1833333333333334e-09
7013,7.333333333333333e-10
7014,7.166666666666667e-10
7015,1.5333333333333334e-09
7016,1.0333333333333333e-09
7017,9.666666666666666e-10
7018,8.833333333333333e-10
7019,1.15e-09
7020,1.2333333333333334e-09
7021,1.15e-09
7022,1.3166666666666667e-09
7023,4.166666666666666e-10
7024,8e-10
7025,1.25e-09
7026,9.833333333333332e-10
7027,1.2166666666666668e-09
7028,1.5666666666666666e-09
7029,4e-10
7030,1.5166666666666666e-09
7031,4.166666666666666e-10
7032,1.8333333333333334e-09
7033,1.3166666666666667e-09
7034,1.4333333333333333e-09
7035,6.666666666666666e-10
7036,1.5333333333333334e-09
7037,8.833333333333333e-10
7038,1.8166666666666666e-09
7039,1.2333333333333334e-09
7040,1.4333333333333333e-09
7041,1.2833333333333335e-09
7042,1.1666666666666668e-09
7043,9.333333333333332e-10
7044,2.3666666666666668e-09
7045,1.2333333333333334e-09
7046,1.2333333333333334e-09
7047,2.016666666666667e-09
7048,9.833333333333332e-10
7049,1.6166666666666667e-09
7050,7.666666666666667e-10
7051,2.283333333333333e-09
7052,1.5166666666666666e-09
7053,1.0833333333333333e-09
7054,1.0499999999999999e-09
7055,1.7166666666666665e-09
7056,1.6e-09
7057,2.45e-09
7058,2.0999999999999998e-09
7059,1.3666666666666667e-09
7060,3.0166666666666664e-09
7061,1.2166666666666668e-09
7062,2.7666666666666666e-09
7063,1.0166666666666667e-09
7064,2.4833333333333332e-09
7065,1.6e-09
7066,1.7333333333333333e-09
7067,2.2e-09
7068,1.7666666666666666e-09
7069,2.4166666666666664e-09
7070,1.25e-09
7071,2.566666666666667e-09
7072,1.9e-09
7073,1.25e-09
7074,1.3499999999999999e-09
7075,1.6833333333333333e-09
7076,2.1833333333333334e-09
7077,2.0333333333333333e-09
7078,1.8833333333333332e-09
7079,1.2666666666666668e-09
7080,1.5166666666666666e-09
7081,2.0833333333333334e-09
7082,1.9833333333333333e-09
7083,3.05e-09
7084,1.7833333333333334e-09
7085,1.1833333333333334e-09
7086,1.65e-09
7087,1.5833333333333334e-09
7088,1.1833333333333334e-09
7089,9.333333333333332e-10
7090,1.25e-09
7091,1.7333333333333333e-09
7092,1.2333333333333334e-09
7093,1.4e-09
7094,1.8666666666666664e-09
7095,1.85e-09
7096,2.0333333333333333e-09
7097,1.9999999999999997e-09
7098,1.0499999999999999e-09
7099,1.85e-09
7100,9.166666666666667e-10
7101,1.1833333333333334e-09
7102,1.9999999999999997e-09
7103,9.666666666666666e-10
7104,6.166666666666667e-10
7105,9e-10
7106,1.4833333333333334e-09
7107,1.0833333333333333e-09
7108,7.166666666666667e-10
7109,1.7166666666666665e-09
7110,1.5333333333333334e-09
7111,5.5e-10
7112,6.499999999999999e-10
7113,7.166666666666667e-10
7114,7.333333333333333e-10
7115,1.2e-09
7116,4.5e-10
7117,1.3333333333333333e-09
7118,1.5666666666666666e-09
7119,1.15e-09
7120,1.45e-09
7121,1.1833333333333334e-09
7122,1.2833333333333335e-09
7123,1.0833333333333333e-09
7124,1.3666666666666667e-09
7125,1.5e-09
7126,1.2333333333333334e-09
7127,6.666666666666666e-10
7128,7e-10
7129,2.3666666666666668e-09
7130,7.833333333333333e-10
7131,7.5e-10
7132,1.7166666666666665e-09
7133,1.2166666666666668e-09
7134,1.55e-09
7135,9.666666666666666e-10
7136,7.333333333333333e-10
7137,1.0666666666666667e-09
7138,2.05e-09
7139,1.2333333333333334e-09
7140,7.833333333333333e-10
7141,6.833333333333334e-10
7142,1.3833333333333333e-09
7143,1.1e-09
7144,1.2333333333333334e-09
7145,1.4333333333333333e-09
7146,9.999999999999999e-10
7147,9.333333333333332e-10
7148,1.0166666666666667e-09
7149,3.166666666666667e-10
7150,8e-10
7151,1.0499999999999999e-09
7152,1.2333333333333334e-09
7153,1.0833333333333333e-09
7154,1.0166666666666667e-09
7155,1.1e-09
7156,4.3333333333333334e-10
7157,1.0499999999999999e-09
7158,1.1166666666666667e-09
7159,1.3166666666666667e-09
7160,1.1666666666666668e-09
7161,7.666666666666667e-10
7162,7.833333333333333e-10
7163,8e-10
7164,9.666666666666666e-10
7165,7.833333333333333e-10
7166,7e-10
7167,3.333333333333333e-10
7168,1.2333333333333334e-09
7169,8e-10
7170,8.5e-10
7171,7.5e-10
7172,6.166666666666667e-10
7173,6.333333333333334e-10
7174,8.5e-10
7175,5.666666666666667e-10
7176,6.166666666666667e-10
7177,9.333333333333332e-10
7178,5.833333333333334e-10
7179,3.333333333333333e-10
7180,6.666666666666666e-10
7181,5.333333333333334e-10
7182,6.166666666666667e-10
7183,4.166666666666666e-10
7184,5.833333333333334e-10
7185,6e-10
7186,1.0333333333333333e-09
7187,6.333333333333334e-10
7188,4.999999999999999e-10
7189,9.5e-10
7190,4.5e-10
7191,4.5e-10
7192,9.333333333333332e-10
7193,1.0833333333333333e-09
7194,1.1e-09
7195,6.166666666666667e-10
7196,1.0666666666666667e-09
7197,9.333333333333332e-10
7198,9.999999999999999e-10
7199,9.666666666666666e-10
7200,6.333333333333334e-10
7201,5.666666666666667e-10
7202,9.166666666666667e-10
7203,4.666666666666666e-10
7204,8.833333333333333e-10
7205,5.333333333333334e-10
7206,4.3333333333333334e-10
7207,4.3333333333333334e-10
7208,4.3333333333333334e-10
7209,4.166666666666666e-10
7210,3e-10
7211,8.833333333333333e-10
7212,6.833333333333334e-10
7213,8e-10
7214,4.666666666666666e-10
7215,4.999999999999999e-10
7216,3.5e-10
7217,6.166666666666667e-10
7218,1.1333333333333333e-09
7219,6.666666666666666e-10
7220,4.3333333333333334e-10
7221,1.0333333333333333e-09
7222,5.166666666666666e-10
7223,6.833333333333334e-10
7224,5.5e-10
7225,4.166666666666666e-10
7226,6.499999999999999e-10
7227,6.333333333333334e-10
7228,6.333333333333334e-10
7229,3.166666666666667e-10
7230,9.5e-10
7231,5.833333333333334e-10
7232,3.166666666666667e-10
7233,4e-10
7234,5.666666666666667e-10
7235,1.2666666666666668e-09
7236,3.333333333333333e-10
7237,1.3166666666666667e-09
7238,8.666666666666667e-10
7239,1.75e-09
7240,5.833333333333334e-10
7241,8.833333333333333e-10
7242,1.0499999999999999e-09
7243,1.7333333333333333e-09
7244,8.666666666666667e-10
7245,3.5e-10
7246,9.833333333333332e-10
7247,7.5e-10
7248,1.1833333333333334e-09
7249,1.2166666666666668e-09
7250,1.3666666666666667e-09
7251,1.0833333333333333e-09
7252,1.9e-09
7253,7.833333333333333e-10
7254,1.2999999999999999e-09
7255,1.2666666666666668e-09
7256,1.1166666666666667e-09
7257,1.6166666666666667e-09
7258,1.6833333333333333e-09
7259,1.5666666666666666e-09
7260,1.2e-09
7261,1.75e-09
7262,1.0666666666666667e-09
7263,1.55e-09
7264,1.1833333333333334e-09
7265,1.1e-09
7266,1.5333333333333334e-09
7267,1.8e-09
7268,1.2666666666666668e-09
7269,1.5e-09
7270,1.9e-09
7271,1.4166666666666665e-09
7272,1.0666666666666667e-09
7273,1.7333333333333333e-09
7274,1.8e-09
7275,1.2166666666666668e-09
7276,1.4333333333333333e-09
7277,1.7333333333333333e-09
7278,1.5e-09
7279,8.833333333333333e-10
7280,1.75e-09
7281,9e-10
7282,1.3333333333333333e-09
7283,1.0166666666666667e-09
7284,7e-10
7285,1.4333333333333333e-09
7286,1.6666666666666665e-09
7287,2.283333333333333e-09
7288,2.4333333333333336e-09
7289,2.65e-09
7290,1.1e-09
7291,2.3166666666666663e-09
7292,1.2166666666666668e-09
7293,2.5999999999999997e-09
7294,1.1833333333333334e-09
7295,2.6666666666666666e-09
7296,1.1666666666666668e-09
7297,6.499999999999999e-10
7298,2.383333333333333e-09
7299,2.5833333333333333e-09
7300,9.166666666666667e-10
7301,9.333333333333332e-10
7302,1.1e-09
7303,1.2333333333333334e-09
7304,2.016666666666667e-09
7305,1.0166666666666667e-09
7306,9.999999999999999e-10
7307,1.3166666666666667e-09
7308,1.45e-09
7309,2.3333333333333335e-09
7310,1.2666666666666668e-09
7311,1.8666666666666664e-09
7312,1.2e-09
7313,1.3166666666666667e-09
7314,1.3166666666666667e-09
7315,1.1e-09
7316,2.55e-09
7317,2.3166666666666663e-09
7318,1.1833333333333334e-09
7319,1.25e-09
7320,1.2833333333333335e-09
7321,1.9833333333333333e-09
7322,1.6833333333333333e-09
7323,2.55e-09
7324,2.383333333333333e-09
7325,2.2333333333333335e-09
7326,2.216666666666667e-09
7327,1.65e-09
7328,9.166666666666667e-10
7329,1.1166666666666667e-09
7330,2.2666666666666667e-09
7331,1.3666666666666667e-09
7332,2.2e-09
7333,1.2166666666666668e-09
7334,1.9166666666666665e-09
7335,2.1500000000000002e-09
7336,1.8833333333333332e-09
7337,2.3666666666666668e-09
7338,2.566666666666667e-09
7339,2.6333333333333333e-09
7340,1.15e-09
7341,2.3333333333333335e-09
7342,1.85e-09
7343,1.25e-09
7344,1.1e-09
7345,1.1833333333333334e-09
7346,1.3166666666666667e-09
7347,2.0999999999999998e-09
7348,1.7666666666666666e-09
7349,2.0666666666666666e-09
7350,2.0333333333333333e-09
7351,1.2833333333333335e-09
7352,2.1666666666666666e-09
7353,2.4166666666666664e-09
7354,1.2333333333333334e-09
7355,1.3166666666666667e-09
7356,1.2999999999999999e-09
7357,1.9999999999999997e-09
7358,1.55e-09
7359,2.4333333333333336e-09
7360,1.2833333333333335e-09
7361,2.3166666666666663e-09
7362,1.5e-09
7363,1.7666666666666666e-09
7364,1.9166666666666665e-09
7365,1.6166666666666667e-09
7366,1.2833333333333335e-09
7367,1.5e-09
7368,1.3166666666666667e-09
7369,1.4333333333333333e-09
7370,1.7166666666666665e-09
7371,1.6333333333333335e-09
7372,1.4333333333333333e-09
7373,1.3333333333333333e-09
7374,1.85e-09
7375,1.7166666666666665e-09
7376,1.2e-09
7377,1.2999999999999999e-09
7378,2.2666666666666667e-09
7379,2.1666666666666666e-09
7380,1.3166666666666667e-09
7381,1.0666666666666667e-09
7382,1.4e-09
7383,8e-10
7384,1.0833333333333333e-09
7385,1.5333333333333334e-09
7386,1.5666666666666666e-09
7387,1.4666666666666666e-09
7388,1.45e-09
7389,1.0333333333333333e-09
7390,1.1e-09
7391,1.3666666666666667e-09
7392,1.1e-09
7393,1.5333333333333334e-09
7394,1.2e-09
7395,1.7333333333333333e-09
7396,1.2999999999999999e-09
7397,1.4833333333333334e-09
7398,1.8166666666666666e-09
7399,1.15e-09
7400,1.3166666666666667e-09
7401,1.55e-09
7402,1.6166666666666667e-09
7403,1.0499999999999999e-09
7404,2.116666666666667e-09
7405,1.3666666666666667e-09
7406,1.3833333333333333e-09
7407,1.0666666666666667e-09
7408,1.6166666666666667e-09
7409,1.1166666666666667e-09
7410,9.666666666666666e-10
7411,9.666666666666666e-10
7412,9e-10
7413,1.0166666666666667e-09
7414,8.833333333333333e-10
7415,9.666666666666666e-10
7416,1.2833333333333335e-09
7417,1.3499999999999999e-09
7418,9.999999999999999e-10
7419,1.2833333333333335e-09
7420,1.2999999999999999e-09
7421,1.4166666666666665e-09
7422,1.3166666666666667e-09
7423,1.9166666666666665e-09
7424,1.1833333333333334e-09
7425,1.2166666666666668e-09
7426,1.65e-09
7427,6.499999999999999e-10
7428,1.6666666666666665e-09
7429,1.6166666666666667e-09
7430,1.0333333333333333e-09
7431,2.116666666666667e-09
7432,1.2166666666666668e-09
7433,1.1e-09
7434,9.5e-10
7435,2.216666666666667e-09
7436,1.0833333333333333e-09
7437,3.166666666666667e-09
7438,1.3166666666666667e-09
7439,1.2666666666666668e-09
7440,1.2999999999999999e-09
7441,1.7666666666666666e-09
7442,1.8166666666666666e-09
7443,1.95e-09
7444,1.7833333333333334e-09
7445,1.5833333333333334e-09
7446,1.5333333333333334e-09
7447,1.0499999999999999e-09
7448,1.4666666666666666e-09
7449,1.3333333333333333e-09
7450,1.3666666666666667e-09
7451,1.5333333333333334e-09
7452,1.25e-09
7453,1.4e-09
7454,1.5166666666666666e-09
7455,9.166666666666667e-10
7456,1.0333333333333333e-09
7457,1.55e-09
7458,9.166666666666667e-10
7459,1.6666666666666665e-09
7460,1.4166666666666665e-09
7461,1.3499999999999999e-09
7462,1.2166666666666668e-09
7463,8e-10
7464,9.833333333333332e-10
7465,1.3333333333333333e-09
7466,1.3833333333333333e-09
7467,7.666666666666667e-10
7468,1.45e-09
7469,6.499999999999999e-10
7470,1.1666666666666668e-09
7471,9.666666666666666e-10
7472,9.666666666666666e-10
7473,1.0499999999999999e-09
7474,1.0166666666666667e-09
7475,8.166666666666667e-10
7476,1.0333333333333333e-09
7477,8.166666666666667e-10
7478,9.666666666666666e-10
7479,1.0333333333333333e-09
7480,1.0833333333333333e-09
7481,6e-10
7482,8.666666666666667e-10
7483,8.833333333333333e-10
7484,5.833333333333334e-10
7485,9.166666666666667e-10
7486,7.833333333333333e-10
7487,4.3333333333333334e-10
7488,1.6166666666666667e-09
7489,6e-10
7490,7.166666666666667e-10
7491,6.333333333333334e-10
7492,1.1333333333333333e-09
7493,7e-10
7494,4e-10
7495,1.55e-09
7496,2.8166666666666667e-09
7497,2.566666666666667e-09
7498,1.1166666666666667e-09
7499,4.5e-10
7500,1.15e-09
7501,1.75e-09
7502,1.0166666666666667e-09
7503,2.1500000000000002e-09
7504,6.833333333333334e-10
7505,1.0333333333333333e-09
7506,9.333333333333332e-10
7507,1.45e-09
7508,7e-10
7509,1.0499999999999999e-09
7510,9e-10
7511,1.45e-09
7512,9.666666666666666e-10
7513,1.7e-09
7514,1.7166666666666665e-09
7515,1.7166666666666665e-09
7516,1.2999999999999999e-09
7517,1.0833333333333333e-09
7518,1.3666666666666667e-09
7519,1.6833333333333333e-09
7520,1.3166666666666667e-09
7521,1.0833333333333333e-09
7522,1.7166666666666665e-09
7523,1.7833333333333334e-09
7524,1.2333333333333334e-09
7525,1.4333333333333333e-09
7526,1.8166666666666666e-09
7527,1.5166666666666666e-09
7528,1.8e-09
7529,1.4833333333333334e-09
7530,1.6333333333333335e-09
7531,1.2166666666666668e-09
7532,1.5333333333333334e-09
7533,1.3499999999999999e-09
7534,1.25e-09
7535,9.666666666666666e-10
7536,1.5333333333333334e-09
7537,1.0499999999999999e-09
7538,9.666666666666666e-10
7539,8e-10
7540,1.1e-09
7541,7.333333333333333e-10
7542,9.333333333333332e-10
7543,1.1666666666666668e-09
7544,1.45e-09
7545,1.2333333333333334e-09
7546,8.166666666666667e-10
7547,1.4e-09
7548,5.166666666666666e-10
7549,1.5333333333333334e-09
7550,6.833333333333334e-10
7551,1.2e-09
7552,1.8333333333333334e-09
7553,1.55e-09
7554,1.2999999999999999e-09
7555,1.3666666666666667e-09
7556,1.2666666666666668e-09
7557,1.1166666666666667e-09
7558,1.25e-09
7559,8e-10
7560,9.333333333333332e-10
7561,1.0666666666666667e-09
7562,1.1333333333333333e-09
7563,1.3333333333333333e-09
7564,1.2333333333333334e-09
7565,1.1666666666666668e-09
7566,1.4833333333333334e-09
7567,1.1166666666666667e-09
7568,9.5e-10
7569,1.2333333333333334e-09
7570,1.2333333333333334e-09
7571,9.166666666666667e-10
7572,1.95e-09
7573,1.15e-09
7574,9.833333333333332e-10
7575,1.95e-09
7576,9e-10
7577,1.4833333333333334e-09
7578,7.5e-10
7579,8.666666666666667e-10
7580,1.2999999999999999e-09
7581,8e-10
7582,8.166666666666667e-10
7583,1.5666666666666666e-09
7584,1.5333333333333334e-09
7585,9.5e-10
7586,7.666666666666667e-10
7587,1.6333333333333335e-09
7588,1.15e-09
7589,7.666666666666667e-10
7590,1.1333333333333333e-09
7591,9.833333333333332e-10
7592,8.666666666666667e-10
7593,1.6e-09
7594,1.5666666666666666e-09
7595,1.7166666666666665e-09
7596,1.4666666666666666e-09
7597,1.6e-09
7598,1.3166666666666667e-09
7599,1.8e-09
7600,9.999999999999999e-10
7601,1.1666666666666668e-09
7602,1.3666666666666667e-09
7603,1.85e-09
7604,1.5e-09
7605,1.5833333333333334e-09
7606,9.999999999999999e-10
7607,1.7833333333333334e-09
7608,2.016666666666667e-09
7609,2.0666666666666666e-09
7610,1.2e-09
7611,1.1833333333333334e-09
7612,8e-10
7613,1.0333333333333333e-09
7614,1.8833333333333332e-09
7615,1.2333333333333334e-09
7616,1.6e-09
7617,1.6333333333333335e-09
7618,1.25e-09
7619,1.4833333333333334e-09
7620,1.9166666666666665e-09
7621,2.8e-09
7622,1.5166666666666666e-09
7623,2.566666666666667e-09
7624,9.666666666666666e-10
7625,1.3499999999999999e-09
7626,9e-10
7627,1.4333333333333333e-09
7628,2.35e-09
7629,2.45e-09
7630,2.05e-09
7631,1.6e-09
7632,1.3833333333333333e-09
7633,5.5e-10
7634,1.2e-09
7635,1.3333333333333333e-09
7636,1.7e-09
7637,1.8e-09
7638,1.2166666666666668e-09
7639,1.2333333333333334e-09
7640,1.8166666666666666e-09
7641,1.7166666666666665e-09
7642,2.1333333333333334e-09
7643,1.65e-09
7644,1.1e-09
7645,2.1333333333333334e-09
7646,1.55e-09
7647,2.05e-09
7648,2.05e-09
7649,1.1666666666666668e-09
7650,1.6666666666666665e-09
7651,1.1833333333333334e-09
7652,1.7333333333333333e-09
7653,8.166666666666667e-10
7654,1.95e-09
7655,8.333333333333332e-10
7656,1.1833333333333334e-09
7657,1.3666666666666667e-09
7658,1.6333333333333335e-09
7659,1.2166666666666668e-09
7660,1.2666666666666668e-09
7661,1.3333333333333333e-09
7662,1.0499999999999999e-09
7663,1.7333333333333333e-09
7664,1.5833333333333334e-09
7665,4.666666666666666e-10
7666,1.6e-09
7667,1.0333333333333333e-09
7668,1.5833333333333334e-09
7669,9.333333333333332e-10
7670,1.5333333333333334e-09
7671,1.0666666666666667e-09
7672,1.2999999999999999e-09
7673,1.5166666666666666e-09
7674,1.25e-09
7675,1.4666666666666666e-09
7676,1.8333333333333334e-09
7677,1.9333333333333333e-09
7678,1.2166666666666668e-09
7679,1.0166666666666667e-09
7680,1.0166666666666667e-09
7681,1.6e-09
7682,1.0166666666666667e-09
7683,1.3333333333333333e-09
7684,1.0833333333333333e-09
7685,1.6333333333333335e-09
7686,1.6166666666666667e-09
7687,1.25e-09
7688,1.5333333333333334e-09
7689,1.45e-09
7690,1.6666666666666665e-09
7691,9.833333333333332e-10
7692,1.4166666666666665e-09
7693,1.4666666666666666e-09
7694,1.9833333333333333e-09
7695,1.5333333333333334e-09
7696,1.1166666666666667e-09
7697,1.3499999999999999e-09
7698,1.1333333333333333e-09
7699,1.2999999999999999e-09
7700,1.7166666666666665e-09
7701,1.0833333333333333e-09
7702,1.3499999999999999e-09
7703,1.2e-09
7704,1.5833333333333334e-09
7705,1.4333333333333333e-09
7706,1.4e-09
7707,1.1833333333333334e-09
7708,1.3166666666666667e-09
7709,1.65e-09
7710,1.3666666666666667e-09
7711,1.3666666666666667e-09
7712,1.5333333333333334e-09
7713,1.1666666666666668e-09
7714,1.5666666666666666e-09
7715,1.4333333333333333e-09
7716,8.5e-10
7717,1.4833333333333334e-09
7718,8.166666666666667e-10
7719,1.7e-09
7720,9e-10
7721,9.999999999999999e-10
7722,2.3166666666666663e-09
7723,1.0333333333333333e-09
7724,8.5e-10
7725,1.1166666666666667e-09
7726,9.166666666666667e-10
7727,1.2666666666666668e-09
7728,1.4833333333333334e-09
7729,1.7e-09
7730,2.8333333333333334e-10
7731,1.5e-09
7732,1.6e-09
7733,1.4166666666666665e-09
7734,2.0999999999999998e-09
7735,2.383333333333333e-09
7736,1.6333333333333335e-09
7737,1.3166666666666667e-09
7738,1.2833333333333335e-09
7739,6.499999999999999e-10
7740,1.0666666666666667e-09
7741,1.0333333333333333e-09
7742,1.7166666666666665e-09
7743,5.333333333333334e-10
7744,1.6833333333333333e-09
7745,2.466666666666667e-09
7746,1.1833333333333334e-09
7747,3.05e-09
7748,9.833333333333332e-10
7749,2.9666666666666668e-09
7750,1.4666666666666666e-09
7751,9.5e-10
7752,2.3666666666666668e-09
7753,7.333333333333333e-10
7754,1.2e-09
7755,2.2e-09
7756,1.25e-09
7757,2.4333333333333336e-09
7758,1.6666666666666665e-09
7759,1.65e-09
7760,1.2833333333333335e-09
7761,1.3499999999999999e-09
7762,1.9e-09
7763,2.0999999999999998e-09
7764,1.7e-09
7765,2.3e-09
7766,2.4333333333333336e-09
7767,3.333333333333333e-10
7768,1.85e-09
7769,1.2666666666666668e-09
7770,8.666666666666667e-10
7771,1.95e-09
7772,1.25e-09
7773,8.5e-10
7774,1.6333333333333335e-09
7775,1.1166666666666667e-09
7776,1.3166666666666667e-09
7777,1.4333333333333333e-09
7778,1.1833333333333334e-09
7779,1.5333333333333334e-09
7780,5.666666666666667e-10
7781,1.2999999999999999e-09
7782,1.5666666666666666e-09
7783,1.5666666666666666e-09
7784,1.0333333333333333e-09
7785,1.1333333333333333e-09
7786,1.1333333333333333e-09
7787,1.25e-09
7788,1.1333333333333333e-09
7789,1.4666666666666666e-09
7790,2.0999999999999998e-09
7791,2.05e-09
7792,1.3166666666666667e-09
7793,1.2333333333333334e-09
7794,1.0499999999999999e-09
7795,1.65e-09
7796,1.2333333333333334e-09
7797,1.3833333333333333e-09
7798,7e-10
7799,1.4166666666666665e-09
7800,3.066666666666667e-09
7801,1.0499999999999999e-09
7802,1.5e-09
7803,1.4333333333333333e-09
7804,2.4166666666666664e-09
7805,1.0166666666666667e-09
7806,9.666666666666666e-10
7807,1.2166666666666668e-09
7808,9.5e-10
7809,8.833333333333333e-10
7810,1.9166666666666665e-09
7811,9.5e-10
7812,2.0333333333333333e-09
7813,1.5333333333333334e-09
7814,2.0999999999999998e-09
7815,5.666666666666667e-10
7816,1.6333333333333335e-09
7817,6.166666666666667e-10
7818,8.833333333333333e-10
7819,1.5e-09
7820,1.0833333333333333e-09
7821,1.5333333333333334e-09
7822,1.1e-09
7823,3.333333333333333e-10
7824,1.1166666666666667e-09
7825,1.4166666666666665e-09
7826,1.5e-09
7827,1.1e-09
7828,1.6666666666666665e-09
7829,1.65e-09
7830,9.166666666666667e-10
7831,1.2999999999999999e-09
7832,1.9e-09
7833,1.15e-09
7834,1.7666666666666666e-09
7835,2.1833333333333334e-09
7836,7e-10
7837,1.4666666666666666e-09
7838,2.05e-09
7839,2.9500000000000004e-09
7840,7.333333333333333e-10
7841,1.2e-09
7842,1.6666666666666665e-09
7843,1.8166666666666666e-09
7844,2.8e-09
7845,2.016666666666667e-09
7846,2.0999999999999998e-09
7847,1.9166666666666665e-09
7848,1.3166666666666667e-09
7849,1.5e-09
7850,1.9999999999999997e-09
7851,1.2833333333333335e-09
7852,9.666666666666666e-10
7853,7.333333333333333e-10
7854,1.7333333333333333e-09
7855,1.1833333333333334e-09
7856,1.6333333333333335e-09
7857,2.216666666666667e-09
7858,1.1166666666666667e-09
7859,1.5333333333333334e-09
7860,1.7333333333333333e-09
7861,1.6166666666666667e-09
7862,9.999999999999999e-10
7863,1.9833333333333333e-09
7864,1.0166666666666667e-09
7865,1.3333333333333333e-09
7866,1.8833333333333332e-09
7867,2.116666666666667e-09
7868,1.7333333333333333e-09
7869,1.8166666666666666e-09
7870,2.05e-09
7871,1.5833333333333334e-09
7872,1.7333333333333333e-09
7873,1.8666666666666664e-09
7874,1.75e-09
7875,1.8333333333333334e-09
7876,1.7833333333333334e-09
7877,2.016666666666667e-09
7878,1.7166666666666665e-09
7879,2.0999999999999998e-09
7880,2.116666666666667e-09
7881,2.5999999999999997e-09
7882,2.0666666666666666e-09
7883,2.1833333333333334e-09
7884,1.3666666666666667e-09
7885,1.6833333333333333e-09
7886,1.7333333333333333e-09
7887,1.45e-09
7888,2.1500000000000002e-09
7889,1.2333333333333334e-09
7890,1.2999999999999999e-09
7891,1.6166666666666667e-09
7892,1.55e-09
7893,2.016666666666667e-09
7894,2.0999999999999998e-09
7895,2.1500000000000002e-09
7896,1.75e-09
7897,1.9833333333333333e-09
7898,1.6333333333333335e-09
7899,1.5333333333333334e-09
7900,1.9666666666666665e-09
7901,2.4e-09
7902,2.1666666666666666e-09
7903,2.3e-09
7904,1.9333333333333333e-09
7905,1.9666666666666665e-09
7906,1.5833333333333334e-09
7907,2.0999999999999998e-09
7908,2.2e-09
7909,1.4666666666666666e-09
7910,2.35e-09
7911,2.3e-09
7912,2.0666666666666666e-09
7913,1.9999999999999997e-09
7914,1.7666666666666666e-09
7915,2.0833333333333334e-09
7916,2.3333333333333335e-09
7917,2.0333333333333333e-09
7918,2.7666666666666666e-09
7919,2.3333333333333335e-09
7920,3.1833333333333333e-09
7921,1.95e-09
7922,1.55e-09
7923,1.3499999999999999e-09
7924,2.1666666666666666e-09
7925,1.2833333333333335e-09
7926,2.2333333333333335e-09
7927,2.7333333333333334e-09
7928,3.666666666666667e-09
7929,3.433333333333333e-09
7930,2.6166666666666665e-09
7931,1.8666666666666664e-09
7932,3.75e-09
7933,1.2666666666666668e-09
7934,3.6166666666666668e-09
7935,1.65e-09
7936,2.6833333333333334e-09
7937,1.9833333333333333e-09
7938,2.016666666666667e-09
7939,1.75e-09
7940,2.6333333333333333e-09
7941,3.1166666666666665e-09
7942,3.5666666666666668e-09
7943,1.8666666666666664e-09
7944,2.933333333333333e-09
7945,1.9166666666666665e-09
7946,2.25e-09
7947,3.3666666666666666e-09
7948,1.8333333333333334e-09
7949,3.2333333333333333e-09
7950,1.3333333333333333e-09
7951,1.2e-09
7952,1.55e-09
7953,2.383333333333333e-09
7954,1.4333333333333333e-09
7955,3.433333333333333e-09
7956,2.5833333333333333e-09
7957,3.0833333333333332e-09
7958,2.9500000000000004e-09
7959,1.45e-09
7960,2.2666666666666667e-09
7961,3.1166666666666665e-09
7962,2.2e-09
7963,9.5e-10
7964,1.9e-09
7965,2.6166666666666665e-09
7966,2.05e-09
7967,2.1666666666666666e-09
7968,1.7333333333333333e-09
7969,2.383333333333333e-09
7970,2.4333333333333336e-09
7971,2.833333333333333e-09
7972,2.5e-09
7973,1.9833333333333333e-09
7974,1.85e-09
7975,2.0333333333333333e-09
7976,2.3e-09
7977,2.55e-09
7978,2.0666666666666666e-09
7979,1.8666666666666664e-09
7980,2.2e-09
7981,2.3166666666666663e-09
7982,2.5166666666666665e-09
7983,1.5166666666666666e-09
7984,2.1666666666666666e-09
7985,2.466666666666667e-09
7986,1.7666666666666666e-09
7987,2.6333333333333333e-09
7988,1.9333333333333333e-09
7989,2.35e-09
7990,2.1500000000000002e-09
7991,2.3333333333333335e-09
7992,2.383333333333333e-09
7993,2.0333333333333333e-09
7994,2.566666666666667e-09
7995,2.65e-09
7996,2.1666666666666666e-09
7997,2.35e-09
7998,2.7500000000000002e-09
7999,2.9666666666666668e-09
8000,2.0666666666666666e-09
8001,2.0999999999999998e-09
8002,2.383333333333333e-09
8003,3.033333333333333e-09
8004,2.25e-09
8005,2.7500000000000002e-09
8006,1.8833333333333332e-09
8007,2.0999999999999998e-09
8008,2.0833333333333334e-09
8009,2.2666666666666667e-09
8010,2.833333333333333e-09
8011,2.0999999999999998e-09
8012,1.8666666666666664e-09
8013,1.9333333333333333e-09
8014,1.6333333333333335e-09
8015,2.0999999999999998e-09
8016,2.016666666666667e-09
8017,2.45e-09
8018,2.05e-09
8019,2.25e-09
8020,2.0833333333333334e-09
8021,2.1500000000000002e-09
8022,2.8666666666666667e-09
8023,1.7166666666666665e-09
8024,2.2e-09
8025,2.6833333333333334e-09
8026,2.8166666666666667e-09
8027,2.4333333333333336e-09
8028,1.6833333333333333e-09
8029,2.116666666666667e-09
8030,2.25e-09
8031,2.466666666666667e-09
8032,2.016666666666667e-09
8033,2.016666666666667e-09
8034,2.1666666666666666e-09
8035,2.0666666666666666e-09
8036,3.1166666666666665e-09
8037,1.8333333333333334e-09
8038,2.45e-09
8039,1.8333333333333334e-09
8040,1.8166666666666666e-09
8041,1.8333333333333334e-09
8042,3.7666666666666665e-09
8043,1.95e-09
8044,2.5166666666666665e-09
8045,2.1666666666666666e-09
8046,2.466666666666667e-09
8047,1.8666666666666664e-09
8048,1.7e-09
8049,2.5833333333333333e-09
8050,2.3666666666666668e-09
8051,1.6333333333333335e-09
8052,2.05e-09
8053,1.5166666666666666e-09
8054,1.4e-09
8055,2.1666666666666666e-09
8056,1.5166666666666666e-09
8057,2.2666666666666667e-09
8058,2.116666666666667e-09
8059,2.216666666666667e-09
8060,2.8500000000000003e-09
8061,3.1e-09
8062,2.466666666666667e-09
8063,2.55e-09
8064,1.1166666666666667e-09
8065,1.55e-09
8066,1.3166666666666667e-09
8067,2.3666666666666668e-09
8068,1.45e-09
8069,1.9666666666666665e-09
8070,2.3666666666666668e-09
8071,1.7333333333333333e-09
8072,9.666666666666666e-10
8073,2.216666666666667e-09
8074,2.2333333333333335e-09
8075,2.35e-09
8076,1.7166666666666665e-09
8077,1.45e-09
8078,2.05e-09
8079,1.7e-09
8080,1.75e-09
8081,1.75e-09
8082,1.65e-09
8083,2.0833333333333334e-09
8084,1.95e-09
8085,1.5333333333333334e-09
8086,2.25e-09
8087,1.9999999999999997e-09
8088,1.9166666666666665e-09
8089,1.95e-09
8090,1.7666666666666666e-09
8091,1.85e-09
8092,1.8833333333333332e-09
8093,1.65e-09
8094,2.466666666666667e-09
8095,1.7166666666666665e-09
8096,1.6e-09
8097,1.5333333333333334e-09
8098,1.3666666666666667e-09
8099,1.5333333333333334e-09
8100,1.3166666666666667e-09
8101,1.8e-09
8102,1.4166666666666665e-09
8103,1.75e-09
8104,1.6166666666666667e-09
8105,1.8e-09
8106,1.4e-09
8107,1.2e-09
8108,1.7166666666666665e-09
8109,1.6333333333333335e-09
8110,1.5666666666666666e-09
8111,1.1333333333333333e-09
8112,1.7e-09
8113,1.3833333333333333e-09
8114,1.7333333333333333e-09
8115,1.7333333333333333e-09
8116,9.666666666666666e-10
8117,9.666666666666666e-10
8118,1.1166666666666667e-09
8119,1.15e-09
8120,1.3666666666666667e-09
8121,1.7166666666666665e-09
8122,1.1666666666666668e-09
8123,7.833333333333333e-10
8124,1.4166666666666665e-09
8125,1.0833333333333333e-09
8126,1.15e-09
8127,8.5e-10
8128,9.833333333333332e-10
8129,1.0666666666666667e-09
8130,1.4666666666666666e-09
8131,1.1e-09
8132,6e-10
8133,9.5e-10
8134,6e-10
8135,5.5e-10
8136,7.5e-10
8137,1.8333333333333334e-09
8138,5.5e-10
8139,3.166666666666667e-10
8140,8.5e-10
8141,1.9e-09
8142,2.3e-09
8143,1.6166666666666667e-09
8144,2.6999999999999998e-09
8145,1.2833333333333335e-09
8146,1.6333333333333335e-09
8147,3.783333333333333e-09
8148,2.1833333333333334e-09
8149,2.666666666666667e-10
8150,3.5166666666666667e-09
8151,6.833333333333334e-10
8152,1.3666666666666667e-09
8153,4.25e-09
8154,2.1833333333333334e-09
8155,7.166666666666667e-10
8156,7.666666666666667e-10
8157,1.45e-09
8158,2.4166666666666664e-09
8159,9.999999999999999e-10
8160,2.0999999999999998e-09
8161,2.383333333333333e-09
8162,2.4166666666666664e-09
8163,2.3166666666666663e-09
8164,9.5e-10
8165,2.466666666666667e-09
8166,2.4166666666666664e-09
8167,3.15e-09
8168,2.4166666666666664e-09
8169,3.1333333333333333e-09
8170,1.2833333333333335e-09
8171,1.0833333333333333e-09
8172,1.4333333333333333e-09
8173,1.9333333333333333e-09
8174,1.8833333333333332e-09
8175,2.466666666666667e-09
8176,1.5833333333333334e-09
8177,2.8166666666666667e-09
8178,1.7333333333333333e-09
8179,7.833333333333333e-10
8180,3.4e-09
8181,3.1833333333333333e-09
8182,2.7500000000000002e-09
8183,3.0166666666666664e-09
8184,1.1666666666666668e-09
8185,1.0833333333333333e-09
8186,1.2666666666666668e-09
8187,4.55e-09
8188,2.9666666666666668e-09
8189,2.7666666666666666e-09
8190,2.8e-09
8191,2.8166666666666667e-09
8192,5.466666666666667e-09
8193,8.166666666666667e-10
8194,7.833333333333333e-10
8195,2.833333333333333e-09
8196,3.05e-09
8197,3e-09
8198,4.666666666666666e-10
8199,6.499999999999999e-10
8200,3.05e-09
8201,2.9166666666666667e-09
8202,3.0833333333333332e-09
8203,6.499999999999999e-10
8204,9.5e-10
8205,1.15e-09
8206,2.7333333333333334e-09
8207,8.5e-10
8208,2.7833333333333334e-09
8209,9.666666666666666e-10
8210,9.833333333333332e-10
8211,1.3833333333333333e-09
8212,2.45e-09
8213,9.666666666666666e-10
8214,2.566666666666667e-09
8215,1.2666666666666668e-09
8216,2.9166666666666667e-09
8217,2.1333333333333334e-09
8218,2.6333333333333333e-09
8219,2.116666666666667e-09
8220,1.7166666666666665e-09
8221,2.55e-09
8222,3.65e-09
8223,2.8833333333333335e-09
8224,1.0833333333333333e-09
8225,1.0333333333333333e-09
8226,3.333333333333333e-09
8227,3.1e-09
8228,3.1e-09
8229,2.4833333333333332e-09
8230,7.5e-10
8231,3.433333333333333e-09
8232,3e-09
8233,3.15e-09
8234,3.8e-09
8235,3.0833333333333332e-09
8236,1.0833333333333333e-09
8237,4.066666666666667e-09
8238,3.4833333333333335e-09
8239,6.666666666666666e-10
8240,1.6e-09
8241,1.2333333333333334e-09
8242,3.633333333333333e-09
8243,1.6666666666666665e-09
8244,1.6e-09
8245,1.0833333333333333e-09
8246,3.916666666666667e-09
8247,3.8666666666666665e-09
8248,3.883333333333333e-09
8249,1.7e-09
8250,1.9e-09
8251,1.8166666666666666e-09
8252,1.3666666666666667e-09
8253,1.1333333333333333e-09
8254,4.783333333333334e-09
8255,3.733333333333333e-09
8256,3.5833333333333336e-09
8257,1.5666666666666666e-09
8258,4.083333333333333e-09
8259,1.5166666666666666e-09
8260,1.5166666666666666e-09
8261,4.033333333333334e-09
8262,2.2e-09
8263,3.4e-09
8264,2.4833333333333332e-09
8265,3.3666666666666666e-09
8266,1.6666666666666665e-09
8267,1.4333333333333333e-09
8268,3.55e-09
8269,3.7e-09
8270,1.3499999999999999e-09
8271,1.2833333333333335e-09
8272,3.5833333333333336e-09
8273,3.733333333333333e-09
8274,1.4166666666666665e-09
8275,3.3666666666666666e-09
8276,5.1999999999999994e-09
8277,3.5833333333333336e-09
8278,3.15e-09
8279,1.2833333333333335e-09
8280,1.6333333333333335e-09
8281,4.583333333333334e-09
8282,1.3833333333333333e-09
8283,2.9500000000000004e-09
8284,9.5e-10
8285,1.4833333333333334e-09
8286,9.833333333333332e-10
8287,3.1833333333333333e-09
8288,9e-10
8289,2.983333333333333e-09
8290,3.1166666666666665e-09
8291,2.8833333333333335e-09
8292,1.1166666666666667e-09
8293,3.166666666666667e-09
8294,2.8e-09
8295,1.2666666666666668e-09
8296,2.933333333333333e-09
8297,4.4e-09
8298,7.666666666666667e-10
8299,2.8500000000000003e-09
8300,1.0666666666666667e-09
8301,2.8500000000000003e-09
8302,1.15e-09
8303,2.8500000000000003e-09
8304,1.5666666666666666e-09
8305,9.999999999999999e-10
8306,2.933333333333333e-09
8307,7.166666666666667e-10
8308,1.0833333333333333e-09
8309,2.6999999999999998e-09
8310,2.8166666666666667e-09
8311,2.383333333333333e-09
8312,1.3499999999999999e-09
8313,9.333333333333332e-10
8314,2.3666666666666668e-09
8315,1.5e-09
8316,2.283333333333333e-09
8317,1.4e-09
8318,2.0833333333333334e-09
8319,1.3166666666666667e-09
8320,1.3833333333333333e-09
8321,1.4166666666666665e-09
8322,1.25e-09
8323,2.1666666666666666e-09
8324,1.2166666666666668e-09
8325,2.1833333333333334e-09
8326,1.0666666666666667e-09
8327,2.4833333333333332e-09
8328,2.116666666666667e-09
8329,1.9833333333333333e-09
8330,2.3e-09
8331,7.166666666666667e-10
8332,7e-10
8333,1.0499999999999999e-09
8334,1.75e-09
8335,1.6166666666666667e-09
8336,2.0666666666666666e-09
8337,6.499999999999999e-10
8338,1.7666666666666666e-09
8339,1.6833333333333333e-09
8340,1.8833333333333332e-09
8341,1.8e-09
8342,3.6666666666666664e-10
8343,1.0666666666666667e-09
8344,9e-10
8345,8e-10
8346,7.833333333333333e-10
8347,1.5833333333333334e-09
8348,1.45e-09
8349,1.45e-09
8350,8.5e-10
8351,2.0333333333333333e-09
8352,1.7e-09
8353,8.5e-10
8354,1.1666666666666668e-09
8355,1.2999999999999999e-09
8356,9e-10
8357,1.7333333333333333e-09
8358,1.5e-09
8359,1.65e-09
8360,1.2666666666666668e-09
8361,1.1833333333333334e-09
8362,7.833333333333333e-10
8363,1.6e-09
8364,1.7666666666666666e-09
8365,1.2166666666666668e-09
8366,1.0166666666666667e-09
8367,2.116666666666667e-09
8368,1.9166666666666665e-09
8369,8.5e-10
8370,1.6166666666666667e-09
8371,1.7833333333333334e-09
8372,1.0333333333333333e-09
8373,1.7e-09
8374,1.3166666666666667e-09
8375,1.9666666666666665e-09
8376,1.3666666666666667e-09
8377,1.4833333333333334e-09
8378,1.45e-09
8379,1.4166666666666665e-09
8380,1.4833333333333334e-09
8381,1.6e-09
8382,1.4833333333333334e-09
8383,1.4333333333333333e-09
8384,1.3166666666666667e-09
8385,8.666666666666667e-10
8386,1.15e-09
8387,1.1166666666666667e-09
8388,1.0166666666666667e-09
8389,1.0833333333333333e-09
8390,1.1333333333333333e-09
8391,9.666666666666666e-10
8392,1.1666666666666668e-09
8393,1.2666666666666668e-09
8394,8.5e-10
8395,1.0833333333333333e-09
8396,8.5e-10
8397,7.166666666666667e-10
8398,8.666666666666667e-10
8399,1.3499999999999999e-09
8400,9e-10
8401,9.333333333333332e-10
8402,1.0833333333333333e-09
8403,1.2e-09
8404,8.666666666666667e-10
8405,1.7166666666666665e-09
8406,1.2666666666666668e-09
8407,1.5833333333333334e-09
8408,1.7666666666666666e-09
8409,1.2e-09
8410,1.6666666666666665e-09
8411,1.8833333333333332e-09
8412,1.1666666666666668e-09
8413,2.5833333333333333e-09
8414,1.15e-09
8415,1.3499999999999999e-09
8416,1.2833333333333335e-09
8417,1.4333333333333333e-09
8418,1.2e-09
8419,1.5833333333333334e-09
8420,1.6666666666666665e-09
8421,1.2333333333333334e-09
8422,1.5e-09
8423,2.05e-09
8424,1.15e-09
8425,1.5e-09
8426,1.8e-09
8427,1.4833333333333334e-09
8428,1.0666666666666667e-09
8429,8.833333333333333e-10
8430,1.7833333333333334e-09
8431,1.3166666666666667e-09
8432,1.4666666666666666e-09
8433,1.0166666666666667e-09
8434,1.5e-09
8435,1.4666666666666666e-09
8436,1.2166666666666668e-09
8437,1.25e-09
8438,1.2e-09
8439,1.1833333333333334e-09
8440,1.0666666666666667e-09
8441,1.2333333333333334e-09
8442,9.833333333333332e-10
8443,8.5e-10
8444,8.5e-10
8445,6.666666666666666e-10
8446,8.5e-10
8447,8.5e-10
8448,8.333333333333332e-10
8449,6e-10
8450,3.6666666666666664e-10
8451,3e-10
8452,4.3333333333333334e-10
8453,2.4999999999999996e-10
8454,1.5e-10
8455,1e-10
8456,3.3333333333333335e-11
8457,0.0
8458,0.0
