case_id,cycle_time_minutes
0,5.166666666666666e-10
1,8e-10
2,5.333333333333334e-10
3,6.833333333333334e-10
4,4.999999999999999e-10
5,7e-10
6,7.666666666666667e-10
7,7e-10
8,4e-10
9,1.1833333333333334e-09
10,7e-10
11,1.6666666666666666e-10
12,9.5e-10
13,7e-10
14,1.4e-09
15,9.166666666666667e-10
16,1.0833333333333333e-09
17,6.166666666666667e-10
18,1.25e-09
19,9.999999999999999e-10
20,1.4166666666666665e-09
21,8.5e-10
22,2.7333333333333334e-09
23,6.333333333333334e-10
24,5.333333333333334e-10
25,1.4166666666666665e-09
26,1.2e-09
27,2.1666666666666666e-09
28,6.833333333333334e-10
29,8.833333333333333e-10
30,7.166666666666667e-10
31,1.2666666666666668e-09
32,2.016666666666667e-09
33,1.0666666666666667e-09
34,1.5833333333333334e-09
35,8.166666666666667e-10
36,8e-10
37,7.333333333333333e-10
38,3.166666666666667e-10
39,7.333333333333333e-10
40,9.166666666666667e-10
41,7.833333333333333e-10
42,1.2999999999999999e-09
43,8.166666666666667e-10
44,1.25e-09
45,1.2333333333333334e-09
46,1.0333333333333333e-09
47,1.15e-09
48,1.3666666666666667e-09
49,1.2333333333333334e-09
50,1.25e-09
51,1.4333333333333333e-09
52,1.4833333333333334e-09
53,9.999999999999999e-10
54,1.3666666666666667e-09
55,1.4333333333333333e-09
56,2.7333333333333334e-09
57,1.1166666666666667e-09
58,1.1166666666666667e-09
59,8.333333333333332e-10
60,1.5e-09
61,1.0166666666666667e-09
62,1.55e-09
63,1.9166666666666665e-09
64,1.4166666666666665e-09
65,1.1166666666666667e-09
66,4.066666666666667e-09
67,1.4333333333333333e-09
68,2.1833333333333334e-09
69,2.4166666666666664e-09
70,2.65e-09
71,1.3833333333333333e-09
72,2.1500000000000002e-09
73,2.0833333333333334e-09
74,2.283333333333333e-09
75,2.9e-09
76,1.45e-09
77,2.7666666666666666e-09
78,1.0333333333333333e-09
79,3.733333333333333e-09
80,2.55e-09
81,2.6166666666666665e-09
82,1.8666666666666664e-09
83,1.5333333333333334e-09
84,2.6666666666666666e-09
85,1.8166666666666666e-09
86,2.6833333333333334e-09
87,2.4333333333333336e-09
88,1.8333333333333334e-09
89,2.5e-09
90,1.8666666666666664e-09
91,2.466666666666667e-09
92,3.4166666666666667e-09
93,1.8e-09
94,2.3666666666666668e-09
95,2.25e-09
96,2.1666666666666666e-09
97,1.6666666666666665e-09
98,1.7e-09
99,2.116666666666667e-09
100,1.6666666666666665e-09
101,1.7e-09
102,2.2e-09
103,2.3666666666666668e-09
104,2.2e-09
105,2.2333333333333335e-09
106,2.283333333333333e-09
107,2.0833333333333334e-09
108,2.25e-09
109,2.3e-09
110,2.1333333333333334e-09
111,1.9166666666666665e-09
112,2.283333333333333e-09
113,2.1500000000000002e-09
114,2.2e-09
115,2.2333333333333335e-09
116,2.2e-09
117,1.9999999999999997e-09
118,2.9e-09
119,1.85e-09
120,2.5999999999999997e-09
121,1.7833333333333334e-09
122,2.0666666666666666e-09
123,2.3e-09
124,2.1333333333333334e-09
125,1.6666666666666665e-09
126,3.1e-09
127,1.8166666666666666e-09
128,2.4333333333333336e-09
129,2.7166666666666666e-09
130,2.2333333333333335e-09
131,1.6666666666666665e-09
132,2.4166666666666664e-09
133,1.3666666666666667e-09
134,2.2333333333333335e-09
135,1.7666666666666666e-09
136,1.4666666666666666e-09
137,2.7166666666666666e-09
138,1.5333333333333334e-09
139,1.8166666666666666e-09
140,1.5e-09
141,1.7833333333333334e-09
142,1.8833333333333332e-09
143,1.2999999999999999e-09
144,1.2833333333333335e-09
145,1.4833333333333334e-09
146,2.0833333333333334e-09
147,1.15e-09
148,1.4166666666666665e-09
149,1.3166666666666667e-09
150,1.4666666666666666e-09
151,1.3833333333333333e-09
152,1.85e-09
153,1.2833333333333335e-09
154,1.25e-09
155,1.3499999999999999e-09
156,1.3166666666666667e-09
157,1.2999999999999999e-09
158,1.6e-09
159,1.8833333333333332e-09
160,1.3833333333333333e-09
161,2.016666666666667e-09
162,1.5333333333333334e-09
163,1.1833333333333334e-09
164,1.5e-09
165,1.5166666666666666e-09
166,1.6166666666666667e-09
167,1.6666666666666665e-09
168,1.65e-09
169,1.7833333333333334e-09
170,9.5e-10
171,1.3833333333333333e-09
172,1.4833333333333334e-09
173,8.666666666666667e-10
174,1.0833333333333333e-09
175,9.5e-10
176,9.999999999999999e-10
177,1.0166666666666667e-09
178,9.666666666666666e-10
179,1.2666666666666668e-09
180,9.5e-10
181,1.0166666666666667e-09
182,1.1666666666666668e-09
183,9.666666666666666e-10
184,1.1333333333333333e-09
185,1.15e-09
186,1.25e-09
187,1.2833333333333335e-09
188,9e-10
189,7.333333333333333e-10
190,1.9166666666666665e-09
191,8.5e-10
192,8.666666666666667e-10
193,1.75e-09
194,5.833333333333334e-10
195,1.3833333333333333e-09
196,1.6666666666666665e-09
197,9.833333333333332e-10
198,9.5e-10
199,7.666666666666667e-10
200,9.833333333333332e-10
201,8.666666666666667e-10
202,9e-10
203,2.116666666666667e-09
204,2.4e-09
205,6.833333333333334e-10
206,7.333333333333333e-10
207,2.1500000000000002e-09
208,9.333333333333332e-10
209,9.5e-10
210,4.5e-10
211,1.1333333333333333e-09
212,1.0166666666666667e-09
213,9.166666666666667e-10
214,1.1833333333333334e-09
215,1.2333333333333334e-09
216,1.6e-09
217,1.4166666666666665e-09
218,1.3833333333333333e-09
219,1.1166666666666667e-09
220,4.5e-10
221,1.5166666666666666e-09
222,1.2e-09
223,1.2666666666666668e-09
224,1.4833333333333334e-09
225,1.0499999999999999e-09
226,1.5e-09
227,8.666666666666667e-10
228,1.65e-09
229,1.7e-09
230,8.166666666666667e-10
231,3.0833333333333332e-09
232,9.999999999999999e-10
233,1.4833333333333334e-09
234,8.333333333333332e-10
235,1.25e-09
236,1.2166666666666668e-09
237,1.8333333333333334e-09
238,1.4166666666666665e-09
239,1.2666666666666668e-09
240,1.55e-09
241,1.4333333333333333e-09
242,1.3666666666666667e-09
243,1.65e-09
244,1.25e-09
245,1.5166666666666666e-09
246,1.8166666666666666e-09
247,1.2833333333333335e-09
248,1.4833333333333334e-09
249,1.1833333333333334e-09
250,1.6666666666666665e-09
251,1.5666666666666666e-09
252,1.2e-09
253,1.8833333333333332e-09
254,2.0333333333333333e-09
255,1.4333333333333333e-09
256,1.3666666666666667e-09
257,1.2666666666666668e-09
258,1.8166666666666666e-09
259,2.1500000000000002e-09
260,1.8833333333333332e-09
261,1.65e-09
262,2.05e-09
263,1.5333333333333334e-09
264,1.6666666666666665e-09
265,1.8666666666666664e-09
266,1.6833333333333333e-09
267,1.5666666666666666e-09
268,1.4833333333333334e-09
269,1.3833333333333333e-09
270,1.7333333333333333e-09
271,1.6833333333333333e-09
272,1.8e-09
273,1.75e-09
274,1.6e-09
275,1.7333333333333333e-09
276,1.55e-09
277,1.4666666666666666e-09
278,1.3666666666666667e-09
279,1.45e-09
280,1.2666666666666668e-09
281,1.1333333333333333e-09
282,1.0499999999999999e-09
283,9.833333333333332e-10
284,1.15e-09
285,1.0833333333333333e-09
286,1.25e-09
287,1.0833333333333333e-09
288,7.5e-10
289,7.833333333333333e-10
290,8e-10
291,8.833333333333333e-10
292,8e-10
293,9e-10
294,2.0666666666666666e-09
295,1.2166666666666668e-09
296,6.333333333333334e-10
297,4.833333333333333e-10
298,1.5666666666666666e-09
299,1.2166666666666668e-09
300,5.5e-10
301,1.4166666666666665e-09
302,1.2833333333333335e-09
303,6.166666666666667e-10
304,1.4166666666666665e-09
305,1.1333333333333333e-09
306,9.166666666666667e-10
307,1.1166666666666667e-09
308,7.5e-10
309,1.0833333333333333e-09
310,9e-10
311,9.666666666666666e-10
312,1.9666666666666665e-09
313,1.5166666666666666e-09
314,9.833333333333332e-10
315,1.1333333333333333e-09
316,8e-10
317,7.166666666666667e-10
318,1.1e-09
319,9.5e-10
320,6e-10
321,1.5833333333333334e-09
322,5.333333333333334e-10
323,1.6666666666666665e-09
324,1.55e-09
325,1.4833333333333334e-09
326,4.999999999999999e-10
327,1.3333333333333333e-09
328,1.4666666666666666e-09
329,1.0666666666666667e-09
330,1.3499999999999999e-09
331,1.0666666666666667e-09
332,1.0666666666666667e-09
333,1.0166666666666667e-09
334,1.1333333333333333e-09
335,1.0499999999999999e-09
336,7.833333333333333e-10
337,9.166666666666667e-10
338,9.166666666666667e-10
339,8.5e-10
340,8e-10
341,7.166666666666667e-10
342,8.5e-10
343,7.333333333333333e-10
344,8.166666666666667e-10
345,8e-10
346,1.9333333333333333e-09
347,9.5e-10
348,7.666666666666667e-10
349,9.333333333333332e-10
350,7.5e-10
351,5.666666666666667e-10
352,1.5666666666666666e-09
353,6.499999999999999e-10
354,1.8666666666666664e-09
355,1.2833333333333335e-09
356,1.7666666666666666e-09
357,8.333333333333332e-10
358,5.666666666666667e-10
359,8e-10
360,1.2666666666666668e-09
361,5.666666666666667e-10
362,1.6833333333333333e-09
363,8.333333333333332e-10
364,1.5333333333333334e-09
365,7.833333333333333e-10
366,1.8e-09
367,8e-10
368,6.833333333333334e-10
369,1.75e-09
370,6.499999999999999e-10
371,1.2666666666666668e-09
372,1.3666666666666667e-09
373,7.333333333333333e-10
374,1.4833333333333334e-09
375,1.5166666666666666e-09
376,1.2166666666666668e-09
377,1.5e-09
378,1.4166666666666665e-09
379,1.1833333333333334e-09
380,1.2166666666666668e-09
381,1.0166666666666667e-09
382,1.25e-09
383,7e-10
384,8.833333333333333e-10
385,9.166666666666667e-10
386,1.55e-09
387,9.833333333333332e-10
388,1.3499999999999999e-09
389,5.333333333333334e-10
390,7e-10
391,5.666666666666667e-10
392,1.1833333333333334e-09
393,1.1333333333333333e-09
394,1.45e-09
395,1.2666666666666668e-09
396,6.499999999999999e-10
397,7.833333333333333e-10
398,1.1333333333333333e-09
399,9.666666666666666e-10
400,1.4666666666666666e-09
401,1.55e-09
402,7.666666666666667e-10
403,1.3666666666666667e-09
404,1.3833333333333333e-09
405,1.5666666666666666e-09
406,9.999999999999999e-10
407,1.5166666666666666e-09
408,1.4166666666666665e-09
409,1.2666666666666668e-09
410,1.3666666666666667e-09
411,1.4e-09
412,8.833333333333333e-10
413,1.0166666666666667e-09
414,1.3499999999999999e-09
415,1.4e-09
416,1.2166666666666668e-09
417,1.2166666666666668e-09
418,1.3166666666666667e-09
419,1.7833333333333334e-09
420,1.2666666666666668e-09
421,9.999999999999999e-10
422,1.2166666666666668e-09
423,1.2e-09
424,9.999999999999999e-10
425,9.833333333333332e-10
426,9.5e-10
427,8.833333333333333e-10
428,7.166666666666667e-10
429,6.499999999999999e-10
430,7.666666666666667e-10
431,6.499999999999999e-10
432,1.15e-09
433,7.166666666666667e-10
434,7.5e-10
435,1.1166666666666667e-09
436,9.833333333333332e-10
437,1.0833333333333333e-09
438,8.333333333333332e-10
439,9.333333333333332e-10
440,1.2e-09
441,6.833333333333334e-10
442,9.166666666666667e-10
443,6.499999999999999e-10
444,2.8333333333333334e-10
445,1.0166666666666667e-09
446,8.333333333333332e-10
447,7.833333333333333e-10
448,7e-10
449,1.1e-09
450,5.833333333333334e-10
451,7.333333333333333e-10
452,5.166666666666666e-10
453,5.833333333333334e-10
454,6.499999999999999e-10
455,6.333333333333334e-10
456,6.166666666666667e-10
457,7.666666666666667e-10
458,8e-10
459,1.3666666666666667e-09
460,6e-10
461,7.166666666666667e-10
462,7.833333333333333e-10
463,1.15e-09
464,9.333333333333332e-10
465,1.0166666666666667e-09
466,9.5e-10
467,1.1333333333333333e-09
468,8.5e-10
469,9.666666666666666e-10
470,1.2e-09
471,1.65e-09
472,9.833333333333332e-10
473,9e-10
474,1.0499999999999999e-09
475,1.0333333333333333e-09
476,8e-10
477,9.333333333333332e-10
478,9.999999999999999e-10
479,1.0166666666666667e-09
480,1.1666666666666668e-09
481,1.65e-09
482,1.5e-09
483,8.166666666666667e-10
484,1.6833333333333333e-09
485,1.3666666666666667e-09
486,1.3333333333333333e-09
487,1.0833333333333333e-09
488,1.25e-09
489,1.6166666666666667e-09
490,9.666666666666666e-10
491,9.999999999999999e-10
492,1.4833333333333334e-09
493,1.0166666666666667e-09
494,1.4333333333333333e-09
495,3.5e-10
496,1.5833333333333334e-09
497,1.3833333333333333e-09
498,1.8166666666666666e-09
499,1.8333333333333334e-09
500,6e-10
501,1.6833333333333333e-09
502,1.95e-09
503,8.166666666666667e-10
504,1.7e-09
505,9.333333333333332e-10
506,2.05e-09
507,1.0833333333333333e-09
508,1.25e-09
509,7.333333333333333e-10
510,8e-10
511,6e-10
512,9.166666666666667e-10
513,2.05e-09
514,1.75e-09
515,1.55e-09
516,9e-10
517,6.833333333333334e-10
518,8.666666666666667e-10
519,1.9833333333333333e-09
520,1.8e-09
521,1.85e-09
522,7.666666666666667e-10
523,1.7333333333333333e-09
524,2.0999999999999998e-09
525,8.5e-10
526,7.166666666666667e-10
527,1.7666666666666666e-09
528,7.666666666666667e-10
529,2.116666666666667e-09
530,1.9166666666666665e-09
531,7.833333333333333e-10
532,2.383333333333333e-09
533,4.5e-10
534,8.666666666666667e-10
535,1.8e-09
536,2.7833333333333334e-09
537,8.333333333333332e-10
538,7.333333333333333e-10
539,2.4833333333333332e-09
540,2.6833333333333334e-09
541,1.2666666666666668e-09
542,7.166666666666667e-10
543,2.45e-09
544,2.0833333333333334e-09
545,7.5e-10
546,9.166666666666667e-10
547,2.3166666666666663e-09
548,5.5e-10
549,2.216666666666667e-09
550,2.1500000000000002e-09
551,4.166666666666667e-09
552,1.6833333333333333e-09
553,2.116666666666667e-09
554,2.65e-09
555,2.4333333333333336e-09
556,3.7e-09
557,1.2999999999999999e-09
558,2.8500000000000003e-09
559,1.1666666666666668e-09
560,1.2166666666666668e-09
561,4.5e-10
562,2.0666666666666666e-09
563,3.066666666666667e-09
564,3.15e-09
565,1.4333333333333333e-09
566,3.3166666666666666e-09
567,1.7333333333333333e-09
568,1.1666666666666668e-09
569,2.3666666666666668e-09
570,1.7166666666666665e-09
571,2.5999999999999997e-09
572,2.9500000000000004e-09
573,2.9e-09
574,4.1e-09
575,2.566666666666667e-09
576,1.5833333333333334e-09
577,2.4e-09
578,1.3499999999999999e-09
579,9.666666666666666e-10
580,3.25e-09
581,1.5333333333333334e-09
582,2.9666666666666668e-09
583,2.8833333333333335e-09
584,1.6166666666666667e-09
585,3.0166666666666664e-09
586,1.7e-09
587,3.05e-09
588,1.75e-09
589,2.6833333333333334e-09
590,2.9500000000000004e-09
591,2.7500000000000002e-09
592,1.3833333333333333e-09
593,2.6166666666666665e-09
594,1.3833333333333333e-09
595,3.533333333333333e-09
596,1.7833333333333334e-09
597,3.4833333333333335e-09
598,9.166666666666667e-10
599,1.1166666666666667e-09
600,3.633333333333333e-09
601,1.1333333333333333e-09
602,8.333333333333332e-10
603,3.5666666666666668e-09
604,1.1666666666666668e-09
605,3.033333333333333e-09
606,1.0499999999999999e-09
607,3.0166666666666664e-09
608,2.9e-09
609,1.1166666666666667e-09
610,1.25e-09
611,1.1166666666666667e-09
612,2.933333333333333e-09
613,1.2999999999999999e-09
614,9e-10
615,6.666666666666666e-10
616,1.7833333333333334e-09
617,1.7666666666666666e-09
618,7.833333333333333e-10
619,1.7833333333333334e-09
620,3e-09
621,5.166666666666666e-10
622,6.833333333333334e-10
623,9.999999999999999e-10
624,1.75e-09
625,1.95e-09
626,1.0333333333333333e-09
627,1.9e-09
628,1.65e-09
629,1.9666666666666665e-09
630,1.65e-09
631,1.6333333333333335e-09
632,1.5666666666666666e-09
633,1.4333333333333333e-09
634,1.5333333333333334e-09
635,1.8166666666666666e-09
636,1.25e-09
637,2.0666666666666666e-09
638,1.4e-09
639,1.5333333333333334e-09
640,1.4666666666666666e-09
641,1.5833333333333334e-09
642,1.55e-09
643,1.45e-09
644,1.9333333333333333e-09
645,1.6166666666666667e-09
646,1.4833333333333334e-09
647,1.8666666666666664e-09
648,1.2999999999999999e-09
649,1.45e-09
650,1.2666666666666668e-09
651,1.15e-09
652,1.5666666666666666e-09
653,1.1833333333333334e-09
654,1.3166666666666667e-09
655,1.1833333333333334e-09
656,1.2e-09
657,1.0333333333333333e-09
658,2.9e-09
659,1.0833333333333333e-09
660,1.5166666666666666e-09
661,1.1166666666666667e-09
662,1.6e-09
663,9e-10
664,2.0666666666666666e-09
665,8.166666666666667e-10
666,8.833333333333333e-10
667,1.0166666666666667e-09
668,1.0666666666666667e-09
669,1.7e-09
670,7.166666666666667e-10
671,1.5166666666666666e-09
672,1.65e-09
673,1.3499999999999999e-09
674,1.4166666666666665e-09
675,1.6666666666666665e-09
676,1.0499999999999999e-09
677,1.65e-09
678,8.666666666666667e-10
679,1.2333333333333334e-09
680,1.95e-09
681,1.1666666666666668e-09
682,1.1e-09
683,1.5166666666666666e-09
684,1.2833333333333335e-09
685,9.333333333333332e-10
686,1.3666666666666667e-09
687,1.3833333333333333e-09
688,1.4e-09
689,1.2666666666666668e-09
690,1.2e-09
691,1.0833333333333333e-09
692,1.55e-09
693,1.1e-09
694,9.166666666666667e-10
695,1.3333333333333333e-09
696,1.0499999999999999e-09
697,1.0666666666666667e-09
698,1.1166666666666667e-09
699,1.0333333333333333e-09
700,1.2833333333333335e-09
701,9.166666666666667e-10
702,7.666666666666667e-10
703,6e-10
704,1.1166666666666667e-09
705,7.666666666666667e-10
706,1.2e-09
707,7e-10
708,8.666666666666667e-10
709,9.333333333333332e-10
710,9.166666666666667e-10
711,9.5e-10
712,1.4333333333333333e-09
713,9e-10
714,8.333333333333332e-10
715,1.1333333333333333e-09
716,1.0833333333333333e-09
717,5.666666666666667e-10
718,7.666666666666667e-10
719,1.1e-09
720,9.5e-10
721,1.4166666666666665e-09
722,1.85e-09
723,1.2333333333333334e-09
724,6.833333333333334e-10
725,8.833333333333333e-10
726,1.2166666666666668e-09
727,1.15e-09
728,1.2166666666666668e-09
729,1.2e-09
730,1.0499999999999999e-09
731,1.8166666666666666e-09
732,1.0499999999999999e-09
733,1.7e-09
734,1.0666666666666667e-09
735,7.833333333333333e-10
736,1.0499999999999999e-09
737,1.2666666666666668e-09
738,1.2166666666666668e-09
739,7.833333333333333e-10
740,1.4e-09
741,1.65e-09
742,1.95e-09
743,2.0333333333333333e-09
744,7.833333333333333e-10
745,1.6833333333333333e-09
746,1.8666666666666664e-09
747,1.4333333333333333e-09
748,1.4833333333333334e-09
749,1.0166666666666667e-09
750,1.15e-09
751,1.3333333333333333e-09
752,1.4166666666666665e-09
753,1.2166666666666668e-09
754,1.4833333333333334e-09
755,1.1833333333333334e-09
756,2.116666666666667e-09
757,9.999999999999999e-10
758,1.25e-09
759,1.4166666666666665e-09
760,1.1666666666666668e-09
761,1.2e-09
762,1.2166666666666668e-09
763,1.25e-09
764,9e-10
765,8.833333333333333e-10
766,1.3166666666666667e-09
767,1.0833333333333333e-09
768,8.666666666666667e-10
769,1.0333333333333333e-09
770,7.833333333333333e-10
771,1.1833333333333334e-09
772,1.0166666666666667e-09
773,1.1e-09
774,9.333333333333332e-10
775,1.5166666666666666e-09
776,8.833333333333333e-10
777,7.166666666666667e-10
778,1.25e-09
779,9.5e-10
780,9.999999999999999e-10
781,9.833333333333332e-10
782,1.0333333333333333e-09
783,1.0333333333333333e-09
784,1.4e-09
785,8.833333333333333e-10
786,1.45e-09
787,9.833333333333332e-10
788,1.4333333333333333e-09
789,8.5e-10
790,1.7333333333333333e-09
791,9.666666666666666e-10
792,8.333333333333332e-10
793,8.333333333333332e-10
794,8.333333333333332e-10
795,1.0833333333333333e-09
796,8.5e-10
797,1.5333333333333334e-09
798,1.0833333333333333e-09
799,1.0333333333333333e-09
800,8.166666666666667e-10
801,9.333333333333332e-10
802,1.0833333333333333e-09
803,1.2e-09
804,1.1333333333333333e-09
805,7e-10
806,1.2166666666666668e-09
807,1.5166666666666666e-09
808,1.25e-09
809,1.1833333333333334e-09
810,7.833333333333333e-10
811,1.7166666666666665e-09
812,1.5166666666666666e-09
813,1.2166666666666668e-09
814,9e-10
815,1.0833333333333333e-09
816,6.333333333333334e-10
817,1.2666666666666668e-09
818,1.7e-09
819,1.3166666666666667e-09
820,9.999999999999999e-10
821,1.0833333333333333e-09
822,1.0499999999999999e-09
823,9e-10
824,1.5833333333333334e-09
825,8.333333333333332e-10
826,1.4666666666666666e-09
827,1.0333333333333333e-09
828,1.6e-09
829,1.5833333333333334e-09
830,8.166666666666667e-10
831,1.4833333333333334e-09
832,1.3666666666666667e-09
833,1.5e-09
834,1.6833333333333333e-09
835,1.7333333333333333e-09
836,1.7e-09
837,1.15e-09
838,1.0166666666666667e-09
839,1.2666666666666668e-09
840,1.1666666666666668e-09
841,7.666666666666667e-10
842,1.1e-09
843,7.666666666666667e-10
844,1.0499999999999999e-09
845,6.833333333333334e-10
846,1.0666666666666667e-09
847,1.1833333333333334e-09
848,8.166666666666667e-10
849,8.666666666666667e-10
850,8.166666666666667e-10
851,6.666666666666666e-10
852,1.1666666666666668e-09
853,1.65e-09
854,1.2666666666666668e-09
855,1.8e-09
856,1.1166666666666667e-09
857,1.25e-09
858,6e-10
859,1.0499999999999999e-09
860,1.0833333333333333e-09
861,1.1166666666666667e-09
862,8.666666666666667e-10
863,1.3833333333333333e-09
864,1.3833333333333333e-09
865,1.0333333333333333e-09
866,1.2333333333333334e-09
867,1.4333333333333333e-09
868,1.4833333333333334e-09
869,1.3833333333333333e-09
870,9.999999999999999e-10
871,9.833333333333332e-10
872,7.666666666666667e-10
873,1.0166666666666667e-09
874,7.666666666666667e-10
875,8.166666666666667e-10
876,7.666666666666667e-10
877,7e-10
878,6.833333333333334e-10
879,6.833333333333334e-10
880,4.3333333333333334e-10
881,6e-10
882,4.166666666666666e-10
883,8e-10
884,3.8333333333333335e-10
885,5.833333333333334e-10
886,6.166666666666667e-10
887,6.833333333333334e-10
888,4e-10
889,5.333333333333334e-10
890,4.5e-10
891,5.666666666666667e-10
892,7.5e-10
893,3.5e-10
894,9.999999999999999e-10
895,7.666666666666667e-10
896,6.333333333333334e-10
897,5.5e-10
898,2.666666666666667e-10
899,1.2e-09
900,1.45e-09
901,1.1166666666666667e-09
902,1.3333333333333333e-09
903,1.6e-09
904,1.4e-09
905,1.4e-09
906,2.8333333333333334e-10
907,2.6833333333333334e-09
908,1.1666666666666668e-09
909,7.666666666666667e-10
910,7.666666666666667e-10
911,1.3666666666666667e-09
912,1.55e-09
913,1.2666666666666668e-09
914,7e-10
915,1.1166666666666667e-09
916,1.3166666666666667e-09
917,2.05e-09
918,1.7333333333333333e-09
919,6.166666666666667e-10
920,7.333333333333333e-10
921,1.0333333333333333e-09
922,1.1666666666666668e-09
923,2.25e-09
924,1.65e-09
925,8.166666666666667e-10
926,2.4333333333333336e-09
927,2.65e-09
928,1.5166666666666666e-09
929,8.5e-10
930,2.3666666666666668e-09
931,5.833333333333334e-10
932,1.5333333333333334e-09
933,9e-10
934,1.95e-09
935,9.833333333333332e-10
936,6.666666666666666e-10
937,1.75e-09
938,1.0166666666666667e-09
939,8.833333333333333e-10
940,7.5e-10
941,8.666666666666667e-10
942,1.0333333333333333e-09
943,1.9e-09
944,3.5e-10
945,1.2999999999999999e-09
946,1.3666666666666667e-09
947,8.5e-10
948,1.5333333333333334e-09
949,1.3333333333333333e-09
950,8.666666666666667e-10
951,9.666666666666666e-10
952,8.5e-10
953,6.833333333333334e-10
954,1.0333333333333333e-09
955,8.333333333333332e-10
956,7.166666666666667e-10
957,9.666666666666666e-10
958,9.333333333333332e-10
959,9e-10
960,9.5e-10
961,7.833333333333333e-10
962,5.5e-10
963,6.166666666666667e-10
964,6.833333333333334e-10
965,1.0333333333333333e-09
966,6.833333333333334e-10
967,6.333333333333334e-10
968,1.0166666666666667e-09
969,4.833333333333333e-10
970,1.2333333333333334e-09
971,4.666666666666666e-10
972,8e-10
973,4.3333333333333334e-10
974,6.833333333333334e-10
975,1.1666666666666668e-09
976,1.8166666666666666e-09
977,1.4666666666666666e-09
978,8.666666666666667e-10
979,6e-10
980,1.7166666666666665e-09
981,1.7166666666666665e-09
982,9.999999999999999e-10
983,5.666666666666667e-10
984,8e-10
985,8.333333333333332e-10
986,1.6e-09
987,1.6333333333333335e-09
988,1.3499999999999999e-09
989,1.5333333333333334e-09
990,1.4166666666666665e-09
991,5.5e-10
992,1.6666666666666665e-09
993,1.5e-09
994,1.4833333333333334e-09
995,7.333333333333333e-10
996,6.833333333333334e-10
997,1.6333333333333335e-09
998,1.7833333333333334e-09
999,9.999999999999999e-10
1000,9.833333333333332e-10
1001,9.833333333333332e-10
1002,8.833333333333333e-10
1003,1.3833333333333333e-09
1004,3.166666666666667e-10
1005,8.166666666666667e-10
1006,1.9333333333333333e-09
1007,1.3666666666666667e-09
1008,7.166666666666667e-10
1009,8.5e-10
1010,1.4333333333333333e-09
1011,1.6666666666666665e-09
1012,2.5166666666666665e-09
1013,1.7e-09
1014,1.7833333333333334e-09
1015,1.6666666666666665e-09
1016,1.9333333333333333e-09
1017,4.383333333333334e-09
1018,2.0999999999999998e-09
1019,1.9833333333333333e-09
1020,6e-10
1021,1.4666666666666666e-09
1022,2.0999999999999998e-09
1023,2.466666666666667e-09
1024,2.4166666666666664e-09
1025,4.999999999999999e-10
1026,6.333333333333334e-10
1027,2.0833333333333334e-09
1028,6.333333333333334e-10
1029,2.1500000000000002e-09
1030,2.7166666666666666e-09
1031,2.55e-09
1032,2.5833333333333333e-09
1033,3.5e-10
1034,2.45e-09
1035,2.3e-09
1036,2.2666666666666667e-09
1037,1.0166666666666667e-09
1038,1.1166666666666667e-09
1039,2.4333333333333336e-09
1040,8.166666666666667e-10
1041,2.5e-09
1042,2.3333333333333335e-09
1043,4.1999999999999996e-09
1044,2.8500000000000003e-09
1045,6.333333333333334e-10
1046,1.2999999999999999e-09
1047,3.2166666666666665e-09
1048,3.7166666666666664e-09
1049,6.333333333333334e-10
1050,1.4e-09
1051,2.3333333333333335e-09
1052,3.2e-09
1053,9e-10
1054,2.5833333333333333e-09
1055,7.166666666666667e-10
1056,6.333333333333334e-10
1057,2.9166666666666667e-09
1058,7e-10
1059,3.3500000000000002e-09
1060,2.7166666666666666e-09
1061,1.0166666666666667e-09
1062,2.3333333333333335e-09
1063,2.2666666666666667e-09
1064,5.333333333333334e-10
1065,2.1333333333333334e-09
1066,2.6666666666666666e-09
1067,1.15e-09
1068,7.833333333333333e-10
1069,2.8166666666666667e-09
1070,1.7333333333333333e-09
1071,3e-09
1072,1.3833333333333333e-09
1073,2.833333333333333e-09
1074,2.6333333333333333e-09
1075,1.3333333333333333e-09
1076,1.6666666666666665e-09
1077,8.666666666666667e-10
1078,1.4333333333333333e-09
1079,1.7833333333333334e-09
1080,2.8e-09
1081,2.1833333333333334e-09
1082,2.65e-09
1083,1.6e-09
1084,2.0333333333333333e-09
1085,1.5e-09
1086,1.7e-09
1087,2.1500000000000002e-09
1088,1.5333333333333334e-09
1089,2.4833333333333332e-09
1090,1.5333333333333334e-09
1091,1.7333333333333333e-09
1092,2.9500000000000004e-09
1093,1.9666666666666665e-09
1094,1.7e-09
1095,1.45e-09
1096,1.4333333333333333e-09
1097,1.8166666666666666e-09
1098,1.5166666666666666e-09
1099,1.2833333333333335e-09
1100,1.9999999999999997e-09
1101,1.5166666666666666e-09
1102,1.5e-09
1103,1.6e-09
1104,2.6833333333333334e-09
1105,2.8e-09
1106,1.2e-09
1107,1.65e-09
1108,1.4333333333333333e-09
1109,1.5833333333333334e-09
1110,1.4333333333333333e-09
1111,1.6666666666666665e-09
1112,2.016666666666667e-09
1113,1.65e-09
1114,2.0333333333333333e-09
1115,1.4166666666666665e-09
1116,1.4e-09
1117,1.7166666666666665e-09
1118,1.8e-09
1119,1.5833333333333334e-09
1120,1.2333333333333334e-09
1121,1.2999999999999999e-09
1122,1.3166666666666667e-09
1123,1.1666666666666668e-09
1124,1.5e-09
1125,1.0499999999999999e-09
1126,1.4e-09
1127,1.0833333333333333e-09
1128,1.2333333333333334e-09
1129,1.0833333333333333e-09
1130,9.166666666666667e-10
1131,1.0666666666666667e-09
1132,1.2999999999999999e-09
1133,1.0666666666666667e-09
1134,1.2333333333333334e-09
1135,1.15e-09
1136,1.3833333333333333e-09
1137,7.666666666666667e-10
1138,9.166666666666667e-10
1139,1.2166666666666668e-09
1140,1.7833333333333334e-09
1141,8.666666666666667e-10
1142,7.666666666666667e-10
1143,9.5e-10
1144,1.1666666666666668e-09
1145,1.7833333333333334e-09
1146,1.55e-09
1147,8.166666666666667e-10
1148,1.0333333333333333e-09
1149,8.5e-10
1150,1.4833333333333334e-09
1151,1.3666666666666667e-09
1152,1.0666666666666667e-09
1153,1.2e-09
1154,1.4833333333333334e-09
1155,1.2e-09
1156,7.333333333333333e-10
1157,1.2666666666666668e-09
1158,8.666666666666667e-10
1159,5.666666666666667e-10
1160,9.999999999999999e-10
1161,1.9999999999999997e-09
1162,1.9333333333333333e-09
1163,9.333333333333332e-10
1164,1.2166666666666668e-09
1165,8.333333333333332e-10
1166,1.5166666666666666e-09
1167,7.166666666666667e-10
1168,9.833333333333332e-10
1169,1.1e-09
1170,6.833333333333334e-10
1171,1.1333333333333333e-09
1172,1.15e-09
1173,2.1333333333333334e-09
1174,1.6e-09
1175,9.333333333333332e-10
1176,7.166666666666667e-10
1177,1.5666666666666666e-09
1178,8.666666666666667e-10
1179,1.1e-09
1180,7.166666666666667e-10
1181,9e-10
1182,9.166666666666667e-10
1183,1.45e-09
1184,1.6e-09
1185,1.65e-09
1186,1.0833333333333333e-09
1187,8.5e-10
1188,1.45e-09
1189,1.0166666666666667e-09
1190,1.15e-09
1191,1.0499999999999999e-09
1192,7.5e-10
1193,7.333333333333333e-10
1194,3.5e-10
1195,1.65e-09
1196,9.5e-10
1197,5.833333333333334e-10
1198,7.5e-10
1199,4.999999999999999e-10
1200,1.95e-09
1201,9.166666666666667e-10
1202,1.1833333333333334e-09
1203,1.0833333333333333e-09
1204,1.5166666666666666e-09
1205,1.6333333333333335e-09
1206,1.5166666666666666e-09
1207,1.7e-09
1208,1.6166666666666667e-09
1209,1.4333333333333333e-09
1210,7.5e-10
1211,1.5e-09
1212,1.6e-09
1213,1.0499999999999999e-09
1214,8.5e-10
1215,1.0499999999999999e-09
1216,2.1333333333333334e-09
1217,1.7e-09
1218,1.95e-09
1219,1.2999999999999999e-09
1220,6.833333333333334e-10
1221,1.6333333333333335e-09
1222,1.5e-09
1223,3.8333333333333335e-10
1224,6.833333333333334e-10
1225,1.0666666666666667e-09
1226,2.466666666666667e-09
1227,1.9666666666666665e-09
1228,1.1e-09
1229,2.25e-09
1230,1.7833333333333334e-09
1231,1.5166666666666666e-09
1232,1.45e-09
1233,1.7833333333333334e-09
1234,1.8166666666666666e-09
1235,5.166666666666666e-10
1236,1.5e-09
1237,8.666666666666667e-10
1238,1.6833333333333333e-09
1239,1.1833333333333334e-09
1240,2.2e-09
1241,1.15e-09
1242,1.0166666666666667e-09
1243,1.8166666666666666e-09
1244,1.4e-09
1245,1.25e-09
1246,1.6333333333333335e-09
1247,1.3666666666666667e-09
1248,2.116666666666667e-09
1249,1.4666666666666666e-09
1250,1.8333333333333334e-09
1251,1.7333333333333333e-09
1252,2.3166666666666663e-09
1253,1.85e-09
1254,2.216666666666667e-09
1255,2.0999999999999998e-09
1256,1.3166666666666667e-09
1257,1.55e-09
1258,1.7166666666666665e-09
1259,1.1833333333333334e-09
1260,1.8666666666666664e-09
1261,1.95e-09
1262,1.1e-09
1263,1.4166666666666665e-09
1264,1.7e-09
1265,1.7333333333333333e-09
1266,1.9166666666666665e-09
1267,2.216666666666667e-09
1268,2.8500000000000003e-09
1269,1.5166666666666666e-09
1270,1.9999999999999997e-09
1271,1.5166666666666666e-09
1272,1.9333333333333333e-09
1273,1.8666666666666664e-09
1274,1.8666666666666664e-09
1275,2.566666666666667e-09
1276,1.7666666666666666e-09
1277,1.9e-09
1278,2.6833333333333334e-09
1279,1.75e-09
1280,2.3666666666666668e-09
1281,1.6666666666666665e-09
1282,1.65e-09
1283,1.5833333333333334e-09
1284,1.6833333333333333e-09
1285,1.4833333333333334e-09
1286,1.6e-09
1287,2.0833333333333334e-09
1288,1.9833333333333333e-09
1289,2.4e-09
1290,2.0833333333333334e-09
1291,2.65e-09
1292,2.7333333333333334e-09
1293,1.9333333333333333e-09
1294,1.1166666666666667e-09
1295,1.4e-09
1296,2.5333333333333337e-09
1297,2.6833333333333334e-09
1298,1.9333333333333333e-09
1299,1.6e-09
1300,2.833333333333333e-09
1301,2.0333333333333333e-09
1302,1.6333333333333335e-09
1303,4.25e-09
1304,1.6166666666666667e-09
1305,2.25e-09
1306,2.6833333333333334e-09
1307,2.6666666666666666e-09
1308,1.8666666666666664e-09
1309,2.3e-09
1310,1.7166666666666665e-09
1311,2.2666666666666667e-09
1312,2.216666666666667e-09
1313,2.3166666666666663e-09
1314,2.4e-09
1315,2.4e-09
1316,2.6666666666666666e-09
1317,2.55e-09
1318,2.4166666666666664e-09
1319,3.2333333333333333e-09
1320,2.6833333333333334e-09
1321,2.0333333333333333e-09
1322,3.066666666666667e-09
1323,1.6833333333333333e-09
1324,1.9166666666666665e-09
1325,2.566666666666667e-09
1326,2.1500000000000002e-09
1327,2.6999999999999998e-09
1328,1.6e-09
1329,2.3333333333333335e-09
1330,2.7166666666666666e-09
1331,1.5833333333333334e-09
1332,1.55e-09
1333,2.7833333333333334e-09
1334,2.55e-09
1335,1.55e-09
1336,1.3666666666666667e-09
1337,2.6333333333333333e-09
1338,3.7e-09
1339,2.6333333333333333e-09
1340,1.7e-09
1341,1.4166666666666665e-09
1342,2.2333333333333335e-09
1343,2.7833333333333334e-09
1344,2.216666666666667e-09
1345,2.5e-09
1346,2.1500000000000002e-09
1347,2.7333333333333334e-09
1348,2.5e-09
1349,1.6166666666666667e-09
1350,2.45e-09
1351,1.7833333333333334e-09
1352,3.5833333333333336e-09
1353,3.166666666666667e-09
1354,3.533333333333333e-09
1355,3.5e-09
1356,3.0833333333333332e-09
1357,2.4e-09
1358,3.3666666666666666e-09
1359,3.433333333333333e-09
1360,1.55e-09
1361,1.3166666666666667e-09
1362,2.35e-09
1363,1.5833333333333334e-09
1364,1.95e-09
1365,3.15e-09
1366,2.5833333333333333e-09
1367,1.3833333333333333e-09
1368,4.583333333333334e-09
1369,3.1833333333333333e-09
1370,1.8666666666666664e-09
1371,1.65e-09
1372,1.5833333333333334e-09
1373,1.5333333333333334e-09
1374,2.6999999999999998e-09
1375,2.8833333333333335e-09
1376,3.05e-09
1377,2.7500000000000002e-09
1378,2.7333333333333334e-09
1379,2.833333333333333e-09
1380,2.65e-09
1381,3.533333333333333e-09
1382,4.6e-09
1383,3.733333333333333e-09
1384,2.65e-09
1385,2.566666666666667e-09
1386,2.5833333333333333e-09
1387,2.8666666666666667e-09
1388,3.533333333333333e-09
1389,3.333333333333333e-09
1390,3.05e-09
1391,2.5833333333333333e-09
1392,2.9e-09
1393,2.4166666666666664e-09
1394,3.3833333333333334e-09
1395,3.85e-09
1396,2.4e-09
1397,4.333333333333333e-09
1398,2.566666666666667e-09
1399,2.2333333333333335e-09
1400,2.5833333333333333e-09
1401,2.7833333333333334e-09
1402,3.733333333333333e-09
1403,4.116666666666666e-09
1404,3.733333333333333e-09
1405,3.3e-09
1406,2.25e-09
1407,3.633333333333333e-09
1408,2.2333333333333335e-09
1409,3.75e-09
1410,3.1e-09
1411,2.7500000000000002e-09
1412,2.7666666666666666e-09
1413,2.216666666666667e-09
1414,2.4333333333333336e-09
1415,4.5e-09
1416,4.083333333333333e-09
1417,4.033333333333334e-09
1418,1.8166666666666666e-09
1419,2.6999999999999998e-09
1420,3.95e-09
1421,2.55e-09
1422,1.7833333333333334e-09
1423,2.8666666666666667e-09
1424,5.5000000000000004e-09
1425,3.033333333333333e-09
1426,3.55e-09
1427,2.8e-09
1428,3.1166666666666665e-09
1429,4.066666666666667e-09
1430,3.25e-09
1431,3.9e-09
1432,2.9500000000000004e-09
1433,2.7833333333333334e-09
1434,4.15e-09
1435,2.35e-09
1436,3.85e-09
1437,3.1333333333333333e-09
1438,2.3333333333333335e-09
1439,2.4833333333333332e-09
1440,5.016666666666667e-09
1441,2.35e-09
1442,3.1833333333333333e-09
1443,3.8e-09
1444,4.116666666666666e-09
1445,3.5833333333333336e-09
1446,3.783333333333333e-09
1447,2.3166666666666663e-09
1448,4.766666666666666e-09
1449,3.05e-09
1450,3.7666666666666665e-09
1451,3.3166666666666666e-09
1452,2.8666666666666667e-09
1453,2.7333333333333334e-09
1454,3.1166666666666665e-09
1455,2.566666666666667e-09
1456,2.7833333333333334e-09
1457,2.8833333333333335e-09
1458,3.45e-09
1459,4.466666666666667e-09
1460,4.033333333333334e-09
1461,2.8666666666666667e-09
1462,2.8166666666666667e-09
1463,3.4e-09
1464,2.9166666666666667e-09
1465,2.9166666666666667e-09
1466,3.1833333333333333e-09
1467,2.8833333333333335e-09
1468,3.3666666666666666e-09
1469,3.7166666666666664e-09
1470,2.5166666666666665e-09
1471,3.1166666666666665e-09
1472,3.033333333333333e-09
1473,3.333333333333333e-09
1474,3.1333333333333333e-09
1475,2.5e-09
1476,3.1166666666666665e-09
1477,3.4e-09
1478,2.6999999999999998e-09
1479,2.6833333333333334e-09
1480,3.1333333333333333e-09
1481,3.4e-09
1482,3.55e-09
1483,2.3666666666666668e-09
1484,2.35e-09
1485,3.266666666666667e-09
1486,2.566666666666667e-09
1487,2.6999999999999998e-09
1488,2.25e-09
1489,2.1833333333333334e-09
1490,3.3166666666666666e-09
1491,3.166666666666667e-09
1492,3.066666666666667e-09
1493,3.2e-09
1494,3.4666666666666667e-09
1495,2.2e-09
1496,3.166666666666667e-09
1497,3.05e-09
1498,1.9666666666666665e-09
1499,2.8833333333333335e-09
1500,2.2e-09
1501,2.8833333333333335e-09
1502,2.5166666666666665e-09
1503,2.116666666666667e-09
1504,2.1666666666666666e-09
1505,3.2833333333333334e-09
1506,2.6833333333333334e-09
1507,2.6333333333333333e-09
1508,2.1833333333333334e-09
1509,3.1e-09
1510,3.033333333333333e-09
1511,1.7333333333333333e-09
1512,2.566666666666667e-09
1513,3.0833333333333332e-09
1514,2.566666666666667e-09
1515,2.9166666666666667e-09
1516,2.016666666666667e-09
1517,3.1333333333333333e-09
1518,2.0833333333333334e-09
1519,2.5166666666666665e-09
1520,2.4166666666666664e-09
1521,2.0999999999999998e-09
1522,2.3666666666666668e-09
1523,2.45e-09
1524,2.3e-09
1525,2.5e-09
1526,1.7333333333333333e-09
1527,2.3666666666666668e-09
1528,2.2333333333333335e-09
1529,2.283333333333333e-09
1530,2.3333333333333335e-09
1531,1.9833333333333333e-09
1532,1.8166666666666666e-09
1533,2.4166666666666664e-09
1534,1.6666666666666665e-09
1535,1.5833333333333334e-09
1536,1.9333333333333333e-09
1537,1.5833333333333334e-09
1538,2.8e-09
1539,2.833333333333333e-09
1540,3.05e-09
1541,2.6666666666666666e-09
1542,2.5333333333333337e-09
1543,1.85e-09
1544,1.85e-09
1545,2.0666666666666666e-09
1546,2.7333333333333334e-09
1547,2.1833333333333334e-09
1548,1.6e-09
1549,2.65e-09
1550,1.7833333333333334e-09
1551,1.25e-09
1552,2.0833333333333334e-09
1553,2.7166666666666666e-09
1554,2.0833333333333334e-09
1555,2.5999999999999997e-09
1556,2.55e-09
1557,1.2999999999999999e-09
1558,1.2666666666666668e-09
1559,1.95e-09
1560,2.7666666666666666e-09
1561,2.9166666666666667e-09
1562,2.65e-09
1563,1.95e-09
1564,1.0666666666666667e-09
1565,2.7666666666666666e-09
1566,2.216666666666667e-09
1567,2.0833333333333334e-09
1568,2.05e-09
1569,2.3666666666666668e-09
1570,1.85e-09
1571,1.8166666666666666e-09
1572,1.75e-09
1573,1.7166666666666665e-09
1574,1.5e-09
1575,2.35e-09
1576,2.0333333333333333e-09
1577,1.6e-09
1578,2.0666666666666666e-09
1579,1.8333333333333334e-09
1580,1.2833333333333335e-09
1581,1.6833333333333333e-09
1582,1.7666666666666666e-09
1583,1.6333333333333335e-09
1584,1.8333333333333334e-09
1585,1.7166666666666665e-09
1586,2.0833333333333334e-09
1587,1.9e-09
1588,1.6666666666666665e-09
1589,1.7333333333333333e-09
1590,1.5e-09
1591,1.9166666666666665e-09
1592,1.7166666666666665e-09
1593,1.9166666666666665e-09
1594,1.8833333333333332e-09
1595,2.0999999999999998e-09
1596,1.2166666666666668e-09
1597,2.0833333333333334e-09
1598,1.1666666666666668e-09
1599,1.9166666666666665e-09
1600,1.2e-09
1601,1.5666666666666666e-09
1602,1.3333333333333333e-09
1603,1.7833333333333334e-09
1604,1.7e-09
1605,1.4166666666666665e-09
1606,1.5333333333333334e-09
1607,1.6166666666666667e-09
1608,1.8833333333333332e-09
1609,1.4e-09
1610,1.55e-09
1611,1.6333333333333335e-09
1612,1.2999999999999999e-09
1613,1.4e-09
1614,1.6333333333333335e-09
1615,1.7e-09
1616,1.3666666666666667e-09
1617,1.7e-09
1618,1.2333333333333334e-09
1619,1.3666666666666667e-09
1620,1.2333333333333334e-09
1621,1.3499999999999999e-09
1622,1.1333333333333333e-09
1623,1.4666666666666666e-09
1624,1.4833333333333334e-09
1625,9.833333333333332e-10
1626,1.0333333333333333e-09
1627,1.2666666666666668e-09
1628,1.4666666666666666e-09
1629,1.4e-09
1630,1.5333333333333334e-09
1631,1.2999999999999999e-09
1632,1.0166666666666667e-09
1633,1.2333333333333334e-09
1634,7.666666666666667e-10
1635,1.2999999999999999e-09
1636,1.3499999999999999e-09
1637,9.5e-10
1638,1.55e-09
1639,8.666666666666667e-10
1640,7.5e-10
1641,8e-10
1642,1.3166666666666667e-09
1643,1.0333333333333333e-09
1644,1.0666666666666667e-09
1645,4.666666666666666e-10
1646,1.4166666666666665e-09
1647,8.166666666666667e-10
1648,4.833333333333333e-10
1649,9.833333333333332e-10
1650,1.3166666666666667e-09
1651,1.4666666666666666e-09
1652,1.5e-09
1653,1.9999999999999997e-09
1654,1.2166666666666668e-09
1655,8.333333333333332e-10
1656,1.1166666666666667e-09
1657,7.333333333333333e-10
1658,1.2999999999999999e-09
1659,9.333333333333332e-10
1660,1.1333333333333333e-09
1661,1.0833333333333333e-09
1662,9.333333333333332e-10
1663,1.0666666666666667e-09
1664,8.5e-10
1665,8.166666666666667e-10
1666,9.999999999999999e-10
1667,1.5e-09
1668,7.5e-10
1669,9.166666666666667e-10
1670,9.833333333333332e-10
1671,8.166666666666667e-10
1672,8.666666666666667e-10
1673,1.2333333333333334e-09
1674,8.5e-10
1675,1.0666666666666667e-09
1676,9.999999999999999e-10
1677,1.2333333333333334e-09
1678,1.6166666666666667e-09
1679,1.25e-09
1680,9.666666666666666e-10
1681,7.5e-10
1682,4.833333333333333e-10
1683,8.833333333333333e-10
1684,6.333333333333334e-10
1685,9.166666666666667e-10
1686,1.2333333333333334e-09
1687,9e-10
1688,1.0833333333333333e-09
1689,1.0166666666666667e-09
1690,8.833333333333333e-10
1691,9e-10
1692,1.0666666666666667e-09
1693,1.1833333333333334e-09
1694,1.2166666666666668e-09
1695,7.666666666666667e-10
1696,9.5e-10
1697,7.333333333333333e-10
1698,1.15e-09
1699,1.0333333333333333e-09
1700,7.333333333333333e-10
1701,8e-10
1702,9.999999999999999e-10
1703,9.333333333333332e-10
1704,4.999999999999999e-10
1705,4.999999999999999e-10
1706,4.5e-10
1707,6.666666666666666e-10
1708,8e-10
1709,6.666666666666666e-10
1710,8.333333333333332e-10
1711,9.5e-10
1712,7.5e-10
1713,1.5333333333333334e-09
1714,7.833333333333333e-10
1715,4.666666666666666e-10
1716,4.166666666666666e-10
1717,1.1333333333333333e-09
1718,4.666666666666666e-10
1719,1.15e-09
1720,2.4999999999999996e-10
1721,1.25e-09
1722,7.5e-10
1723,1.1e-09
1724,3.333333333333333e-10
1725,6.666666666666666e-10
1726,8.333333333333332e-10
1727,1.0499999999999999e-09
1728,1.1833333333333334e-09
1729,5.333333333333334e-10
1730,1.6333333333333335e-09
1731,1.15e-09
1732,6.833333333333334e-10
1733,1.2833333333333335e-09
1734,1.3166666666666667e-09
1735,5.333333333333334e-10
1736,3e-10
1737,1.4833333333333334e-09
1738,4.833333333333333e-10
1739,9.833333333333332e-10
1740,1.5333333333333334e-09
1741,1.5e-09
1742,4.3333333333333334e-10
1743,1.2833333333333335e-09
1744,9.666666666666666e-10
1745,8e-10
1746,1.1166666666666667e-09
1747,1.3833333333333333e-09
1748,1.4e-09
1749,9.666666666666666e-10
1750,1.75e-09
1751,9.999999999999999e-10
1752,1.2333333333333334e-09
1753,1.2166666666666668e-09
1754,1.7166666666666665e-09
1755,1.5166666666666666e-09
1756,1.65e-09
1757,6.166666666666667e-10
1758,8.5e-10
1759,7.333333333333333e-10
1760,1.2833333333333335e-09
1761,1.2666666666666668e-09
1762,1.0333333333333333e-09
1763,1.1333333333333333e-09
1764,1.5333333333333334e-09
1765,1.2999999999999999e-09
1766,1.0666666666666667e-09
1767,1.1333333333333333e-09
1768,1.6166666666666667e-09
1769,1.2833333333333335e-09
1770,1.1166666666666667e-09
1771,7.666666666666667e-10
1772,1.1333333333333333e-09
1773,9.833333333333332e-10
1774,9.666666666666666e-10
1775,1.0333333333333333e-09
1776,4.999999999999999e-10
1777,8.166666666666667e-10
1778,1.0833333333333333e-09
1779,1.1833333333333334e-09
1780,9e-10
1781,1.0499999999999999e-09
1782,7.5e-10
1783,9.833333333333332e-10
1784,9.833333333333332e-10
1785,9.333333333333332e-10
1786,8.666666666666667e-10
1787,7.333333333333333e-10
1788,9e-10
1789,6.666666666666666e-10
1790,9.333333333333332e-10
1791,1.65e-09
1792,4.833333333333333e-10
1793,1.1833333333333334e-09
1794,9.666666666666666e-10
1795,1.0666666666666667e-09
1796,4.5e-10
1797,1.4666666666666666e-09
1798,8.833333333333333e-10
1799,4.833333333333333e-10
1800,1.6e-09
1801,4.833333333333333e-10
1802,6.166666666666667e-10
1803,1.1333333333333333e-09
1804,1.0833333333333333e-09
1805,1.2333333333333334e-09
1806,9.999999999999999e-10
1807,8.5e-10
1808,1.95e-09
1809,1.0666666666666667e-09
1810,5.666666666666667e-10
1811,1.0166666666666667e-09
1812,2.283333333333333e-09
1813,1.65e-09
1814,2.45e-09
1815,9.833333333333332e-10
1816,1.3333333333333333e-09
1817,1.1333333333333333e-09
1818,1.65e-09
1819,1.2833333333333335e-09
1820,1.6e-09
1821,1.2166666666666668e-09
1822,9.833333333333332e-10
1823,1.75e-09
1824,1.7333333333333333e-09
1825,9e-10
1826,1.55e-09
1827,1.4e-09
1828,1.7833333333333334e-09
1829,1.5e-09
1830,7.833333333333333e-10
1831,9.999999999999999e-10
1832,2.2666666666666667e-09
1833,1.6666666666666665e-09
1834,1.5166666666666666e-09
1835,1.9e-09
1836,2.4333333333333336e-09
1837,1.3333333333333333e-09
1838,1.85e-09
1839,2.3666666666666668e-09
1840,1.1666666666666668e-09
1841,2.0833333333333334e-09
1842,1.65e-09
1843,1.5833333333333334e-09
1844,2.05e-09
1845,2.8833333333333335e-09
1846,2.4333333333333336e-09
1847,2.2e-09
1848,1.7333333333333333e-09
1849,8.5e-10
1850,8.666666666666667e-10
1851,9.833333333333332e-10
1852,9.333333333333332e-10
1853,1.7666666666666666e-09
1854,8.333333333333332e-10
1855,5.833333333333334e-10
1856,7e-10
1857,1.7e-09
1858,1.5666666666666666e-09
1859,1.6333333333333335e-09
1860,9.833333333333332e-10
1861,1.25e-09
1862,1.8e-09
1863,1.1666666666666668e-09
1864,1.2833333333333335e-09
1865,1.0333333333333333e-09
1866,2.05e-09
1867,1.0333333333333333e-09
1868,1.4666666666666666e-09
1869,1.2666666666666668e-09
1870,1.15e-09
1871,1.5166666666666666e-09
1872,1.2666666666666668e-09
1873,1.4333333333333333e-09
1874,1.5833333333333334e-09
1875,8.166666666666667e-10
1876,1.7e-09
1877,1.3166666666666667e-09
1878,1.3833333333333333e-09
1879,1.5833333333333334e-09
1880,1.3833333333333333e-09
1881,5.166666666666666e-10
1882,1.3499999999999999e-09
1883,1.4666666666666666e-09
1884,6e-10
1885,1.7166666666666665e-09
1886,1.2666666666666668e-09
1887,1.7666666666666666e-09
1888,1.45e-09
1889,1.6166666666666667e-09
1890,8.833333333333333e-10
1891,1.5833333333333334e-09
1892,6.166666666666667e-10
1893,1.3833333333333333e-09
1894,1.3333333333333333e-09
1895,1.6e-09
1896,9.166666666666667e-10
1897,1.8333333333333334e-09
1898,1.5166666666666666e-09
1899,7.166666666666667e-10
1900,5.333333333333334e-10
1901,1.1166666666666667e-09
1902,1.7e-09
1903,1.3166666666666667e-09
1904,1.3499999999999999e-09
1905,1.0666666666666667e-09
1906,9.5e-10
1907,9.666666666666666e-10
1908,9.333333333333332e-10
1909,1.1833333333333334e-09
1910,1.0833333333333333e-09
1911,1.1333333333333333e-09
1912,9.833333333333332e-10
1913,4.999999999999999e-10
1914,8e-10
1915,7.166666666666667e-10
1916,3.333333333333333e-10
1917,6.666666666666666e-10
1918,1.1166666666666667e-09
1919,7.833333333333333e-10
1920,5.666666666666667e-10
1921,5.666666666666667e-10
1922,1.5166666666666666e-09
1923,5.5e-10
1924,1.1e-09
1925,6.499999999999999e-10
1926,1.0166666666666667e-09
1927,1.1166666666666667e-09
1928,8.333333333333332e-10
1929,7.666666666666667e-10
1930,7.5e-10
1931,7.666666666666667e-10
1932,7.666666666666667e-10
1933,4.833333333333333e-10
1934,6.833333333333334e-10
1935,7e-10
1936,1.2833333333333335e-09
1937,8e-10
1938,5.833333333333334e-10
1939,7.833333333333333e-10
1940,1.2e-09
1941,9.166666666666667e-10
1942,1.3166666666666667e-09
1943,1.3833333333333333e-09
1944,1.7166666666666665e-09
1945,2.116666666666667e-09
1946,9.833333333333332e-10
1947,6.333333333333334e-10
1948,2.2e-09
1949,8e-10
1950,8.166666666666667e-10
1951,1.2666666666666668e-09
1952,3.166666666666667e-10
1953,1.5333333333333334e-09
1954,1.0499999999999999e-09
1955,7.5e-10
1956,8.333333333333332e-10
1957,1.2333333333333334e-09
1958,8.166666666666667e-10
1959,9.5e-10
1960,8e-10
1961,1.2833333333333335e-09
1962,9.333333333333332e-10
1963,1.1333333333333333e-09
1964,1.1666666666666668e-09
1965,8.666666666666667e-10
1966,1.2999999999999999e-09
1967,1.4e-09
1968,8.166666666666667e-10
1969,7.666666666666667e-10
1970,9.5e-10
1971,1.1333333333333333e-09
1972,1.65e-09
1973,9.999999999999999e-10
1974,6.333333333333334e-10
1975,1.0333333333333333e-09
1976,6.833333333333334e-10
1977,1.2e-09
1978,1.15e-09
1979,1.4166666666666665e-09
1980,1.1e-09
1981,1.1166666666666667e-09
1982,1.25e-09
1983,1.3833333333333333e-09
1984,4.999999999999999e-10
1985,1.2666666666666668e-09
1986,6e-10
1987,1.25e-09
1988,1.1333333333333333e-09
1989,3.5833333333333336e-09
1990,4.5e-10
1991,5.166666666666666e-10
1992,9.5e-10
1993,1.8e-09
1994,1.3666666666666667e-09
1995,1.5e-09
1996,1.6e-09
1997,7e-10
1998,1.5333333333333334e-09
1999,3.1833333333333333e-09
2000,9.833333333333332e-10
2001,1.4666666666666666e-09
2002,9.999999999999999e-10
2003,1.2166666666666668e-09
2004,2.2e-09
2005,1.2666666666666668e-09
2006,1.7833333333333334e-09
2007,1.7833333333333334e-09
2008,2.2e-09
2009,6.499999999999999e-10
2010,7.5e-10
2011,1.1666666666666668e-09
2012,2.2333333333333335e-09
2013,3.05e-09
2014,2.0833333333333334e-09
2015,8e-10
2016,1.8166666666666666e-09
2017,6.666666666666666e-10
2018,7.5e-10
2019,3.333333333333333e-10
2020,1.5833333333333334e-09
2021,1.4833333333333334e-09
2022,9e-10
2023,1.85e-09
2024,1.7666666666666666e-09
2025,6.499999999999999e-10
2026,5.333333333333334e-10
2027,9.333333333333332e-10
2028,5.833333333333334e-10
2029,1.5666666666666666e-09
2030,9e-10
2031,9.999999999999999e-10
2032,1.6833333333333333e-09
2033,1.15e-09
2034,1.2e-09
2035,8.666666666666667e-10
2036,7.5e-10
2037,1.2833333333333335e-09
2038,1.0166666666666667e-09
2039,1.2333333333333334e-09
2040,1.2999999999999999e-09
2041,7.166666666666667e-10
2042,1.2666666666666668e-09
2043,1.6666666666666665e-09
2044,1.1833333333333334e-09
2045,9.333333333333332e-10
2046,1.6e-09
2047,1.5e-09
2048,1.5166666666666666e-09
2049,1.1833333333333334e-09
2050,8.333333333333332e-10
2051,1.6666666666666665e-09
2052,9.666666666666666e-10
2053,1.2833333333333335e-09
2054,1.3666666666666667e-09
2055,8.166666666666667e-10
2056,9.666666666666666e-10
2057,9.333333333333332e-10
2058,3.166666666666667e-10
2059,1.1833333333333334e-09
2060,1.3666666666666667e-09
2061,1.2e-09
2062,1.0666666666666667e-09
2063,4.666666666666666e-10
2064,1.1166666666666667e-09
2065,9.833333333333332e-10
2066,1.4833333333333334e-09
2067,8.5e-10
2068,1.1166666666666667e-09
2069,1.6833333333333333e-09
2070,8.333333333333332e-10
2071,7.166666666666667e-10
2072,9.333333333333332e-10
2073,4.166666666666666e-10
2074,7.166666666666667e-10
2075,6.666666666666666e-10
2076,1.2e-09
2077,1.2833333333333335e-09
2078,8.833333333333333e-10
2079,1.1833333333333334e-09
2080,7e-10
2081,5.166666666666666e-10
2082,5.833333333333334e-10
2083,8.5e-10
2084,1.15e-09
2085,6.499999999999999e-10
2086,2.5333333333333337e-09
2087,6.666666666666666e-10
2088,6e-10
2089,5.5e-10
2090,7.5e-10
2091,2.1333333333333334e-09
2092,7e-10
2093,1.2e-09
2094,6.333333333333334e-10
2095,1.0833333333333333e-09
2096,1.1e-09
2097,2.3e-09
2098,2.4e-09
2099,3.8333333333333335e-10
2100,4.833333333333333e-10
2101,6.499999999999999e-10
2102,2.5e-09
2103,9e-10
2104,6.833333333333334e-10
2105,1.2333333333333334e-09
2106,3.333333333333333e-10
2107,1.65e-09
2108,1.6166666666666667e-09
2109,3.05e-09
2110,4.35e-09
2111,1.0333333333333333e-09
2112,2.216666666666667e-09
2113,1.2166666666666668e-09
2114,1.2666666666666668e-09
2115,1.9333333333333333e-09
2116,4.833333333333333e-10
2117,2.2333333333333335e-09
2118,1.2666666666666668e-09
2119,1.4333333333333333e-09
2120,1.9e-09
2121,9.833333333333332e-10
2122,2.05e-09
2123,1.6e-09
2124,1.4166666666666665e-09
2125,2.0333333333333333e-09
2126,2.0999999999999998e-09
2127,2.8833333333333335e-09
2128,1.6666666666666665e-09
2129,1.3333333333333333e-09
2130,2.216666666666667e-09
2131,2.2e-09
2132,2.566666666666667e-09
2133,2.3166666666666663e-09
2134,3.3e-09
2135,2.0666666666666666e-09
2136,3.2e-09
2137,1.6e-09
2138,3.2166666666666665e-09
2139,2.466666666666667e-09
2140,3.533333333333333e-09
2141,3.266666666666667e-09
2142,3.5166666666666667e-09
2143,1.6166666666666667e-09
2144,1.75e-09
2145,1.6e-09
2146,2.9166666666666667e-09
2147,3.666666666666667e-09
2148,3.05e-09
2149,1.1833333333333334e-09
2150,2.6166666666666665e-09
2151,1.9166666666666665e-09
2152,1.9166666666666665e-09
2153,3.4e-09
2154,1.55e-09
2155,1.7666666666666666e-09
2156,1.7833333333333334e-09
2157,3.333333333333333e-09
2158,3.6166666666666668e-09
2159,1.2999999999999999e-09
2160,3.3833333333333334e-09
2161,1.5166666666666666e-09
2162,1.3333333333333333e-09
2163,1.9999999999999997e-09
2164,3.0833333333333332e-09
2165,2.8833333333333335e-09
2166,1.5166666666666666e-09
2167,3.1833333333333333e-09
2168,1.9166666666666665e-09
2169,2.933333333333333e-09
2170,3.6166666666666668e-09
2171,2.9e-09
2172,4.133333333333333e-09
2173,1.8166666666666666e-09
2174,2.6333333333333333e-09
2175,2.6999999999999998e-09
2176,3.2e-09
2177,2.6666666666666666e-09
2178,2.8e-09
2179,2.8e-09
2180,3.066666666666667e-09
2181,3e-09
2182,3.333333333333333e-09
2183,3.1333333333333333e-09
2184,3.4166666666666667e-09
2185,3.033333333333333e-09
2186,3.1833333333333333e-09
2187,2.5166666666666665e-09
2188,2.45e-09
2189,3e-09
2190,3.15e-09
2191,2.3166666666666663e-09
2192,2.833333333333333e-09
2193,3.1166666666666665e-09
2194,2.9500000000000004e-09
2195,2.8e-09
2196,2.8500000000000003e-09
2197,2.6166666666666665e-09
2198,3.2833333333333334e-09
2199,2.7166666666666666e-09
2200,3.066666666666667e-09
2201,3.033333333333333e-09
2202,2.8666666666666667e-09
2203,2.833333333333333e-09
2204,2.933333333333333e-09
2205,3.1166666666666665e-09
2206,3.3166666666666666e-09
2207,2.6999999999999998e-09
2208,2.65e-09
2209,3.3666666666666666e-09
2210,2.3333333333333335e-09
2211,3.433333333333333e-09
2212,2.8500000000000003e-09
2213,2.566666666666667e-09
2214,3.2e-09
2215,3.3166666666666666e-09
2216,2.2e-09
2217,3.333333333333333e-09
2218,2.3666666666666668e-09
2219,2.3e-09
2220,3.6166666666666668e-09
2221,3.3666666666666666e-09
2222,2.933333333333333e-09
2223,2.9166666666666667e-09
2224,2.8166666666666667e-09
2225,2.983333333333333e-09
2226,3.033333333333333e-09
2227,2.5e-09
2228,3.1e-09
2229,2.566666666666667e-09
2230,2.8e-09
2231,2.65e-09
2232,2.6999999999999998e-09
2233,2.466666666666667e-09
2234,2.6833333333333334e-09
2235,2.283333333333333e-09
2236,2.3333333333333335e-09
2237,2.3166666666666663e-09
2238,3.4166666666666667e-09
2239,3e-09
2240,2.1500000000000002e-09
2241,2.2666666666666667e-09
2242,3.5166666666666667e-09
2243,2.0999999999999998e-09
2244,2.5e-09
2245,2.35e-09
2246,2.2333333333333335e-09
2247,2.3e-09
2248,2.2e-09
2249,2.35e-09
2250,2.6833333333333334e-09
2251,2.3666666666666668e-09
2252,1.8833333333333332e-09
2253,2.7833333333333334e-09
2254,2.7166666666666666e-09
2255,2.5999999999999997e-09
2256,2.2333333333333335e-09
2257,2.4e-09
2258,2.933333333333333e-09
2259,2.45e-09
2260,2.016666666666667e-09
2261,3.0166666666666664e-09
2262,2.8500000000000003e-09
2263,2.383333333333333e-09
2264,2.6666666666666666e-09
2265,3.0166666666666664e-09
2266,1.9999999999999997e-09
2267,1.7333333333333333e-09
2268,2.1333333333333334e-09
2269,2.65e-09
2270,2.466666666666667e-09
2271,2.8666666666666667e-09
2272,2.566666666666667e-09
2273,2.5333333333333337e-09
2274,2.6166666666666665e-09
2275,2.5333333333333337e-09
2276,2.6333333333333333e-09
2277,2.5833333333333333e-09
2278,1.6666666666666665e-09
2279,2.4833333333333332e-09
2280,3.3833333333333334e-09
2281,1.8e-09
2282,1.5833333333333334e-09
2283,2.35e-09
2284,1.65e-09
2285,2.25e-09
2286,1.7833333333333334e-09
2287,2.3e-09
2288,1.75e-09
2289,1.9333333333333333e-09
2290,1.85e-09
2291,2.2e-09
2292,2.1500000000000002e-09
2293,2.05e-09
2294,1.9166666666666665e-09
2295,2.1500000000000002e-09
2296,1.6166666666666667e-09
2297,1.9166666666666665e-09
2298,1.9833333333333333e-09
2299,2.016666666666667e-09
2300,1.85e-09
2301,1.5833333333333334e-09
2302,1.7e-09
2303,1.7333333333333333e-09
2304,1.5833333333333334e-09
2305,2.0833333333333334e-09
2306,1.8833333333333332e-09
2307,1.8166666666666666e-09
2308,1.5666666666666666e-09
2309,2.016666666666667e-09
2310,1.2166666666666668e-09
2311,2.05e-09
2312,1.7833333333333334e-09
2313,1.2999999999999999e-09
2314,2.016666666666667e-09
2315,1.1833333333333334e-09
2316,1.9166666666666665e-09
2317,1.1666666666666668e-09
2318,2.7333333333333334e-09
2319,2.1666666666666666e-09
2320,1.8e-09
2321,1.4166666666666665e-09
2322,1.7833333333333334e-09
2323,1.9333333333333333e-09
2324,1.9333333333333333e-09
2325,1.4e-09
2326,1.5833333333333334e-09
2327,1.3499999999999999e-09
2328,1.1666666666666668e-09
2329,1.6e-09
2330,1.7833333333333334e-09
2331,1.2333333333333334e-09
2332,1.9e-09
2333,1.25e-09
2334,9.5e-10
2335,1.2666666666666668e-09
2336,1.7333333333333333e-09
2337,1.5166666666666666e-09
2338,1.0666666666666667e-09
2339,1.4166666666666665e-09
2340,1.45e-09
2341,1.2666666666666668e-09
2342,1.8e-09
2343,1.4833333333333334e-09
2344,1.3833333333333333e-09
2345,1.6333333333333335e-09
2346,1.2999999999999999e-09
2347,1.15e-09
2348,1.5833333333333334e-09
2349,1.3666666666666667e-09
2350,1.25e-09
2351,1.8e-09
2352,1.65e-09
2353,1.0333333333333333e-09
2354,1.0499999999999999e-09
2355,1.3499999999999999e-09
2356,2.1666666666666666e-09
2357,7.666666666666667e-10
2358,1.2333333333333334e-09
2359,1.0666666666666667e-09
2360,5.666666666666667e-10
2361,9.166666666666667e-10
2362,4.833333333333333e-10
2363,2.1833333333333334e-09
2364,2.1333333333333334e-09
2365,1.6666666666666665e-09
2366,1.2166666666666668e-09
2367,2.5166666666666665e-09
2368,1.8166666666666666e-09
2369,1.3166666666666667e-09
2370,7.5e-10
2371,1.1333333333333333e-09
2372,1.3499999999999999e-09
2373,1.2e-09
2374,1.5666666666666666e-09
2375,7.833333333333333e-10
2376,1.4333333333333333e-09
2377,7.5e-10
2378,1.3333333333333333e-09
2379,1.4e-09
2380,1.5e-09
2381,2.05e-09
2382,1.3666666666666667e-09
2383,1.55e-09
2384,6.499999999999999e-10
2385,2.0833333333333334e-09
2386,1.65e-09
2387,1.8166666666666666e-09
2388,1.15e-09
2389,1.8833333333333332e-09
2390,1.0666666666666667e-09
2391,1.8666666666666664e-09
2392,2.0666666666666666e-09
2393,1.4166666666666665e-09
2394,1.7666666666666666e-09
2395,1.7166666666666665e-09
2396,1.55e-09
2397,1.0666666666666667e-09
2398,1.2833333333333335e-09
2399,1.7166666666666665e-09
2400,1.5166666666666666e-09
2401,1.3166666666666667e-09
2402,1.2333333333333334e-09
2403,1.2666666666666668e-09
2404,1.55e-09
2405,1.9e-09
2406,9.999999999999999e-10
2407,1.2666666666666668e-09
2408,1.2666666666666668e-09
2409,1.8e-09
2410,1.4e-09
2411,1.4e-09
2412,1.5666666666666666e-09
2413,1.8833333333333332e-09
2414,2.1833333333333334e-09
2415,1.7333333333333333e-09
2416,6.499999999999999e-10
2417,6.333333333333334e-10
2418,8.666666666666667e-10
2419,1.75e-09
2420,1.3499999999999999e-09
2421,1.3333333333333333e-09
2422,1.0666666666666667e-09
2423,7.166666666666667e-10
2424,1.4166666666666665e-09
2425,1.5666666666666666e-09
2426,1.8833333333333332e-09
2427,1.3499999999999999e-09
2428,1.55e-09
2429,1.9833333333333333e-09
2430,9.166666666666667e-10
2431,1.6666666666666665e-09
2432,1.2333333333333334e-09
2433,6.333333333333334e-10
2434,1.2e-09
2435,1.25e-09
2436,9e-10
2437,1.1833333333333334e-09
2438,9.999999999999999e-10
2439,1.0499999999999999e-09
2440,1.1833333333333334e-09
2441,8.166666666666667e-10
2442,8.333333333333332e-10
2443,6.166666666666667e-10
2444,9.999999999999999e-10
2445,1.4166666666666665e-09
2446,7.666666666666667e-10
2447,1.1e-09
2448,5.5e-10
2449,7e-10
2450,1.4166666666666665e-09
2451,1.15e-09
2452,9.666666666666666e-10
2453,9.166666666666667e-10
2454,1.6e-09
2455,5.5e-10
2456,1.25e-09
2457,7.5e-10
2458,1.2999999999999999e-09
2459,1.1833333333333334e-09
2460,5.5e-10
2461,1.25e-09
2462,1.2666666666666668e-09
2463,8.166666666666667e-10
2464,7.833333333333333e-10
2465,1.0833333333333333e-09
2466,1.7833333333333334e-09
2467,6.833333333333334e-10
2468,1.1333333333333333e-09
2469,8.666666666666667e-10
2470,1.0166666666666667e-09
2471,1.1833333333333334e-09
2472,1.5e-09
2473,1.0333333333333333e-09
2474,1.4e-09
2475,8e-10
2476,1.5833333333333334e-09
2477,9.166666666666667e-10
2478,1.2166666666666668e-09
2479,1.4e-09
2480,1.2666666666666668e-09
2481,1.6666666666666665e-09
2482,2.05e-09
2483,1.9e-09
2484,1.0166666666666667e-09
2485,1.2166666666666668e-09
2486,1.2166666666666668e-09
2487,1.45e-09
2488,1.6166666666666667e-09
2489,1.2999999999999999e-09
2490,1.75e-09
2491,1.6833333333333333e-09
2492,1.2666666666666668e-09
2493,2.5999999999999997e-09
2494,1.6833333333333333e-09
2495,1.3166666666666667e-09
2496,1.5333333333333334e-09
2497,2.05e-09
2498,2.0666666666666666e-09
2499,2.1666666666666666e-09
2500,2.1833333333333334e-09
2501,1.8333333333333334e-09
2502,2.3666666666666668e-09
2503,1.2166666666666668e-09
2504,1.8e-09
2505,1.1166666666666667e-09
2506,9.833333333333332e-10
2507,2.7333333333333334e-09
2508,6.499999999999999e-10
2509,1.7333333333333333e-09
2510,1.8333333333333334e-09
2511,9.833333333333332e-10
2512,1.3499999999999999e-09
2513,8.166666666666667e-10
2514,1.3333333333333333e-09
2515,3.1166666666666665e-09
2516,1.1833333333333334e-09
2517,1.6166666666666667e-09
2518,4.35e-09
2519,9e-10
2520,1.2666666666666668e-09
2521,9.999999999999999e-10
2522,1.5666666666666666e-09
2523,1.5666666666666666e-09
2524,1.9e-09
2525,1.3166666666666667e-09
2526,1.3333333333333333e-09
2527,3.333333333333333e-10
2528,4e-10
2529,1.3666666666666667e-09
2530,4.833333333333333e-10
2531,1.9333333333333333e-09
2532,2.833333333333333e-09
2533,1.85e-09
2534,1.7e-09
2535,2.25e-09
2536,2.1500000000000002e-09
2537,2.4833333333333332e-09
2538,9.333333333333332e-10
2539,2.0666666666666666e-09
2540,3.1833333333333333e-09
2541,4.166666666666666e-10
2542,3.166666666666667e-10
2543,4e-10
2544,9.833333333333332e-10
2545,1.15e-09
2546,6.166666666666667e-10
2547,1.8166666666666666e-09
2548,1.8833333333333332e-09
2549,6.833333333333334e-10
2550,1.1666666666666668e-09
2551,1.3499999999999999e-09
2552,6.666666666666666e-10
2553,1.4666666666666666e-09
2554,1.15e-09
2555,1.9999999999999997e-09
2556,1.4333333333333333e-09
2557,8.666666666666667e-10
2558,2.5833333333333333e-09
2559,1.7666666666666666e-09
2560,1.25e-09
2561,1.9166666666666665e-09
2562,2.383333333333333e-09
2563,9.833333333333332e-10
2564,2.216666666666667e-09
2565,2.2e-09
2566,1.25e-09
2567,2.0833333333333334e-09
2568,1.0166666666666667e-09
2569,2.216666666666667e-09
2570,2.05e-09
2571,1.9666666666666665e-09
2572,9e-10
2573,2.983333333333333e-09
2574,2.2666666666666667e-09
2575,1.7e-09
2576,8e-10
2577,1.4166666666666665e-09
2578,1.2666666666666668e-09
2579,1.9833333333333333e-09
2580,1.1833333333333334e-09
2581,1.1166666666666667e-09
2582,7.5e-10
2583,1.7333333333333333e-09
2584,2.7333333333333334e-09
2585,1.75e-09
2586,1.2333333333333334e-09
2587,1.9666666666666665e-09
2588,1.6333333333333335e-09
2589,6.833333333333334e-10
2590,1.7166666666666665e-09
2591,8.166666666666667e-10
2592,1.4666666666666666e-09
2593,2.3166666666666663e-09
2594,1.9666666666666665e-09
2595,1.7833333333333334e-09
2596,6.333333333333334e-10
2597,1.7e-09
2598,4.166666666666666e-10
2599,2.1833333333333334e-09
2600,7.333333333333333e-10
2601,4.3333333333333334e-10
2602,1.55e-09
2603,1.7666666666666666e-09
2604,2.4166666666666664e-09
2605,1.5166666666666666e-09
2606,6.166666666666667e-10
2607,1.3666666666666667e-09
2608,1.3499999999999999e-09
2609,1.2e-09
2610,1.0166666666666667e-09
2611,6.833333333333334e-10
2612,2.566666666666667e-09
2613,1.5e-09
2614,1.3833333333333333e-09
2615,1.9e-09
2616,2.55e-09
2617,9.333333333333332e-10
2618,6e-10
2619,1.6666666666666665e-09
2620,1.1666666666666668e-09
2621,1.4e-09
2622,1.1833333333333334e-09
2623,1.9666666666666665e-09
2624,1.2833333333333335e-09
2625,1.8333333333333334e-09
2626,1.6833333333333333e-09
2627,1.7666666666666666e-09
2628,8.5e-10
2629,1.7e-09
2630,7.333333333333333e-10
2631,8.333333333333332e-10
2632,9.5e-10
2633,1.3833333333333333e-09
2634,1.0666666666666667e-09
2635,5.5e-10
2636,9.333333333333332e-10
2637,1.7166666666666665e-09
2638,6.666666666666666e-10
2639,1.1666666666666668e-09
2640,1.3166666666666667e-09
2641,1.0333333333333333e-09
2642,1.0499999999999999e-09
2643,1.1e-09
2644,1.25e-09
2645,1.7833333333333334e-09
2646,1.15e-09
2647,1.9333333333333333e-09
2648,1.0333333333333333e-09
2649,9.5e-10
2650,9e-10
2651,1.1166666666666667e-09
2652,9.666666666666666e-10
2653,2.3e-09
2654,1.4333333333333333e-09
2655,1.4333333333333333e-09
2656,1.7666666666666666e-09
2657,1.4833333333333334e-09
2658,1.9833333333333333e-09
2659,1.1333333333333333e-09
2660,1.2166666666666668e-09
2661,9.833333333333332e-10
2662,1.8833333333333332e-09
2663,2.0333333333333333e-09
2664,1.2333333333333334e-09
2665,1.2999999999999999e-09
2666,2.4166666666666664e-09
2667,2.7500000000000002e-09
2668,1.9166666666666665e-09
2669,1.1166666666666667e-09
2670,1.9833333333333333e-09
2671,2.116666666666667e-09
2672,1.7e-09
2673,2.7833333333333334e-09
2674,1.8666666666666664e-09
2675,1.7833333333333334e-09
2676,2.4833333333333332e-09
2677,1.9666666666666665e-09
2678,2.5166666666666665e-09
2679,2.3333333333333335e-09
2680,1.5166666666666666e-09
2681,2.0333333333333333e-09
2682,2.6166666666666665e-09
2683,1.5666666666666666e-09
2684,2.2666666666666667e-09
2685,1.8666666666666664e-09
2686,1.7e-09
2687,2.7333333333333334e-09
2688,2.7333333333333334e-09
2689,1.9e-09
2690,2.833333333333333e-09
2691,1.8833333333333332e-09
2692,2.1666666666666666e-09
2693,2.1500000000000002e-09
2694,2.216666666666667e-09
2695,2.0833333333333334e-09
2696,1.8333333333333334e-09
2697,2.4166666666666664e-09
2698,2.1833333333333334e-09
2699,2.3e-09
2700,2.3166666666666663e-09
2701,2.4166666666666664e-09
2702,1.9e-09
2703,2.0833333333333334e-09
2704,2.4333333333333336e-09
2705,1.75e-09
2706,2.7333333333333334e-09
2707,1.4666666666666666e-09
2708,2.3e-09
2709,2.3666666666666668e-09
2710,1.6333333333333335e-09
2711,2.1500000000000002e-09
2712,1.5833333333333334e-09
2713,1.4e-09
2714,2.566666666666667e-09
2715,2.3333333333333335e-09
2716,2.3666666666666668e-09
2717,2.4e-09
2718,1.1833333333333334e-09
2719,1.95e-09
2720,1.0333333333333333e-09
2721,3.2e-09
2722,2.4e-09
2723,3.3833333333333334e-09
2724,1.3499999999999999e-09
2725,8.5e-10
2726,2.5166666666666665e-09
2727,2.7500000000000002e-09
2728,2.9500000000000004e-09
2729,8.166666666666667e-10
2730,2.7666666666666666e-09
2731,3.166666666666667e-09
2732,1.1666666666666668e-09
2733,1.6833333333333333e-09
2734,3.15e-09
2735,2.7333333333333334e-09
2736,9.166666666666667e-10
2737,3.1e-09
2738,1.2833333333333335e-09
2739,2.9e-09
2740,2.9e-09
2741,3.266666666666667e-09
2742,2.9166666666666667e-09
2743,2.983333333333333e-09
2744,3e-09
2745,2.9666666666666668e-09
2746,9.166666666666667e-10
2747,3.0166666666666664e-09
2748,9.666666666666666e-10
2749,2.8833333333333335e-09
2750,1.5666666666666666e-09
2751,3.0833333333333332e-09
2752,1.4e-09
2753,2.6666666666666666e-09
2754,7.166666666666667e-10
2755,4.999999999999999e-10
2756,2.833333333333333e-09
2757,9.833333333333332e-10
2758,3e-09
2759,2.7833333333333334e-09
2760,2.983333333333333e-09
2761,2.283333333333333e-09
2762,8.333333333333332e-10
2763,3.633333333333333e-09
2764,3e-09
2765,8.833333333333333e-10
2766,3e-09
2767,1.15e-09
2768,1.1666666666666668e-09
2769,1.2e-09
2770,8.333333333333332e-10
2771,3.1e-09
2772,1.15e-09
2773,7e-10
2774,9.833333333333332e-10
2775,1.25e-09
2776,3.05e-09
2777,8.5e-10
2778,1.55e-09
2779,1.1e-09
2780,1.3666666666666667e-09
2781,1.8e-09
2782,2.8e-09
2783,2.9666666666666668e-09
2784,1.3333333333333333e-09
2785,1.3333333333333333e-09
2786,2.8166666666666667e-09
2787,1.3666666666666667e-09
2788,2.6666666666666666e-09
2789,1.3166666666666667e-09
2790,2.5166666666666665e-09
2791,2.6666666666666666e-09
2792,1.25e-09
2793,2.2e-09
2794,1.2e-09
2795,2.65e-09
2796,2.8166666666666667e-09
2797,1.4666666666666666e-09
2798,1.0333333333333333e-09
2799,1.6166666666666667e-09
2800,1.9333333333333333e-09
2801,1.5333333333333334e-09
2802,2.116666666666667e-09
2803,1.7333333333333333e-09
2804,2.3166666666666663e-09
2805,2.3e-09
2806,2.6666666666666666e-09
2807,2.1666666666666666e-09
2808,1.6166666666666667e-09
2809,1.9166666666666665e-09
2810,2.7500000000000002e-09
2811,1.6833333333333333e-09
2812,2.8166666666666667e-09
2813,2.5999999999999997e-09
2814,1.6166666666666667e-09
2815,2.5999999999999997e-09
2816,2.65e-09
2817,2.7333333333333334e-09
2818,1.6166666666666667e-09
2819,1.4333333333333333e-09
2820,1.5166666666666666e-09
2821,2.9e-09
2822,3.266666666666667e-09
2823,2.6333333333333333e-09
2824,3.5166666666666667e-09
2825,1.4666666666666666e-09
2826,3.1166666666666665e-09
2827,1.8666666666666664e-09
2828,2.566666666666667e-09
2829,3.2333333333333333e-09
2830,1.3499999999999999e-09
2831,1.8333333333333334e-09
2832,3.333333333333333e-09
2833,1.75e-09
2834,1.3499999999999999e-09
2835,3.3e-09
2836,1.7333333333333333e-09
2837,1.6166666666666667e-09
2838,2.016666666666667e-09
2839,1.45e-09
2840,1.5666666666666666e-09
2841,3.783333333333333e-09
2842,3.1333333333333333e-09
2843,4.233333333333334e-09
2844,2.566666666666667e-09
2845,2.0333333333333333e-09
2846,2.9666666666666668e-09
2847,3.25e-09
2848,1.9999999999999997e-09
2849,2.016666666666667e-09
2850,3.2833333333333334e-09
2851,3.0833333333333332e-09
2852,3.1e-09
2853,2.383333333333333e-09
2854,1.5e-09
2855,3.4666666666666667e-09
2856,2.7333333333333334e-09
2857,2.8166666666666667e-09
2858,2.25e-09
2859,2.6833333333333334e-09
2860,2.1333333333333334e-09
2861,2.25e-09
2862,2.1666666666666666e-09
2863,1.95e-09
2864,1.8333333333333334e-09
2865,2.4333333333333336e-09
2866,2.466666666666667e-09
2867,1.8666666666666664e-09
2868,2.3e-09
2869,1.8833333333333332e-09
2870,2.2333333333333335e-09
2871,1.9333333333333333e-09
2872,2.1333333333333334e-09
2873,1.95e-09
2874,1.9999999999999997e-09
2875,1.75e-09
2876,1.6333333333333335e-09
2877,1.7e-09
2878,1.7166666666666665e-09
2879,1.4166666666666665e-09
2880,1.25e-09
2881,1.1333333333333333e-09
2882,1.3666666666666667e-09
2883,1.45e-09
2884,1.1833333333333334e-09
2885,1.7833333333333334e-09
2886,1.1e-09
2887,1.65e-09
2888,1.8166666666666666e-09
2889,1.5833333333333334e-09
2890,1.1833333333333334e-09
2891,1.2999999999999999e-09
2892,1.8e-09
2893,1.1e-09
2894,1.6666666666666665e-09
2895,1.2833333333333335e-09
2896,1.5166666666666666e-09
2897,1.5833333333333334e-09
2898,1.4166666666666665e-09
2899,1.7333333333333333e-09
2900,1.2833333333333335e-09
2901,1.2666666666666668e-09
2902,1.1333333333333333e-09
2903,1.0499999999999999e-09
2904,1.15e-09
2905,1.2833333333333335e-09
2906,1.45e-09
2907,1.3833333333333333e-09
2908,1.2833333333333335e-09
2909,1.85e-09
2910,1.2166666666666668e-09
2911,1.2833333333333335e-09
2912,1.0833333333333333e-09
2913,1.3166666666666667e-09
2914,1.2666666666666668e-09
2915,9.666666666666666e-10
2916,1.1833333333333334e-09
2917,1.7e-09
2918,9.999999999999999e-10
2919,1.0666666666666667e-09
2920,9.5e-10
2921,8.333333333333332e-10
2922,9.166666666666667e-10
2923,9.999999999999999e-10
2924,7.833333333333333e-10
2925,1.2666666666666668e-09
2926,5.166666666666666e-10
2927,9.333333333333332e-10
2928,1.2833333333333335e-09
2929,1.3833333333333333e-09
2930,1.1333333333333333e-09
2931,7.166666666666667e-10
2932,1.3833333333333333e-09
2933,9.166666666666667e-10
2934,1.1e-09
2935,1.9666666666666665e-09
2936,2.3e-09
2937,5.166666666666666e-10
2938,1.9999999999999997e-09
2939,1.9999999999999997e-09
2940,7.166666666666667e-10
2941,1.9333333333333333e-09
2942,1.95e-09
2943,1.4833333333333334e-09
2944,1.0499999999999999e-09
2945,7.833333333333333e-10
2946,1.6833333333333333e-09
2947,7e-10
2948,1.8333333333333334e-09
2949,3.066666666666667e-09
2950,7e-10
2951,1.3166666666666667e-09
2952,6.333333333333334e-10
2953,2.8833333333333335e-09
2954,2.6833333333333334e-09
2955,9.5e-10
2956,1.8666666666666664e-09
2957,9.666666666666666e-10
2958,7.833333333333333e-10
2959,2.1333333333333334e-09
2960,2.55e-09
2961,2.9666666666666668e-09
2962,1.3833333333333333e-09
2963,2.383333333333333e-09
2964,2.4e-09
2965,1.2e-09
2966,9.999999999999999e-10
2967,1.1166666666666667e-09
2968,2.283333333333333e-09
2969,2.283333333333333e-09
2970,1.4833333333333334e-09
2971,1.4166666666666665e-09
2972,2.2333333333333335e-09
2973,1.5833333333333334e-09
2974,1.6e-09
2975,1.95e-09
2976,2.4166666666666664e-09
2977,1.2666666666666668e-09
2978,2.2666666666666667e-09
2979,2.55e-09
2980,1.6666666666666665e-09
2981,2.25e-09
2982,1.7333333333333333e-09
2983,2.8166666666666667e-09
2984,1.7333333333333333e-09
2985,1.3666666666666667e-09
2986,2.116666666666667e-09
2987,2.05e-09
2988,1.9833333333333333e-09
2989,1.8166666666666666e-09
2990,1.9166666666666665e-09
2991,2.216666666666667e-09
2992,1.7333333333333333e-09
2993,1.55e-09
2994,2.25e-09
2995,1.5666666666666666e-09
2996,1.8166666666666666e-09
2997,1.5333333333333334e-09
2998,2.0833333333333334e-09
2999,1.9333333333333333e-09
3000,2.216666666666667e-09
3001,1.2333333333333334e-09
3002,1.7833333333333334e-09
3003,1.8333333333333334e-09
3004,2.5166666666666665e-09
3005,2.8166666666666667e-09
3006,1.9999999999999997e-09
3007,2.3666666666666668e-09
3008,2.1666666666666666e-09
3009,1.1e-09
3010,1.7833333333333334e-09
3011,1.4333333333333333e-09
3012,1.0833333333333333e-09
3013,1.6833333333333333e-09
3014,1.85e-09
3015,1.4e-09
3016,1.45e-09
3017,1.6166666666666667e-09
3018,2.1333333333333334e-09
3019,1.45e-09
3020,1.1333333333333333e-09
3021,1.3499999999999999e-09
3022,1.65e-09
3023,1.5666666666666666e-09
3024,1.3499999999999999e-09
3025,1.45e-09
3026,1.55e-09
3027,1.65e-09
3028,1.5333333333333334e-09
3029,2.1666666666666666e-09
3030,1.75e-09
3031,1.5833333333333334e-09
3032,1.9e-09
3033,1.55e-09
3034,1.4666666666666666e-09
3035,1.4833333333333334e-09
3036,1.1166666666666667e-09
3037,1.3499999999999999e-09
3038,1.15e-09
3039,9.999999999999999e-10
3040,9.5e-10
3041,8.666666666666667e-10
3042,1.0166666666666667e-09
3043,7.5e-10
3044,8.833333333333333e-10
3045,7.333333333333333e-10
3046,7.5e-10
3047,6.666666666666666e-10
3048,7.166666666666667e-10
3049,8.5e-10
3050,1.2999999999999999e-09
3051,1.2666666666666668e-09
3052,5.5e-10
3053,9.333333333333332e-10
3054,8.666666666666667e-10
3055,7.5e-10
3056,9.833333333333332e-10
3057,9e-10
3058,1.0333333333333333e-09
3059,8e-10
3060,1.1333333333333333e-09
3061,1.0333333333333333e-09
3062,9.5e-10
3063,9.333333333333332e-10
3064,7.666666666666667e-10
3065,8.166666666666667e-10
3066,5.666666666666667e-10
3067,7.666666666666667e-10
3068,1.0166666666666667e-09
3069,6e-10
3070,9e-10
3071,3.5e-10
3072,6.833333333333334e-10
3073,7.833333333333333e-10
3074,6e-10
3075,1.15e-09
3076,8.333333333333332e-10
3077,6.499999999999999e-10
3078,9.833333333333332e-10
3079,6.333333333333334e-10
3080,6e-10
3081,6e-10
3082,6.833333333333334e-10
3083,7.833333333333333e-10
3084,4.3333333333333334e-10
3085,1.0833333333333333e-09
3086,1.6166666666666667e-09
3087,1.5166666666666666e-09
3088,1.1e-09
3089,1.1166666666666667e-09
3090,4.166666666666666e-10
3091,9.666666666666666e-10
3092,1.3166666666666667e-09
3093,4.5e-10
3094,1.2166666666666668e-09
3095,6.499999999999999e-10
3096,7.666666666666667e-10
3097,7.5e-10
3098,7.833333333333333e-10
3099,1.1e-09
3100,1.0333333333333333e-09
3101,1.2666666666666668e-09
3102,7.5e-10
3103,9.999999999999999e-10
3104,1.0833333333333333e-09
3105,1.2666666666666668e-09
3106,1.0333333333333333e-09
3107,1.2999999999999999e-09
3108,9e-10
3109,4.166666666666666e-10
3110,3.5e-10
3111,2.116666666666667e-09
3112,9.999999999999999e-10
3113,4e-10
3114,1.2166666666666668e-09
3115,1.3333333333333333e-09
3116,1.8333333333333334e-09
3117,9.5e-10
3118,1.5833333333333334e-09
3119,1.2166666666666668e-09
3120,2.016666666666667e-09
3121,1.2333333333333334e-09
3122,1.3833333333333333e-09
3123,1.25e-09
3124,1.3166666666666667e-09
3125,9.166666666666667e-10
3126,1.75e-09
3127,9.833333333333332e-10
3128,1.8833333333333332e-09
3129,2.016666666666667e-09
3130,2.5166666666666665e-09
3131,2.6333333333333333e-09
3132,1.8166666666666666e-09
3133,1.5e-09
3134,2.2666666666666667e-09
3135,1.65e-09
3136,1.65e-09
3137,2.3166666666666663e-09
3138,2.566666666666667e-09
3139,2.283333333333333e-09
3140,2.0999999999999998e-09
3141,2.1833333333333334e-09
3142,1.6666666666666665e-09
3143,1.5166666666666666e-09
3144,1.9999999999999997e-09
3145,2.8500000000000003e-09
3146,1.5666666666666666e-09
3147,1.6666666666666665e-09
3148,1.2166666666666668e-09
3149,1.8833333333333332e-09
3150,2.7333333333333334e-09
3151,1.4166666666666665e-09
3152,2.8e-09
3153,1.8166666666666666e-09
3154,1.6333333333333335e-09
3155,2.35e-09
3156,1.4833333333333334e-09
3157,1.8333333333333334e-09
3158,2.7333333333333334e-09
3159,2.25e-09
3160,2.7833333333333334e-09
3161,1.3499999999999999e-09
3162,2.8500000000000003e-09
3163,3.55e-09
3164,2.5833333333333333e-09
3165,1.1833333333333334e-09
3166,2.216666666666667e-09
3167,3.633333333333333e-09
3168,3.7e-09
3169,1.0666666666666667e-09
3170,3.3166666666666666e-09
3171,4.066666666666667e-09
3172,7.416666666666666e-09
3173,3.333333333333333e-09
3174,9e-10
3175,3.9999999999999994e-09
3176,3.7166666666666664e-09
3177,1.1833333333333334e-09
3178,1.2999999999999999e-09
3179,3.4833333333333335e-09
3180,9e-10
3181,3.6166666666666668e-09
3182,3.916666666666667e-09
3183,1.1666666666666668e-09
3184,4.216666666666666e-09
3185,4.55e-09
3186,4.25e-09
3187,3.533333333333333e-09
3188,1.2166666666666668e-09
3189,3.95e-09
3190,7.5e-10
3191,4.15e-09
3192,5.066666666666667e-09
3193,9.166666666666667e-10
3194,4.333333333333333e-09
3195,1.0166666666666667e-09
3196,1.0166666666666667e-09
3197,9.35e-09
3198,4.816666666666667e-09
3199,4.5166666666666666e-09
3200,9.333333333333332e-10
3201,4.75e-09
3202,4.5166666666666666e-09
3203,4.433333333333334e-09
3204,8.666666666666667e-10
3205,4.366666666666667e-09
3206,4.633333333333333e-09
3207,4.35e-09
3208,6.666666666666666e-10
3209,4.15e-09
3210,4.833333333333333e-10
3211,5.333333333333334e-10
3212,7.833333333333333e-10
3213,6.499999999999999e-10
3214,4.083333333333333e-09
3215,3.95e-09
3216,5.833333333333334e-10
3217,6.833333333333334e-10
3218,3.833333333333333e-09
3219,4.366666666666667e-09
3220,9.666666666666666e-10
3221,7.333333333333333e-10
3222,7.333333333333333e-10
3223,3.633333333333333e-09
3224,8.166666666666667e-10
3225,7.166666666666667e-10
3226,9.166666666666667e-10
3227,4.333333333333333e-09
3228,7.833333333333333e-10
3229,4.283333333333333e-09
3230,4.016666666666667e-09
3231,4.266666666666667e-09
3232,4.833333333333333e-10
3233,5.333333333333334e-10
3234,4.283333333333333e-09
3235,4.533333333333333e-09
3236,4.833333333333333e-09
3237,8.166666666666667e-10
3238,3.166666666666667e-10
3239,7.666666666666667e-10
3240,4.8e-09
3241,7.333333333333333e-10
3242,4.5166666666666666e-09
3243,4.3333333333333334e-10
3244,4.833333333333333e-09
3245,4.8e-09
3246,1.4e-09
3247,5.333333333333333e-09
3248,7.5e-10
3249,5.1833333333333334e-09
3250,4.533333333333333e-09
3251,4.466666666666667e-09
3252,7.5e-10
3253,5.25e-09
3254,5.016666666666667e-09
3255,5.333333333333334e-10
3256,4.85e-09
3257,4.983333333333333e-09
3258,4.9500000000000005e-09
3259,4.866666666666667e-09
3260,1.1e-09
3261,4.983333333333333e-09
3262,5.133333333333334e-09
3263,5.033333333333333e-09
3264,3.8333333333333335e-10
3265,2.4999999999999996e-10
3266,1.3833333333333333e-09
3267,5.833333333333334e-10
3268,6e-10
3269,1.3333333333333333e-09
3270,7.3e-09
3271,9.5e-10
3272,5.066666666666667e-09
3273,5.116666666666666e-09
3274,5.066666666666667e-09
3275,5.166666666666666e-10
3276,8.5e-10
3277,9e-10
3278,1.2e-09
3279,9.666666666666666e-10
3280,1.2166666666666668e-09
3281,1.7666666666666666e-09
3282,9.833333333333332e-10
3283,2.45e-09
3284,1.3666666666666667e-09
3285,6.433333333333333e-09
3286,5.1999999999999994e-09
3287,1.9833333333333333e-09
3288,1.3833333333333333e-09
3289,2.65e-09
3290,1.0666666666666667e-09
3291,1.1333333333333333e-09
3292,1.8666666666666664e-09
3293,4.683333333333333e-09
3294,4.783333333333334e-09
3295,4.7333333333333335e-09
3296,2.4166666666666664e-09
3297,1.9166666666666665e-09
3298,4.716666666666667e-09
3299,4.45e-09
3300,1.3499999999999999e-09
3301,1.4666666666666666e-09
3302,4.916666666666666e-09
3303,1.6333333333333335e-09
3304,4.65e-09
3305,1.8666666666666664e-09
3306,1.6666666666666665e-09
3307,1.9833333333333333e-09
3308,4.783333333333334e-09
3309,4.666666666666667e-09
3310,1.6666666666666665e-09
3311,1.9666666666666665e-09
3312,5.05e-09
3313,1.8e-09
3314,2.25e-09
3315,4.683333333333333e-09
3316,1.8666666666666664e-09
3317,4.016666666666667e-09
3318,1.2833333333333335e-09
3319,1.9666666666666665e-09
3320,2.2666666666666667e-09
3321,1.75e-09
3322,4.4166666666666665e-09
3323,4.1999999999999996e-09
3324,4.166666666666667e-09
3325,1.85e-09
3326,1.7333333333333333e-09
3327,2.2e-09
3328,1.45e-09
3329,1.9666666666666665e-09
3330,3.966666666666667e-09
3331,1.65e-09
3332,1.3666666666666667e-09
3333,1.7333333333333333e-09
3334,3.916666666666667e-09
3335,1.9666666666666665e-09
3336,4.016666666666667e-09
3337,3.75e-09
3338,4.1e-09
3339,1.9166666666666665e-09
3340,1.65e-09
3341,2.016666666666667e-09
3342,2.1500000000000002e-09
3343,4.1999999999999996e-09
3344,3.65e-09
3345,2.5999999999999997e-09
3346,1.45e-09
3347,3.9e-09
3348,3.95e-09
3349,2.65e-09
3350,2.0333333333333333e-09
3351,1.8166666666666666e-09
3352,3.7e-09
3353,3.533333333333333e-09
3354,1.65e-09
3355,1.4833333333333334e-09
3356,1.6e-09
3357,2.1666666666666666e-09
3358,2.0333333333333333e-09
3359,3.2833333333333334e-09
3360,3.2166666666666665e-09
3361,1.25e-09
3362,3.166666666666667e-09
3363,1.6666666666666665e-09
3364,2.8833333333333335e-09
3365,1.4166666666666665e-09
3366,5.883333333333333e-09
3367,2.933333333333333e-09
3368,1.55e-09
3369,1.4833333333333334e-09
3370,2.833333333333333e-09
3371,1.5e-09
3372,2.8e-09
3373,3.4e-09
3374,1.3833333333333333e-09
3375,3.8e-09
3376,1.3499999999999999e-09
3377,1.6e-09
3378,1.3499999999999999e-09
3379,1.8666666666666664e-09
3380,3.1833333333333333e-09
3381,1.4166666666666665e-09
3382,3.033333333333333e-09
3383,1.6666666666666665e-09
3384,2.7833333333333334e-09
3385,2.9e-09
3386,2.6166666666666665e-09
3387,1.5833333333333334e-09
3388,3.65e-09
3389,1.2166666666666668e-09
3390,3.3500000000000002e-09
3391,1.75e-09
3392,3.6166666666666668e-09
3393,3.166666666666667e-09
3394,4.466666666666667e-09
3395,3.65e-09
3396,3.2833333333333334e-09
3397,1.7e-09
3398,3.633333333333333e-09
3399,4.216666666666666e-09
3400,2.983333333333333e-09
3401,3.15e-09
3402,3.966666666666667e-09
3403,4.366666666666667e-09
3404,3.633333333333333e-09
3405,1.3666666666666667e-09
3406,1.8333333333333334e-09
3407,1.15e-09
3408,3.95e-09
3409,1.3166666666666667e-09
3410,3.75e-09
3411,1.5833333333333334e-09
3412,3.2e-09
3413,1.1833333333333334e-09
3414,4.9e-09
3415,2.383333333333333e-09
3416,3.55e-09
3417,1.2e-09
3418,4.25e-09
3419,1.3333333333333333e-09
3420,2.7833333333333334e-09
3421,3.6833333333333336e-09
3422,1.55e-09
3423,4.55e-09
3424,1.1166666666666667e-09
3425,1.6833333333333333e-09
3426,1.8166666666666666e-09
3427,4.016666666666667e-09
3428,3.5666666666666668e-09
3429,1.2e-09
3430,3.1e-09
3431,8.5e-10
3432,3.6166666666666668e-09
3433,1.0333333333333333e-09
3434,3.65e-09
3435,3.4833333333333335e-09
3436,1.0166666666666667e-09
3437,3.883333333333333e-09
3438,3.4166666666666667e-09
3439,1.9333333333333333e-09
3440,3.2833333333333334e-09
3441,3.916666666666667e-09
3442,1.55e-09
3443,1.45e-09
3444,3.3500000000000002e-09
3445,4.266666666666667e-09
3446,4.166666666666667e-09
3447,3.4166666666666667e-09
3448,3.1e-09
3449,1.2999999999999999e-09
3450,1.0333333333333333e-09
3451,4.15e-09
3452,3.266666666666667e-09
3453,1.1e-09
3454,3.85e-09
3455,3.333333333333333e-09
3456,3.4666666666666667e-09
3457,3.433333333333333e-09
3458,3.4666666666666667e-09
3459,6e-10
3460,4.616666666666667e-09
3461,3.75e-09
3462,1.1666666666666668e-09
3463,3.933333333333333e-09
3464,3.6833333333333336e-09
3465,3.9e-09
3466,4.55e-09
3467,8.166666666666667e-10
3468,8e-10
3469,7.666666666666667e-10
3470,4.066666666666667e-09
3471,4.4e-09
3472,7.5e-10
3473,1.3666666666666667e-09
3474,3.333333333333333e-10
3475,4.45e-09
3476,4.566666666666666e-09
3477,3.8666666666666665e-09
3478,4.116666666666666e-09
3479,4.1833333333333336e-09
3480,5.833333333333334e-10
3481,1.1666666666666668e-09
3482,7.833333333333333e-10
3483,3.9833333333333334e-09
3484,7.166666666666667e-10
3485,3.9e-09
3486,5.5e-10
3487,1.2166666666666668e-09
3488,3.9999999999999994e-09
3489,9.999999999999999e-10
3490,9.999999999999999e-10
3491,9.5e-10
3492,9e-10
3493,3.7e-09
3494,3.4833333333333335e-09
3495,8.333333333333332e-10
3496,7.833333333333333e-10
3497,9.999999999999999e-10
3498,3.65e-09
3499,3.55e-09
3500,6.499999999999999e-10
3501,3.6e-09
3502,8.166666666666667e-10
3503,7.666666666666667e-10
3504,3.4166666666666667e-09
3505,7.166666666666667e-10
3506,4.166666666666666e-10
3507,3.816666666666667e-09
3508,9.166666666666667e-10
3509,4.283333333333333e-09
3510,3.2e-09
3511,1.6e-09
3512,3.3833333333333334e-09
3513,3.2833333333333334e-09
3514,3.4e-09
3515,1.65e-09
3516,7.166666666666667e-10
3517,3.05e-09
3518,9.166666666666667e-10
3519,5.166666666666667e-09
3520,4.5e-10
3521,3.3500000000000002e-09
3522,3.2333333333333333e-09
3523,4.3333333333333334e-10
3524,3.7166666666666664e-09
3525,1.0166666666666667e-09
3526,6e-10
3527,2.3333333333333335e-09
3528,9.333333333333332e-10
3529,3.2333333333333333e-09
3530,4.916666666666666e-09
3531,2.8333333333333334e-10
3532,2.8333333333333334e-10
3533,3.3500000000000002e-09
3534,7.166666666666667e-10
3535,7.5e-10
3536,8.833333333333333e-10
3537,3.4e-09
3538,3.633333333333333e-09
3539,8.333333333333332e-10
3540,3.266666666666667e-09
3541,1.0499999999999999e-09
3542,4.1e-09
3543,3.55e-09
3544,3.5666666666666668e-09
3545,3.7166666666666664e-09
3546,8.333333333333332e-10
3547,1.3499999999999999e-09
3548,1.3333333333333333e-09
3549,3.75e-09
3550,3.85e-09
3551,4.116666666666666e-09
3552,3.7666666666666665e-09
3553,4.283333333333333e-09
3554,1.2e-09
3555,1.8833333333333332e-09
3556,4.3166666666666664e-09
3557,3.7666666666666665e-09
3558,1.0499999999999999e-09
3559,4.216666666666666e-09
3560,1.6e-09
3561,3.916666666666667e-09
3562,1.15e-09
3563,1.2833333333333335e-09
3564,1.8666666666666664e-09
3565,3.9999999999999994e-09
3566,2.25e-09
3567,4.066666666666667e-09
3568,1.1833333333333334e-09
3569,3.783333333333333e-09
3570,1.65e-09
3571,1.5666666666666666e-09
3572,1.3666666666666667e-09
3573,1.4833333333333334e-09
3574,9.999999999999999e-10
3575,3.1833333333333333e-09
3576,1.8166666666666666e-09
3577,3.0833333333333332e-09
3578,3.1166666666666665e-09
3579,3.066666666666667e-09
3580,2.9e-09
3581,1.4833333333333334e-09
3582,1.8166666666666666e-09
3583,1.3666666666666667e-09
3584,3.1333333333333333e-09
3585,1.5166666666666666e-09
3586,3.0833333333333332e-09
3587,3.2333333333333333e-09
3588,1.4333333333333333e-09
3589,1.7666666666666666e-09
3590,1.7166666666666665e-09
3591,3.0166666666666664e-09
3592,3e-09
3593,2.116666666666667e-09
3594,1.6333333333333335e-09
3595,3.05e-09
3596,3.166666666666667e-09
3597,1.6333333333333335e-09
3598,3.2e-09
3599,2.9166666666666667e-09
3600,3.1833333333333333e-09
3601,3e-09
3602,3.4666666666666667e-09
3603,4.15e-09
3604,1.7666666666666666e-09
3605,3.65e-09
3606,3.166666666666667e-09
3607,2.0666666666666666e-09
3608,3.3833333333333334e-09
3609,2.7500000000000002e-09
3610,2.0833333333333334e-09
3611,4.133333333333333e-09
3612,1.7666666666666666e-09
3613,3.95e-09
3614,3.4e-09
3615,2.3666666666666668e-09
3616,3.816666666666667e-09
3617,3.5833333333333336e-09
3618,1.9333333333333333e-09
3619,1.9333333333333333e-09
3620,3.0166666666666664e-09
3621,2.5333333333333337e-09
3622,2.566666666666667e-09
3623,3.65e-09
3624,3.933333333333333e-09
3625,2.3166666666666663e-09
3626,3.3666666666666666e-09
3627,2.35e-09
3628,3.1e-09
3629,3.266666666666667e-09
3630,2.983333333333333e-09
3631,3.4833333333333335e-09
3632,2.466666666666667e-09
3633,3.2333333333333333e-09
3634,3.05e-09
3635,3.2166666666666665e-09
3636,2.383333333333333e-09
3637,3.75e-09
3638,1.8166666666666666e-09
3639,2.833333333333333e-09
3640,2.7166666666666666e-09
3641,2.6333333333333333e-09
3642,3.05e-09
3643,2.5333333333333337e-09
3644,3.3166666666666666e-09
3645,1.9833333333333333e-09
3646,2.7333333333333334e-09
3647,3.1833333333333333e-09
3648,1.5333333333333334e-09
3649,2.25e-09
3650,1.4166666666666665e-09
3651,2.65e-09
3652,2.8500000000000003e-09
3653,2.933333333333333e-09
3654,2.466666666666667e-09
3655,2.116666666666667e-09
3656,1.7166666666666665e-09
3657,2.5333333333333337e-09
3658,3.05e-09
3659,2.5833333333333333e-09
3660,3.3833333333333334e-09
3661,3.1166666666666665e-09
3662,2.1500000000000002e-09
3663,2.5e-09
3664,3.15e-09
3665,2.833333333333333e-09
3666,2.9666666666666668e-09
3667,3.066666666666667e-09
3668,3.1166666666666665e-09
3669,2.383333333333333e-09
3670,2.7833333333333334e-09
3671,2.7833333333333334e-09
3672,2.933333333333333e-09
3673,3.55e-09
3674,2.7833333333333334e-09
3675,2.9500000000000004e-09
3676,3.75e-09
3677,4.1e-09
3678,3.45e-09
3679,3.916666666666667e-09
3680,2.9166666666666667e-09
3681,3.7666666666666665e-09
3682,3.5166666666666667e-09
3683,3.45e-09
3684,2.7666666666666666e-09
3685,3.5833333333333336e-09
3686,2.7666666666666666e-09
3687,3.533333333333333e-09
3688,3.533333333333333e-09
3689,4.666666666666667e-09
3690,2.9166666666666667e-09
3691,2.9666666666666668e-09
3692,3.3e-09
3693,3.2833333333333334e-09
3694,3.25e-09
3695,3.2833333333333334e-09
3696,3.066666666666667e-09
3697,3.25e-09
3698,3.266666666666667e-09
3699,3.05e-09
3700,3.4e-09
3701,2.9e-09
3702,3.7e-09
3703,3.4666666666666667e-09
3704,3e-09
3705,3.533333333333333e-09
3706,4.883333333333333e-09
3707,3.033333333333333e-09
3708,2.8e-09
3709,4.066666666666667e-09
3710,2.9500000000000004e-09
3711,3.666666666666667e-09
3712,3.9999999999999994e-09
3713,3e-09
3714,3.333333333333333e-09
3715,3.85e-09
3716,4.3166666666666664e-09
3717,2.8833333333333335e-09
3718,4.766666666666666e-09
3719,4.266666666666667e-09
3720,3.666666666666667e-09
3721,4.066666666666667e-09
3722,4.35e-09
3723,5.3999999999999996e-09
3724,4.1e-09
3725,2.7833333333333334e-09
3726,2.216666666666667e-09
3727,5.1e-09
3728,5.766666666666667e-09
3729,2.2666666666666667e-09
3730,3.9e-09
3731,4.133333333333333e-09
3732,2.4e-09
3733,2.65e-09
3734,3.9999999999999994e-09
3735,3.6833333333333336e-09
3736,3.433333333333333e-09
3737,5.116666666666666e-09
3738,2.0333333333333333e-09
3739,1.8333333333333334e-09
3740,2.283333333333333e-09
3741,3.1833333333333333e-09
3742,1.95e-09
3743,3.6e-09
3744,1.9999999999999997e-09
3745,3.4666666666666667e-09
3746,3.4166666666666667e-09
3747,4.216666666666666e-09
3748,4.1999999999999996e-09
3749,3.733333333333333e-09
3750,1.7833333333333334e-09
3751,2.016666666666667e-09
3752,5.05e-09
3753,4.233333333333334e-09
3754,2.3333333333333335e-09
3755,3.3833333333333334e-09
3756,2.0333333333333333e-09
3757,1.65e-09
3758,1.85e-09
3759,1.8666666666666664e-09
3760,3.9999999999999994e-09
3761,3.733333333333333e-09
3762,1.9833333333333333e-09
3763,1.9333333333333333e-09
3764,3.266666666666667e-09
3765,3.333333333333333e-09
3766,3.2e-09
3767,3.166666666666667e-09
3768,1.9e-09
3769,3.2e-09
3770,3.15e-09
3771,3.1333333333333333e-09
3772,2.0666666666666666e-09
3773,3.5e-09
3774,3.5e-09
3775,1.9666666666666665e-09
3776,3.166666666666667e-09
3777,1.6e-09
3778,3e-09
3779,1.6333333333333335e-09
3780,1.3499999999999999e-09
3781,1.3833333333333333e-09
3782,1.9166666666666665e-09
3783,2.6333333333333333e-09
3784,2.9500000000000004e-09
3785,2.5166666666666665e-09
3786,1.45e-09
3787,4.216666666666666e-09
3788,1.2833333333333335e-09
3789,2.5e-09
3790,1.3166666666666667e-09
3791,1.0166666666666667e-09
3792,1.0833333333333333e-09
3793,1.15e-09
3794,1.0666666666666667e-09
3795,2.2666666666666667e-09
3796,2.5333333333333337e-09
3797,2.8833333333333335e-09
3798,2.4e-09
3799,9e-10
3800,2.3e-09
3801,2.566666666666667e-09
3802,2.25e-09
3803,2.45e-09
3804,2.5e-09
3805,7.5e-10
3806,1.3666666666666667e-09
3807,6.499999999999999e-10
3808,2.833333333333333e-09
3809,2.5999999999999997e-09
3810,2.35e-09
3811,1.3166666666666667e-09
3812,2.6999999999999998e-09
3813,3.9833333333333334e-09
3814,1.3666666666666667e-09
3815,1.8166666666666666e-09
3816,2.4166666666666664e-09
3817,7.666666666666667e-10
3818,1.1e-09
3819,2.6833333333333334e-09
3820,2.3666666666666668e-09
3821,9.333333333333332e-10
3822,2.5e-09
3823,1.2999999999999999e-09
3824,1.0499999999999999e-09
3825,2.6666666666666666e-09
3826,2.216666666666667e-09
3827,1.1333333333333333e-09
3828,2.016666666666667e-09
3829,2.0833333333333334e-09
3830,9.999999999999999e-10
3831,8.5e-10
3832,8.166666666666667e-10
3833,8.5e-10
3834,2.35e-09
3835,2.2e-09
3836,2.5333333333333337e-09
3837,2.4333333333333336e-09
3838,7.333333333333333e-10
3839,2.2333333333333335e-09
3840,2.6666666666666666e-09
3841,1.25e-09
3842,1.1e-09
3843,8e-10
3844,6e-10
3845,2.9500000000000004e-09
3846,1.9999999999999997e-09
3847,2.4e-09
3848,1.2333333333333334e-09
3849,2.3e-09
3850,1.3833333333333333e-09
3851,1.2166666666666668e-09
3852,9.666666666666666e-10
3853,2.35e-09
3854,1.2333333333333334e-09
3855,1.4166666666666665e-09
3856,1.25e-09
3857,1.9833333333333333e-09
3858,1.2333333333333334e-09
3859,7.666666666666667e-10
3860,1.9e-09
3861,9.833333333333332e-10
3862,6.666666666666666e-10
3863,1.2333333333333334e-09
3864,9.5e-10
3865,1.9666666666666665e-09
3866,1.3833333333333333e-09
3867,2.833333333333333e-09
3868,1.0166666666666667e-09
3869,2.05e-09
3870,2.1333333333333334e-09
3871,1.7833333333333334e-09
3872,2.116666666666667e-09
3873,2.1666666666666666e-09
3874,1.8666666666666664e-09
3875,1.3333333333333333e-09
3876,2.05e-09
3877,1.2e-09
3878,1.0499999999999999e-09
3879,2.2333333333333335e-09
3880,1.2e-09
3881,1.4333333333333333e-09
3882,9.333333333333332e-10
3883,1.1833333333333334e-09
3884,1.4666666666666666e-09
3885,1.1833333333333334e-09
3886,1.9666666666666665e-09
3887,1.9833333333333333e-09
3888,1.9999999999999997e-09
3889,1.6e-09
3890,1.0666666666666667e-09
3891,2.4166666666666664e-09
3892,9.166666666666667e-10
3893,7.5e-10
3894,2.016666666666667e-09
3895,2.1333333333333334e-09
3896,1.7166666666666665e-09
3897,2.9500000000000004e-09
3898,1.9e-09
3899,1.9166666666666665e-09
3900,1.5833333333333334e-09
3901,2.2666666666666667e-09
3902,1.9666666666666665e-09
3903,2.216666666666667e-09
3904,1.1166666666666667e-09
3905,1.2e-09
3906,9.5e-10
3907,1.65e-09
3908,1.4666666666666666e-09
3909,2.0666666666666666e-09
3910,1.7166666666666665e-09
3911,1.7333333333333333e-09
3912,1.9166666666666665e-09
3913,2.35e-09
3914,1.6333333333333335e-09
3915,2.016666666666667e-09
3916,2.4e-09
3917,1.6333333333333335e-09
3918,1.7333333333333333e-09
3919,1.5333333333333334e-09
3920,2.35e-09
3921,1.9166666666666665e-09
3922,2.0333333333333333e-09
3923,2.0833333333333334e-09
3924,1.8333333333333334e-09
3925,2.5333333333333337e-09
3926,1.8166666666666666e-09
3927,2.0666666666666666e-09
3928,2.2e-09
3929,2.1666666666666666e-09
3930,2.25e-09
3931,1.95e-09
3932,1.7333333333333333e-09
3933,3.3833333333333334e-09
3934,2.1500000000000002e-09
3935,1.9999999999999997e-09
3936,1.8333333333333334e-09
3937,1.8833333333333332e-09
3938,2.3e-09
3939,2.05e-09
3940,1.9333333333333333e-09
3941,2.1333333333333334e-09
3942,1.9166666666666665e-09
3943,1.5166666666666666e-09
3944,1.0666666666666667e-09
3945,2.7166666666666666e-09
3946,1.6833333333333333e-09
3947,1.1833333333333334e-09
3948,8.5e-10
3949,1.2999999999999999e-09
3950,9.999999999999999e-10
3951,1.0333333333333333e-09
3952,7.333333333333333e-10
3953,1.0499999999999999e-09
3954,1.7833333333333334e-09
3955,1.8e-09
3956,1.8666666666666664e-09
3957,2.1666666666666666e-09
3958,1.0666666666666667e-09
3959,1.2999999999999999e-09
3960,1.8666666666666664e-09
3961,1.0499999999999999e-09
3962,1.8666666666666664e-09
3963,9.5e-10
3964,2.5166666666666665e-09
3965,9.5e-10
3966,1.0666666666666667e-09
3967,5.5e-10
3968,1.0666666666666667e-09
3969,1.3666666666666667e-09
3970,1.9e-09
3971,9.999999999999999e-10
3972,1.4666666666666666e-09
3973,1.4e-09
3974,5.5e-10
3975,1.0333333333333333e-09
3976,1.3333333333333333e-09
3977,1.2833333333333335e-09
3978,1.25e-09
3979,1.8e-09
3980,1.7833333333333334e-09
3981,8.166666666666667e-10
3982,1.0499999999999999e-09
3983,1.0666666666666667e-09
3984,1.25e-09
3985,1.0166666666666667e-09
3986,1.8666666666666664e-09
3987,9e-10
3988,1.1166666666666667e-09
3989,1.4666666666666666e-09
3990,1.8e-09
3991,8.833333333333333e-10
3992,2.5166666666666665e-09
3993,9.999999999999999e-10
3994,1.7166666666666665e-09
3995,1.6e-09
3996,1.1333333333333333e-09
3997,1.0499999999999999e-09
3998,8.166666666666667e-10
3999,1.8333333333333334e-09
4000,1.3833333333333333e-09
4001,1.1166666666666667e-09
4002,1.1e-09
4003,2.1833333333333334e-09
4004,1.3833333333333333e-09
4005,9.5e-10
4006,1.6666666666666665e-09
4007,1.4833333333333334e-09
4008,1.5e-09
4009,1.45e-09
4010,1.3666666666666667e-09
4011,2.0833333333333334e-09
4012,2.216666666666667e-09
4013,2.4333333333333336e-09
4014,1.8333333333333334e-09
4015,1.85e-09
4016,9.999999999999999e-10
4017,1.6666666666666665e-09
4018,1.3666666666666667e-09
4019,2.2e-09
4020,1.9333333333333333e-09
4021,9.5e-10
4022,1.2e-09
4023,2.933333333333333e-09
4024,1.6833333333333333e-09
4025,2.35e-09
4026,1.7e-09
4027,1.6666666666666665e-09
4028,3.0833333333333332e-09
4029,2.2333333333333335e-09
4030,3.883333333333333e-09
4031,1.0833333333333333e-09
4032,3.0833333333333332e-09
4033,2.0833333333333334e-09
4034,1.55e-09
4035,2.566666666666667e-09
4036,1.6e-09
4037,2.4833333333333332e-09
4038,1.6166666666666667e-09
4039,1.3833333333333333e-09
4040,2.55e-09
4041,2.3666666666666668e-09
4042,1.55e-09
4043,1.6166666666666667e-09
4044,1.2833333333333335e-09
4045,2.2666666666666667e-09
4046,1.4e-09
4047,1.6833333333333333e-09
4048,2.3666666666666668e-09
4049,2.4833333333333332e-09
4050,1.4666666666666666e-09
4051,2.1333333333333334e-09
4052,2.116666666666667e-09
4053,1.0499999999999999e-09
4054,1.1e-09
4055,1.1166666666666667e-09
4056,2.65e-09
4057,1.4e-09
4058,1.85e-09
4059,1.7333333333333333e-09
4060,1.7666666666666666e-09
4061,2.1666666666666666e-09
4062,1.7666666666666666e-09
4063,9.999999999999999e-10
4064,9.833333333333332e-10
4065,1.9e-09
4066,1.7e-09
4067,1.9333333333333333e-09
4068,6e-10
4069,2.016666666666667e-09
4070,1.8e-09
4071,1.7166666666666665e-09
4072,2.3666666666666668e-09
4073,8.666666666666667e-10
4074,1.0833333333333333e-09
4075,9.5e-10
4076,1.7833333333333334e-09
4077,1.6666666666666665e-09
4078,9.666666666666666e-10
4079,1.6666666666666665e-09
4080,8.833333333333333e-10
4081,9.833333333333332e-10
4082,1.2333333333333334e-09
4083,9.833333333333332e-10
4084,1.2333333333333334e-09
4085,7.833333333333333e-10
4086,1.2e-09
4087,7e-10
4088,8.666666666666667e-10
4089,1.1e-09
4090,6.333333333333334e-10
4091,1.1333333333333333e-09
4092,1.1333333333333333e-09
4093,1.4166666666666665e-09
4094,8e-10
4095,9.5e-10
4096,1.4166666666666665e-09
4097,7e-10
4098,8.5e-10
4099,8e-10
4100,8.833333333333333e-10
4101,8.666666666666667e-10
4102,1.15e-09
4103,6.166666666666667e-10
4104,1.4666666666666666e-09
4105,1.4333333333333333e-09
4106,9.666666666666666e-10
4107,1.2999999999999999e-09
4108,9.5e-10
4109,9.333333333333332e-10
4110,6.333333333333334e-10
4111,9.5e-10
4112,5.333333333333334e-10
4113,1.1666666666666668e-09
4114,1.0166666666666667e-09
4115,4.5e-10
4116,7.666666666666667e-10
4117,7e-10
4118,6.166666666666667e-10
4119,5.166666666666666e-10
4120,1.1333333333333333e-09
4121,5.333333333333334e-10
4122,6.499999999999999e-10
4123,4.3333333333333334e-10
4124,3.6666666666666664e-10
4125,6e-10
4126,1.0333333333333333e-09
4127,4.999999999999999e-10
4128,3.6666666666666664e-10
4129,6.333333333333334e-10
4130,9e-10
4131,8e-10
4132,5.833333333333334e-10
4133,3.6666666666666664e-10
4134,5.166666666666666e-10
4135,3.5e-10
4136,4.3333333333333334e-10
4137,1.65e-09
4138,4.666666666666666e-10
4139,5.833333333333334e-10
4140,6.499999999999999e-10
4141,1.25e-09
4142,4e-10
4143,1.5166666666666666e-09
4144,6.833333333333334e-10
4145,8.5e-10
4146,2.0333333333333333e-09
4147,2.0333333333333333e-09
4148,2.4999999999999996e-10
4149,2.1500000000000002e-09
4150,1.3333333333333333e-09
4151,2.1500000000000002e-09
4152,1.5166666666666666e-09
4153,1.45e-09
4154,2.016666666666667e-09
4155,9.5e-10
4156,8.666666666666667e-10
4157,1.0333333333333333e-09
4158,2.05e-09
4159,1.1833333333333334e-09
4160,9.666666666666666e-10
4161,1.2999999999999999e-09
4162,2.0999999999999998e-09
4163,7e-10
4164,8.166666666666667e-10
4165,1.4833333333333334e-09
4166,1.1333333333333333e-09
4167,1.85e-09
4168,8.5e-10
4169,1.0166666666666667e-09
4170,1.9166666666666665e-09
4171,6e-10
4172,1.6833333333333333e-09
4173,6.333333333333334e-10
4174,5.666666666666667e-10
4175,4.999999999999999e-10
4176,8e-10
4177,1.3333333333333333e-09
4178,9e-10
4179,1.3333333333333333e-09
4180,1.6833333333333333e-09
4181,1.4333333333333333e-09
4182,1.2833333333333335e-09
4183,1.65e-09
4184,1.2e-09
4185,1.6833333333333333e-09
4186,1.3666666666666667e-09
4187,1.7833333333333334e-09
4188,1.3833333333333333e-09
4189,8.5e-10
4190,9.5e-10
4191,1.3333333333333333e-09
4192,1.0666666666666667e-09
4193,1.3833333333333333e-09
4194,1.2666666666666668e-09
4195,1.8166666666666666e-09
4196,8.666666666666667e-10
4197,1.0333333333333333e-09
4198,1.3833333333333333e-09
4199,1.4666666666666666e-09
4200,1.0333333333333333e-09
4201,1.1166666666666667e-09
4202,1.0333333333333333e-09
4203,1.0166666666666667e-09
4204,1.0833333333333333e-09
4205,1.4e-09
4206,1.6666666666666665e-09
4207,1.0166666666666667e-09
4208,7.5e-10
4209,1.65e-09
4210,9.166666666666667e-10
4211,1.2e-09
4212,1.8833333333333332e-09
4213,1.2166666666666668e-09
4214,1.4333333333333333e-09
4215,1.4833333333333334e-09
4216,1.1e-09
4217,1.1833333333333334e-09
4218,2.25e-09
4219,1.2999999999999999e-09
4220,1.3166666666666667e-09
4221,1.3833333333333333e-09
4222,1.2e-09
4223,1.0333333333333333e-09
4224,1.0499999999999999e-09
4225,1.7833333333333334e-09
4226,1.2333333333333334e-09
4227,1.9333333333333333e-09
4228,1.5333333333333334e-09
4229,1.55e-09
4230,1.1833333333333334e-09
4231,1.9999999999999997e-09
4232,9.5e-10
4233,1.4666666666666666e-09
4234,1.0666666666666667e-09
4235,1.5333333333333334e-09
4236,1.1166666666666667e-09
4237,1.6833333333333333e-09
4238,1.1e-09
4239,1.7333333333333333e-09
4240,1.8166666666666666e-09
4241,1.2999999999999999e-09
4242,1.5166666666666666e-09
4243,3.633333333333333e-09
4244,1.45e-09
4245,2.3333333333333335e-09
4246,1.75e-09
4247,1.4e-09
4248,1.9833333333333333e-09
4249,1.45e-09
4250,2.1500000000000002e-09
4251,1.55e-09
4252,1.0666666666666667e-09
4253,1.2833333333333335e-09
4254,1.1333333333333333e-09
4255,1.8e-09
4256,1.0666666666666667e-09
4257,1.6833333333333333e-09
4258,9.666666666666666e-10
4259,1.5833333333333334e-09
4260,8.333333333333332e-10
4261,1.5833333333333334e-09
4262,7.833333333333333e-10
4263,9.833333333333332e-10
4264,1.5e-09
4265,1.1833333333333334e-09
4266,1.4166666666666665e-09
4267,1.65e-09
4268,1.9166666666666665e-09
4269,1.3499999999999999e-09
4270,7.666666666666667e-10
4271,1.8666666666666664e-09
4272,1.7e-09
4273,1.9333333333333333e-09
4274,6.166666666666667e-10
4275,2.3166666666666663e-09
4276,1.6166666666666667e-09
4277,5.833333333333334e-10
4278,1.7166666666666665e-09
4279,5.166666666666666e-10
4280,1.1e-09
4281,1.8e-09
4282,6e-10
4283,1.0833333333333333e-09
4284,1.8333333333333334e-09
4285,2.1500000000000002e-09
4286,7.666666666666667e-10
4287,1.65e-09
4288,6.666666666666666e-10
4289,1.2166666666666668e-09
4290,1.6333333333333335e-09
4291,9.5e-10
4292,1.65e-09
4293,1.75e-09
4294,1.4166666666666665e-09
4295,2.4333333333333336e-09
4296,6.499999999999999e-10
4297,2.3e-09
4298,2.383333333333333e-09
4299,1.65e-09
4300,7e-10
4301,1.7833333333333334e-09
4302,1.2166666666666668e-09
4303,1.1666666666666668e-09
4304,2.4166666666666664e-09
4305,1.45e-09
4306,1.8e-09
4307,1.8666666666666664e-09
4308,6.833333333333334e-10
4309,1.8666666666666664e-09
4310,1.5e-09
4311,2.1833333333333334e-09
4312,5.5e-10
4313,7.833333333333333e-10
4314,1.95e-09
4315,1.0666666666666667e-09
4316,4.166666666666666e-10
4317,7.166666666666667e-10
4318,1.6833333333333333e-09
4319,1.8166666666666666e-09
4320,5.5e-10
4321,1.8333333333333334e-09
4322,2.4e-09
4323,7e-10
4324,2.05e-09
4325,1.8166666666666666e-09
4326,8.333333333333332e-10
4327,2.0666666666666666e-09
4328,1.1e-09
4329,1.8833333333333332e-09
4330,1.45e-09
4331,2.016666666666667e-09
4332,2.1333333333333334e-09
4333,2.0666666666666666e-09
4334,1.7333333333333333e-09
4335,2.0333333333333333e-09
4336,1.15e-09
4337,1.8333333333333334e-09
4338,1.4333333333333333e-09
4339,1.5333333333333334e-09
4340,1.7666666666666666e-09
4341,1.75e-09
4342,3.1166666666666665e-09
4343,2.0833333333333334e-09
4344,1.3333333333333333e-09
4345,1.85e-09
4346,1.5666666666666666e-09
4347,1.3499999999999999e-09
4348,1.25e-09
4349,1.4666666666666666e-09
4350,1.7166666666666665e-09
4351,1.4166666666666665e-09
4352,1.4666666666666666e-09
4353,2.1666666666666666e-09
4354,1.6333333333333335e-09
4355,1.5e-09
4356,1.5833333333333334e-09
4357,1.8666666666666664e-09
4358,1.5e-09
4359,2.1500000000000002e-09
4360,1.3499999999999999e-09
4361,2.35e-09
4362,1.9666666666666665e-09
4363,1.45e-09
4364,2.2e-09
4365,2.0333333333333333e-09
4366,1.55e-09
4367,1.9999999999999997e-09
4368,2.8e-09
4369,1.5166666666666666e-09
4370,1.4666666666666666e-09
4371,1.6666666666666665e-09
4372,2.466666666666667e-09
4373,2.283333333333333e-09
4374,2.283333333333333e-09
4375,3.5e-09
4376,2.3e-09
4377,1.85e-09
4378,1.7166666666666665e-09
4379,2.4166666666666664e-09
4380,1.9833333333333333e-09
4381,1.6e-09
4382,1.9166666666666665e-09
4383,1.6833333333333333e-09
4384,1.9999999999999997e-09
4385,1.55e-09
4386,2.0333333333333333e-09
4387,1.9666666666666665e-09
4388,1.2999999999999999e-09
4389,1.45e-09
4390,1.7833333333333334e-09
4391,1.9e-09
4392,1.85e-09
4393,2.25e-09
4394,1.45e-09
4395,1.9e-09
4396,1.4166666666666665e-09
4397,1.9833333333333333e-09
4398,2.0666666666666666e-09
4399,2.1666666666666666e-09
4400,1.9e-09
4401,1.5e-09
4402,1.5166666666666666e-09
4403,3.7666666666666665e-09
4404,1.1833333333333334e-09
4405,1.7166666666666665e-09
4406,2.1833333333333334e-09
4407,4.233333333333334e-09
4408,2.016666666666667e-09
4409,1.9666666666666665e-09
4410,1.1166666666666667e-09
4411,2.016666666666667e-09
4412,1.5666666666666666e-09
4413,1.8833333333333332e-09
4414,2.216666666666667e-09
4415,1.3666666666666667e-09
4416,2.2666666666666667e-09
4417,2.566666666666667e-09
4418,2.5999999999999997e-09
4419,1.8166666666666666e-09
4420,1.3166666666666667e-09
4421,1.6e-09
4422,1.2166666666666668e-09
4423,1.2666666666666668e-09
4424,2.216666666666667e-09
4425,2.2666666666666667e-09
4426,1.45e-09
4427,2.1500000000000002e-09
4428,1.5e-09
4429,3.066666666666667e-09
4430,2.55e-09
4431,4.766666666666666e-09
4432,1.4166666666666665e-09
4433,1.5833333333333334e-09
4434,2.8666666666666667e-09
4435,2.6666666666666666e-09
4436,1.3333333333333333e-09
4437,2.6666666666666666e-09
4438,2.6666666666666666e-09
4439,3.033333333333333e-09
4440,1.3166666666666667e-09
4441,1.4166666666666665e-09
4442,3.266666666666667e-09
4443,3.3500000000000002e-09
4444,4.133333333333333e-09
4445,3.2166666666666665e-09
4446,3e-09
4447,1.5166666666666666e-09
4448,3.033333333333333e-09
4449,2.383333333333333e-09
4450,2.933333333333333e-09
4451,6.333333333333334e-10
4452,2.6666666666666666e-09
4453,5.833333333333334e-10
4454,2.1666666666666666e-09
4455,2.1500000000000002e-09
4456,8.333333333333332e-10
4457,1.25e-09
4458,2.0666666666666666e-09
4459,1.3333333333333333e-09
4460,8.5e-10
4461,1.9999999999999997e-09
4462,1.45e-09
4463,1.45e-09
4464,3.2833333333333334e-09
4465,2.1666666666666666e-09
4466,1.4833333333333334e-09
4467,1.8166666666666666e-09
4468,1.6833333333333333e-09
4469,2.4333333333333336e-09
4470,1.4e-09
4471,1.6e-09
4472,1.4833333333333334e-09
4473,1.65e-09
4474,1.7166666666666665e-09
4475,2.3333333333333335e-09
4476,1.5e-09
4477,1.3166666666666667e-09
4478,2.4833333333333332e-09
4479,1.95e-09
4480,1.7666666666666666e-09
4481,2.1333333333333334e-09
4482,2.2333333333333335e-09
4483,2.25e-09
4484,2.1666666666666666e-09
4485,1.5666666666666666e-09
4486,1.45e-09
4487,1.6333333333333335e-09
4488,1.9666666666666665e-09
4489,1.8166666666666666e-09
4490,2.116666666666667e-09
4491,2.933333333333333e-09
4492,1.6833333333333333e-09
4493,1.7166666666666665e-09
4494,2.466666666666667e-09
4495,1.65e-09
4496,1.6e-09
4497,1.4833333333333334e-09
4498,2.0666666666666666e-09
4499,1.7166666666666665e-09
4500,1.5833333333333334e-09
4501,2.35e-09
4502,1.5e-09
4503,2.2e-09
4504,1.95e-09
4505,1.3333333333333333e-09
4506,1.3833333333333333e-09
4507,2.216666666666667e-09
4508,2.0999999999999998e-09
4509,1.7333333333333333e-09
4510,1.6833333333333333e-09
4511,1.6833333333333333e-09
4512,2.1666666666666666e-09
4513,2.1333333333333334e-09
4514,2.35e-09
4515,1.9833333333333333e-09
4516,2.216666666666667e-09
4517,2.383333333333333e-09
4518,2.016666666666667e-09
4519,1.4833333333333334e-09
4520,1.9999999999999997e-09
4521,1.9833333333333333e-09
4522,1.2333333333333334e-09
4523,9.5e-10
4524,1.2666666666666668e-09
4525,1.6166666666666667e-09
4526,1.9333333333333333e-09
4527,1.8e-09
4528,1.1e-09
4529,1.5e-09
4530,1.0166666666666667e-09
4531,1.7e-09
4532,1.4166666666666665e-09
4533,1.3833333333333333e-09
4534,1.2333333333333334e-09
4535,1.3666666666666667e-09
4536,1.2999999999999999e-09
4537,1.5333333333333334e-09
4538,1.3499999999999999e-09
4539,9e-10
4540,9e-10
4541,1.1e-09
4542,9.833333333333332e-10
4543,7.5e-10
4544,1.0166666666666667e-09
4545,9e-10
4546,7.833333333333333e-10
4547,9.333333333333332e-10
4548,1.2e-09
4549,8.166666666666667e-10
4550,1.4333333333333333e-09
4551,1.2333333333333334e-09
4552,9.166666666666667e-10
4553,1.0166666666666667e-09
4554,8.333333333333332e-10
4555,1.1666666666666668e-09
4556,1.3833333333333333e-09
4557,9.333333333333332e-10
4558,9e-10
4559,1.7166666666666665e-09
4560,8.166666666666667e-10
4561,1.5666666666666666e-09
4562,1.1333333333333333e-09
4563,8.833333333333333e-10
4564,1.5166666666666666e-09
4565,1.0166666666666667e-09
4566,1.0666666666666667e-09
4567,8.833333333333333e-10
4568,1.5166666666666666e-09
4569,1.2666666666666668e-09
4570,1.0333333333333333e-09
4571,1.4333333333333333e-09
4572,1.9e-09
4573,1.0666666666666667e-09
4574,1.4833333333333334e-09
4575,1.2e-09
4576,1.0499999999999999e-09
4577,1.2166666666666668e-09
4578,1.5333333333333334e-09
4579,7e-10
4580,7.333333333333333e-10
4581,9.333333333333332e-10
4582,9.999999999999999e-10
4583,1.5666666666666666e-09
4584,2.0333333333333333e-09
4585,1.1166666666666667e-09
4586,1.1166666666666667e-09
4587,1.1833333333333334e-09
4588,1.6e-09
4589,8.833333333333333e-10
4590,1.2166666666666668e-09
4591,1.3499999999999999e-09
4592,1.6166666666666667e-09
4593,5.666666666666667e-10
4594,4.166666666666666e-10
4595,1.7333333333333333e-09
4596,1.1833333333333334e-09
4597,2.0333333333333333e-09
4598,4.166666666666666e-10
4599,2.45e-09
4600,1.1166666666666667e-09
4601,1.1666666666666668e-09
4602,2.383333333333333e-09
4603,1.1166666666666667e-09
4604,5.166666666666666e-10
4605,2.45e-09
4606,1.2166666666666668e-09
4607,1.4833333333333334e-09
4608,6.166666666666667e-10
4609,8.5e-10
4610,5.833333333333334e-10
4611,2.2333333333333335e-09
4612,1.4e-09
4613,1.3166666666666667e-09
4614,2.0999999999999998e-09
4615,4.666666666666666e-10
4616,1.7166666666666665e-09
4617,1.55e-09
4618,1.5e-09
4619,1.0166666666666667e-09
4620,1.6333333333333335e-09
4621,1.6e-09
4622,1.5833333333333334e-09
4623,1.8e-09
4624,1.1833333333333334e-09
4625,1.5833333333333334e-09
4626,1.9166666666666665e-09
4627,1.3166666666666667e-09
4628,1.55e-09
4629,1.3833333333333333e-09
4630,1.6166666666666667e-09
4631,1.6333333333333335e-09
4632,2.8166666666666667e-09
4633,1.8e-09
4634,1.6e-09
4635,1.8e-09
4636,1.4e-09
4637,2.05e-09
4638,2.466666666666667e-09
4639,1.4833333333333334e-09
4640,1.3499999999999999e-09
4641,1.6333333333333335e-09
4642,1.45e-09
4643,1.6833333333333333e-09
4644,1.7166666666666665e-09
4645,1.2666666666666668e-09
4646,1.0166666666666667e-09
4647,1.0666666666666667e-09
4648,7e-10
4649,1.0333333333333333e-09
4650,2.2e-09
4651,2.116666666666667e-09
4652,7.833333333333333e-10
4653,4.666666666666666e-10
4654,8.666666666666667e-10
4655,1.9833333333333333e-09
4656,1.4666666666666666e-09
4657,5.666666666666667e-10
4658,1.3833333333333333e-09
4659,1.4833333333333334e-09
4660,1.2666666666666668e-09
4661,1.5666666666666666e-09
4662,1.1833333333333334e-09
4663,9.166666666666667e-10
4664,3.166666666666667e-10
4665,1.3166666666666667e-09
4666,1.2333333333333334e-09
4667,9.999999999999999e-10
4668,7.666666666666667e-10
4669,7.833333333333333e-10
4670,1.1333333333333333e-09
4671,7.666666666666667e-10
4672,1.0666666666666667e-09
4673,1.2333333333333334e-09
4674,1.1833333333333334e-09
4675,9.999999999999999e-10
4676,5.166666666666666e-10
4677,4.666666666666666e-10
4678,8.166666666666667e-10
4679,3.6666666666666664e-10
4680,3.6666666666666664e-10
4681,5.666666666666667e-10
4682,1.1e-09
4683,5.5e-10
4684,1.0333333333333333e-09
4685,4e-10
4686,5.666666666666667e-10
4687,7.333333333333333e-10
4688,1.3499999999999999e-09
4689,5.166666666666666e-10
4690,8.166666666666667e-10
4691,5.833333333333334e-10
4692,8e-10
4693,9.999999999999999e-10
4694,3.333333333333333e-10
4695,7.833333333333333e-10
4696,1.0833333333333333e-09
4697,8.666666666666667e-10
4698,9.333333333333332e-10
4699,1.1e-09
4700,9.5e-10
4701,5.666666666666667e-10
4702,7.833333333333333e-10
4703,8.333333333333332e-10
4704,8.333333333333332e-10
4705,4.666666666666666e-10
4706,5.166666666666666e-10
4707,5.5e-10
4708,7.333333333333333e-10
4709,5.333333333333334e-10
4710,4.166666666666666e-10
4711,4.3333333333333334e-10
4712,8.166666666666667e-10
4713,1.0333333333333333e-09
4714,6.666666666666666e-10
4715,7.166666666666667e-10
4716,9.999999999999999e-10
4717,4.3333333333333334e-10
4718,1.15e-09
4719,8.333333333333332e-10
4720,1.0166666666666667e-09
4721,3.8333333333333335e-10
4722,4.166666666666666e-10
4723,7.333333333333333e-10
4724,6.333333333333334e-10
4725,9.333333333333332e-10
4726,9.999999999999999e-10
4727,1.3833333333333333e-09
4728,1.2e-09
4729,7.166666666666667e-10
4730,6.333333333333334e-10
4731,8e-10
4732,7.666666666666667e-10
4733,1.1166666666666667e-09
4734,1.0666666666666667e-09
4735,1.65e-09
4736,1.1833333333333334e-09
4737,1.4333333333333333e-09
4738,1.0833333333333333e-09
4739,5.166666666666666e-10
4740,1.4666666666666666e-09
4741,4.833333333333333e-10
4742,4.5e-10
4743,9.999999999999999e-10
4744,8.333333333333332e-10
4745,7.166666666666667e-10
4746,1.0499999999999999e-09
4747,5.5e-10
4748,7.166666666666667e-10
4749,8.666666666666667e-10
4750,8.333333333333332e-10
4751,1.3499999999999999e-09
4752,2.0999999999999998e-09
4753,4.5e-10
4754,2.216666666666667e-09
4755,9.5e-10
4756,8.166666666666667e-10
4757,7.166666666666667e-10
4758,1.2333333333333334e-09
4759,1.2666666666666668e-09
4760,8e-10
4761,8.5e-10
4762,9.333333333333332e-10
4763,1.75e-09
4764,9.166666666666667e-10
4765,1.7833333333333334e-09
4766,1.1666666666666668e-09
4767,1.1e-09
4768,7.333333333333333e-10
4769,9.999999999999999e-10
4770,2.4166666666666664e-09
4771,1.1333333333333333e-09
4772,7.166666666666667e-10
4773,1.7666666666666666e-09
4774,6.333333333333334e-10
4775,1.7666666666666666e-09
4776,2.3333333333333335e-09
4777,9e-10
4778,2.1500000000000002e-09
4779,9.166666666666667e-10
4780,1.3333333333333333e-09
4781,1.0833333333333333e-09
4782,1.7e-09
4783,9.333333333333332e-10
4784,1.2166666666666668e-09
4785,1.1e-09
4786,1.2e-09
4787,6.499999999999999e-10
4788,9.666666666666666e-10
4789,1.6833333333333333e-09
4790,1.2333333333333334e-09
4791,1.6e-09
4792,7.5e-10
4793,1.6333333333333335e-09
4794,1.2166666666666668e-09
4795,1.0833333333333333e-09
4796,1.1166666666666667e-09
4797,5.5e-10
4798,1.0833333333333333e-09
4799,9.666666666666666e-10
4800,1.4666666666666666e-09
4801,1.3499999999999999e-09
4802,1.4666666666666666e-09
4803,8.833333333333333e-10
4804,1.2666666666666668e-09
4805,1.0833333333333333e-09
4806,1.2333333333333334e-09
4807,6.666666666666666e-10
4808,6.166666666666667e-10
4809,6.333333333333334e-10
4810,1.4666666666666666e-09
4811,7e-10
4812,6.499999999999999e-10
4813,8.833333333333333e-10
4814,4.833333333333333e-10
4815,9.999999999999999e-10
4816,1.0666666666666667e-09
4817,8.666666666666667e-10
4818,1.4666666666666666e-09
4819,1.0166666666666667e-09
4820,2.0666666666666666e-09
4821,5.666666666666667e-10
4822,8.5e-10
4823,5.333333333333334e-10
4824,1.95e-09
4825,8.833333333333333e-10
4826,1.5833333333333334e-09
4827,5.666666666666667e-10
4828,1.2666666666666668e-09
4829,4e-10
4830,5.666666666666667e-10
4831,8.833333333333333e-10
4832,6.166666666666667e-10
4833,8.833333333333333e-10
4834,4.3333333333333334e-10
4835,1.1e-09
4836,9.5e-10
4837,8.333333333333332e-10
4838,5.5e-10
4839,2.666666666666667e-10
4840,6.499999999999999e-10
4841,4.166666666666666e-10
4842,1.0499999999999999e-09
4843,1.0333333333333333e-09
4844,7.5e-10
4845,1.85e-09
4846,1.2833333333333335e-09
4847,9.999999999999999e-10
4848,8.333333333333332e-10
4849,8.833333333333333e-10
4850,1.1833333333333334e-09
4851,4.666666666666666e-10
4852,5.5e-10
4853,7.5e-10
4854,1.0166666666666667e-09
4855,7.5e-10
4856,9.333333333333332e-10
4857,5.833333333333334e-10
4858,5.666666666666667e-10
4859,7.666666666666667e-10
4860,3.8333333333333335e-10
4861,3.6666666666666664e-10
4862,6.166666666666667e-10
4863,7.166666666666667e-10
4864,6e-10
4865,1.2999999999999999e-09
4866,4.5e-10
4867,1.0499999999999999e-09
4868,1.1166666666666667e-09
4869,3.5e-10
4870,7.5e-10
4871,6.833333333333334e-10
4872,7.833333333333333e-10
4873,5.666666666666667e-10
4874,7.333333333333333e-10
4875,1.2166666666666668e-09
4876,8.5e-10
4877,7.5e-10
4878,1.3666666666666667e-09
4879,1.0166666666666667e-09
4880,9.833333333333332e-10
4881,4.3333333333333334e-10
4882,6.666666666666666e-10
4883,9.5e-10
4884,7.333333333333333e-10
4885,7.5e-10
4886,1.0166666666666667e-09
4887,9.999999999999999e-10
4888,1.2999999999999999e-09
4889,1.0166666666666667e-09
4890,1.2833333333333335e-09
4891,9.166666666666667e-10
4892,1.4666666666666666e-09
4893,6.666666666666666e-10
4894,1.0166666666666667e-09
4895,1.2833333333333335e-09
4896,6.666666666666666e-10
4897,7e-10
4898,1.0833333333333333e-09
4899,1.0333333333333333e-09
4900,9.999999999999999e-10
4901,1.2166666666666668e-09
4902,1.1166666666666667e-09
4903,2.566666666666667e-09
4904,1.6e-09
4905,1.0333333333333333e-09
4906,1.1666666666666668e-09
4907,2.016666666666667e-09
4908,2.6999999999999998e-09
4909,9.999999999999999e-10
4910,1.6166666666666667e-09
4911,1.1166666666666667e-09
4912,2.0666666666666666e-09
4913,1.4166666666666665e-09
4914,3.9e-09
4915,1.3833333333333333e-09
4916,1.9833333333333333e-09
4917,8.666666666666667e-10
4918,1.1666666666666668e-09
4919,3.7e-09
4920,7.5e-10
4921,2.25e-09
4922,1.9999999999999997e-09
4923,3.5833333333333336e-09
4924,1.5166666666666666e-09
4925,1.9833333333333333e-09
4926,1.3833333333333333e-09
4927,1.3499999999999999e-09
4928,2.216666666666667e-09
4929,2.1333333333333334e-09
4930,1.6666666666666665e-09
4931,1.3666666666666667e-09
4932,1.3166666666666667e-09
4933,3.533333333333333e-09
4934,1.6833333333333333e-09
4935,3.7e-09
4936,1.55e-09
4937,1.4333333333333333e-09
4938,3.3500000000000002e-09
4939,1.8833333333333332e-09
4940,4.816666666666667e-09
4941,1.4666666666666666e-09
4942,3.633333333333333e-09
4943,1.1833333333333334e-09
4944,2.6166666666666665e-09
4945,2.8500000000000003e-09
4946,1.2666666666666668e-09
4947,1.25e-09
4948,2.6999999999999998e-09
4949,3.933333333333333e-09
4950,8.5e-10
4951,1.6166666666666667e-09
4952,3.3666666666666666e-09
4953,4.1e-09
4954,3.4166666666666667e-09
4955,8e-10
4956,3.833333333333333e-09
4957,3.9833333333333334e-09
4958,3.1e-09
4959,4.5e-10
4960,3.15e-09
4961,2.9166666666666667e-09
4962,6e-10
4963,3.533333333333333e-09
4964,4.016666666666667e-09
4965,3.166666666666667e-09
4966,2.65e-09
4967,8.166666666666667e-10
4968,3.2e-09
4969,1.1833333333333334e-09
4970,3.55e-09
4971,4.016666666666667e-09
4972,7e-10
4973,4.4e-09
4974,1.6e-09
4975,8e-10
4976,3.25e-09
4977,8.666666666666667e-10
4978,2.9166666666666667e-09
4979,2.9166666666666667e-09
4980,3.733333333333333e-09
4981,9.166666666666667e-10
4982,4.933333333333334e-09
4983,4.133333333333333e-09
4984,3.2833333333333334e-09
4985,3.0833333333333332e-09
4986,3.9833333333333334e-09
4987,4.6e-09
4988,8.333333333333332e-10
4989,5.3999999999999996e-09
4990,9.833333333333332e-10
4991,4.433333333333334e-09
4992,4.833333333333333e-10
4993,3.2833333333333334e-09
4994,4.25e-09
4995,1.3499999999999999e-09
4996,4.283333333333333e-09
4997,3.75e-09
4998,1.7166666666666665e-09
4999,4.333333333333333e-09
5000,1.1833333333333334e-09
5001,4.1833333333333336e-09
5002,3.783333333333333e-09
5003,9.5e-10
5004,4.15e-09
5005,1.0333333333333333e-09
5006,1.1833333333333334e-09
5007,1.0666666666666667e-09
5008,4.383333333333334e-09
5009,4.483333333333333e-09
5010,8.833333333333333e-10
5011,4.4166666666666665e-09
5012,4.1e-09
5013,3.9833333333333334e-09
5014,7.333333333333333e-10
5015,4.25e-09
5016,2.1666666666666666e-09
5017,3.966666666666667e-09
5018,2.35e-09
5019,8.166666666666667e-10
5020,4.133333333333333e-09
5021,1.2166666666666668e-09
5022,4.5e-09
5023,2.2333333333333335e-09
5024,3.85e-09
5025,1.8e-09
5026,1.6166666666666667e-09
5027,4.35e-09
5028,3.9e-09
5029,4.283333333333333e-09
5030,3.7e-09
5031,1.5166666666666666e-09
5032,3.966666666666667e-09
5033,3.5666666666666668e-09
5034,1.9666666666666665e-09
5035,3.733333333333333e-09
5036,4.166666666666667e-09
5037,2.016666666666667e-09
5038,1.3499999999999999e-09
5039,1.2999999999999999e-09
5040,1.7333333333333333e-09
5041,3.2833333333333334e-09
5042,1.9e-09
5043,3.2e-09
5044,1.8833333333333332e-09
5045,1.65e-09
5046,1.7166666666666665e-09
5047,3.2333333333333333e-09
5048,3.066666666666667e-09
5049,2.0666666666666666e-09
5050,3.066666666666667e-09
5051,2.8500000000000003e-09
5052,3.0166666666666664e-09
5053,1.95e-09
5054,3.0833333333333332e-09
5055,1.7833333333333334e-09
5056,3.15e-09
5057,1.8166666666666666e-09
5058,2.9166666666666667e-09
5059,2.216666666666667e-09
5060,2.4833333333333332e-09
5061,1.7e-09
5062,2.8833333333333335e-09
5063,2.5e-09
5064,1.9333333333333333e-09
5065,2.833333333333333e-09
5066,2.116666666666667e-09
5067,2.3166666666666663e-09
5068,2.116666666666667e-09
5069,2.3e-09
5070,3.45e-09
5071,2.35e-09
5072,2.7333333333333334e-09
5073,2.116666666666667e-09
5074,2.05e-09
5075,3.15e-09
5076,2.1333333333333334e-09
5077,2.1833333333333334e-09
5078,2.4333333333333336e-09
5079,2.0666666666666666e-09
5080,2.3333333333333335e-09
5081,3.15e-09
5082,2.4e-09
5083,1.9e-09
5084,2.7500000000000002e-09
5085,2.8e-09
5086,3e-09
5087,1.9999999999999997e-09
5088,2.116666666666667e-09
5089,3.25e-09
5090,3.1166666666666665e-09
5091,2.383333333333333e-09
5092,2.5e-09
5093,2.6166666666666665e-09
5094,2.8833333333333335e-09
5095,2.6999999999999998e-09
5096,2.3333333333333335e-09
5097,2.6333333333333333e-09
5098,3.15e-09
5099,2.833333333333333e-09
5100,2.6166666666666665e-09
5101,2.5999999999999997e-09
5102,2.3666666666666668e-09
5103,2.2666666666666667e-09
5104,2.4166666666666664e-09
5105,2.5166666666666665e-09
5106,2.5833333333333333e-09
5107,3.1833333333333333e-09
5108,2.9500000000000004e-09
5109,2.6833333333333334e-09
5110,1.9666666666666665e-09
5111,2.6333333333333333e-09
5112,2.7333333333333334e-09
5113,2.216666666666667e-09
5114,2.65e-09
5115,2.466666666666667e-09
5116,2.566666666666667e-09
5117,2.383333333333333e-09
5118,2.5166666666666665e-09
5119,2.6999999999999998e-09
5120,3.0833333333333332e-09
5121,2.4333333333333336e-09
5122,3.633333333333333e-09
5123,2.1666666666666666e-09
5124,2.7500000000000002e-09
5125,3.1333333333333333e-09
5126,2.5333333333333337e-09
5127,2.0666666666666666e-09
5128,3.1333333333333333e-09
5129,2.016666666666667e-09
5130,2.5166666666666665e-09
5131,2.5833333333333333e-09
5132,2.7833333333333334e-09
5133,2.8833333333333335e-09
5134,3.75e-09
5135,2.5333333333333337e-09
5136,2.7833333333333334e-09
5137,2.3e-09
5138,3.2833333333333334e-09
5139,3.1e-09
5140,3.433333333333333e-09
5141,2.016666666666667e-09
5142,2.2333333333333335e-09
5143,3.25e-09
5144,2.116666666666667e-09
5145,3.533333333333333e-09
5146,4.75e-09
5147,2.0833333333333334e-09
5148,3.3166666666666666e-09
5149,2.3333333333333335e-09
5150,3.3166666666666666e-09
5151,5.166666666666667e-09
5152,1.9166666666666665e-09
5153,2.35e-09
5154,2.6833333333333334e-09
5155,2.833333333333333e-09
5156,2.2666666666666667e-09
5157,3.266666666666667e-09
5158,2.3e-09
5159,2.4e-09
5160,2.216666666666667e-09
5161,2.8833333333333335e-09
5162,2.1500000000000002e-09
5163,2.9500000000000004e-09
5164,2.6999999999999998e-09
5165,2.0833333333333334e-09
5166,2.3666666666666668e-09
5167,3.7166666666666664e-09
5168,2.216666666666667e-09
5169,2.5333333333333337e-09
5170,2.7333333333333334e-09
5171,2.4833333333333332e-09
5172,2.3e-09
5173,2.4166666666666664e-09
5174,3.166666666666667e-09
5175,2.7333333333333334e-09
5176,2.0333333333333333e-09
5177,2.25e-09
5178,2.566666666666667e-09
5179,2.7166666666666666e-09
5180,3.966666666666667e-09
5181,2.0833333333333334e-09
5182,3.266666666666667e-09
5183,1.9166666666666665e-09
5184,4.483333333333333e-09
5185,4.433333333333334e-09
5186,2.55e-09
5187,2.9e-09
5188,3.3500000000000002e-09
5189,4.583333333333334e-09
5190,2.0833333333333334e-09
5191,3.4833333333333335e-09
5192,1.9333333333333333e-09
5193,2.7166666666666666e-09
5194,3.6166666666666668e-09
5195,2.6999999999999998e-09
5196,3.2166666666666665e-09
5197,6.066666666666666e-09
5198,2.0666666666666666e-09
5199,2.0666666666666666e-09
5200,3.3e-09
5201,3.4666666666666667e-09
5202,2.7333333333333334e-09
5203,1.9999999999999997e-09
5204,3.2166666666666665e-09
5205,3.55e-09
5206,3.3e-09
5207,3.2833333333333334e-09
5208,1.9833333333333333e-09
5209,2.5333333333333337e-09
5210,3.6166666666666668e-09
5211,3.8666666666666665e-09
5212,3.3833333333333334e-09
5213,3.4e-09
5214,3.3500000000000002e-09
5215,3.1e-09
5216,2.4833333333333332e-09
5217,2.55e-09
5218,3.45e-09
5219,3.45e-09
5220,3.5166666666666667e-09
5221,3.45e-09
5222,2.9666666666666668e-09
5223,3.3666666666666666e-09
5224,3.15e-09
5225,2.8833333333333335e-09
5226,3.033333333333333e-09
5227,3.1833333333333333e-09
5228,3.2333333333333333e-09
5229,3.666666666666667e-09
5230,2.933333333333333e-09
5231,3.3166666666666666e-09
5232,3.4833333333333335e-09
5233,3.5e-09
5234,3.733333333333333e-09
5235,3.0833333333333332e-09
5236,3.633333333333333e-09
5237,3.6166666666666668e-09
5238,3.1333333333333333e-09
5239,2.8666666666666667e-09
5240,3.5e-09
5241,3.433333333333333e-09
5242,3.1e-09
5243,3.4e-09
5244,3.4e-09
5245,3.166666666666667e-09
5246,3.3500000000000002e-09
5247,3.2166666666666665e-09
5248,4.433333333333334e-09
5249,3.066666666666667e-09
5250,2.983333333333333e-09
5251,3.2333333333333333e-09
5252,4.4166666666666665e-09
5253,3.0833333333333332e-09
5254,2.9166666666666667e-09
5255,5.016666666666667e-09
5256,3.75e-09
5257,3.4833333333333335e-09
5258,3.033333333333333e-09
5259,3.45e-09
5260,2.55e-09
5261,3.1833333333333333e-09
5262,3.7e-09
5263,3.6e-09
5264,4.216666666666666e-09
5265,4.633333333333333e-09
5266,2.3166666666666663e-09
5267,2.2666666666666667e-09
5268,2.933333333333333e-09
5269,4.683333333333333e-09
5270,2.35e-09
5271,2.3333333333333335e-09
5272,2.9500000000000004e-09
5273,4.383333333333334e-09
5274,3.25e-09
5275,2.55e-09
5276,2.55e-09
5277,4.366666666666667e-09
5278,2.0999999999999998e-09
5279,3.7166666666666664e-09
5280,3.916666666666667e-09
5281,3e-09
5282,3.25e-09
5283,2.8833333333333335e-09
5284,3.1166666666666665e-09
5285,2.3e-09
5286,2.65e-09
5287,2.8e-09
5288,2.566666666666667e-09
5289,3.15e-09
5290,2.7333333333333334e-09
5291,3.166666666666667e-09
5292,2.3333333333333335e-09
5293,2.3333333333333335e-09
5294,3.066666666666667e-09
5295,2.8e-09
5296,2.5999999999999997e-09
5297,3.0166666666666664e-09
5298,2.5333333333333337e-09
5299,3e-09
5300,3.033333333333333e-09
5301,3.25e-09
5302,3.4166666666666667e-09
5303,3.05e-09
5304,3.05e-09
5305,3.25e-09
5306,2.4833333333333332e-09
5307,2.35e-09
5308,2.9e-09
5309,3e-09
5310,3.433333333333333e-09
5311,2.3e-09
5312,2.0666666666666666e-09
5313,2.1500000000000002e-09
5314,3.2333333333333333e-09
5315,2.1666666666666666e-09
5316,2.466666666666667e-09
5317,2.5333333333333337e-09
5318,3.5166666666666667e-09
5319,3.2833333333333334e-09
5320,3.1833333333333333e-09
5321,2.6333333333333333e-09
5322,3.0166666666666664e-09
5323,3.0166666666666664e-09
5324,3.166666666666667e-09
5325,2.4e-09
5326,3.5166666666666667e-09
5327,2.7500000000000002e-09
5328,3.666666666666667e-09
5329,3.1333333333333333e-09
5330,3e-09
5331,2.5833333333333333e-09
5332,2.7500000000000002e-09
5333,2.8166666666666667e-09
5334,2.4333333333333336e-09
5335,2.283333333333333e-09
5336,2.9166666666666667e-09
5337,2.4833333333333332e-09
5338,2.933333333333333e-09
5339,2.116666666666667e-09
5340,2.466666666666667e-09
5341,2.8833333333333335e-09
5342,2.0833333333333334e-09
5343,2.116666666666667e-09
5344,2.3166666666666663e-09
5345,2.5e-09
5346,4.4e-09
5347,2.35e-09
5348,3.883333333333333e-09
5349,2.25e-09
5350,2.5333333333333337e-09
5351,2.3e-09
5352,2.9e-09
5353,2.1333333333333334e-09
5354,3.4166666666666667e-09
5355,2.1833333333333334e-09
5356,2.9666666666666668e-09
5357,2.0833333333333334e-09
5358,2.4e-09
5359,2.5333333333333337e-09
5360,2.7500000000000002e-09
5361,2.6166666666666665e-09
5362,1.9333333333333333e-09
5363,2.2666666666666667e-09
5364,1.8666666666666664e-09
5365,2.5999999999999997e-09
5366,1.8e-09
5367,1.75e-09
5368,1.8333333333333334e-09
5369,2.6166666666666665e-09
5370,2.1833333333333334e-09
5371,1.8833333333333332e-09
5372,2.5e-09
5373,1.85e-09
5374,1.5333333333333334e-09
5375,2.0666666666666666e-09
5376,1.8e-09
5377,1.5e-09
5378,2.1500000000000002e-09
5379,1.9333333333333333e-09
5380,1.6833333333333333e-09
5381,1.4333333333333333e-09
5382,1.9999999999999997e-09
5383,1.9999999999999997e-09
5384,1.9833333333333333e-09
5385,1.8833333333333332e-09
5386,1.9333333333333333e-09
5387,1.9333333333333333e-09
5388,1.9166666666666665e-09
5389,2.1666666666666666e-09
5390,2.383333333333333e-09
5391,2.4333333333333336e-09
5392,1.8e-09
5393,1.8e-09
5394,2.25e-09
5395,2.1333333333333334e-09
5396,1.4166666666666665e-09
5397,1.3333333333333333e-09
5398,1.5e-09
5399,2.1500000000000002e-09
5400,1.45e-09
5401,1.4333333333333333e-09
5402,1.2999999999999999e-09
5403,1.3333333333333333e-09
5404,1.6e-09
5405,1.1e-09
5406,1.6833333333333333e-09
5407,1.4166666666666665e-09
5408,1.5333333333333334e-09
5409,1.7666666666666666e-09
5410,1.9333333333333333e-09
5411,1.2333333333333334e-09
5412,1.6166666666666667e-09
5413,2.1666666666666666e-09
5414,1.9666666666666665e-09
5415,1.9666666666666665e-09
5416,1.8666666666666664e-09
5417,1.85e-09
5418,2.4333333333333336e-09
5419,1.9666666666666665e-09
5420,2.45e-09
5421,1.85e-09
5422,1.8833333333333332e-09
5423,2.45e-09
5424,1.9333333333333333e-09
5425,1.9166666666666665e-09
5426,1.8833333333333332e-09
5427,1.95e-09
5428,1.95e-09
5429,2.3166666666666663e-09
5430,1.6666666666666665e-09
5431,1.7833333333333334e-09
5432,1.5333333333333334e-09
5433,1.3833333333333333e-09
5434,1.9166666666666665e-09
5435,1.7666666666666666e-09
5436,1.1e-09
5437,1.5166666666666666e-09
5438,1.6833333333333333e-09
5439,1.4166666666666665e-09
5440,1.4e-09
5441,1.3833333333333333e-09
5442,1.3499999999999999e-09
5443,9.666666666666666e-10
5444,1.25e-09
5445,9.166666666666667e-10
5446,1.0666666666666667e-09
5447,1.5e-09
5448,9e-10
5449,1.2833333333333335e-09
5450,8.833333333333333e-10
5451,1.0166666666666667e-09
5452,8.333333333333332e-10
5453,7.166666666666667e-10
5454,1.0666666666666667e-09
5455,1.15e-09
5456,1.4166666666666665e-09
5457,1.5e-09
5458,1.4166666666666665e-09
5459,1.2e-09
5460,7.166666666666667e-10
5461,8.666666666666667e-10
5462,8e-10
5463,1.1833333333333334e-09
5464,1.2166666666666668e-09
5465,1.0333333333333333e-09
5466,1.45e-09
5467,1.0833333333333333e-09
5468,1.1166666666666667e-09
5469,1.3333333333333333e-09
5470,1.0333333333333333e-09
5471,1.1166666666666667e-09
5472,1.1333333333333333e-09
5473,1.1833333333333334e-09
5474,8.5e-10
5475,1.7833333333333334e-09
5476,7.166666666666667e-10
5477,1.0666666666666667e-09
5478,1.15e-09
5479,9.333333333333332e-10
5480,7.333333333333333e-10
5481,1.1833333333333334e-09
5482,1.0166666666666667e-09
5483,8.5e-10
5484,1.25e-09
5485,9.166666666666667e-10
5486,1.1833333333333334e-09
5487,7.166666666666667e-10
5488,9e-10
5489,1.4e-09
5490,1.0666666666666667e-09
5491,8.833333333333333e-10
5492,8.833333333333333e-10
5493,1.3166666666666667e-09
5494,8.5e-10
5495,1.0499999999999999e-09
5496,5.833333333333334e-10
5497,8e-10
5498,6.499999999999999e-10
5499,6.499999999999999e-10
5500,1.2333333333333334e-09
5501,1.2333333333333334e-09
5502,7.333333333333333e-10
5503,1.3833333333333333e-09
5504,1.0833333333333333e-09
5505,9e-10
5506,9.666666666666666e-10
5507,1.2e-09
5508,1.0499999999999999e-09
5509,1.0166666666666667e-09
5510,1.0833333333333333e-09
5511,8.333333333333332e-10
5512,9.999999999999999e-10
5513,8.833333333333333e-10
5514,1.2166666666666668e-09
5515,1.7e-09
5516,1.5833333333333334e-09
5517,1.9666666666666665e-09
5518,1.8833333333333332e-09
5519,1.4833333333333334e-09
5520,8.666666666666667e-10
5521,1.2833333333333335e-09
5522,9.166666666666667e-10
5523,1.5666666666666666e-09
5524,1.4833333333333334e-09
5525,8.5e-10
5526,1.75e-09
5527,1.3499999999999999e-09
5528,1.65e-09
5529,1.3333333333333333e-09
5530,1.15e-09
5531,1.2833333333333335e-09
5532,1.6e-09
5533,2.016666666666667e-09
5534,1.0166666666666667e-09
5535,1.2999999999999999e-09
5536,1.3833333333333333e-09
5537,1.7166666666666665e-09
5538,8.833333333333333e-10
5539,1.0666666666666667e-09
5540,1.4333333333333333e-09
5541,1.5333333333333334e-09
5542,2.0666666666666666e-09
5543,7.166666666666667e-10
5544,2.0833333333333334e-09
5545,1.9333333333333333e-09
5546,1.45e-09
5547,2.5e-09
5548,7.833333333333333e-10
5549,1.6333333333333335e-09
5550,1.1e-09
5551,3.3e-09
5552,1.75e-09
5553,9.5e-10
5554,5.5e-10
5555,1.1833333333333334e-09
5556,1.7833333333333334e-09
5557,1.7666666666666666e-09
5558,4e-10
5559,1.7333333333333333e-09
5560,2.566666666666667e-09
5561,1.1666666666666668e-09
5562,1.8333333333333334e-09
5563,1.3333333333333333e-09
5564,1.75e-09
5565,9.333333333333332e-10
5566,2.2666666666666667e-09
5567,2.6833333333333334e-09
5568,2.2666666666666667e-09
5569,9.833333333333332e-10
5570,2.25e-09
5571,6.499999999999999e-10
5572,3.266666666666667e-09
5573,6.166666666666667e-10
5574,2.2333333333333335e-09
5575,2.1500000000000002e-09
5576,9e-10
5577,2.0666666666666666e-09
5578,7e-10
5579,8.166666666666667e-10
5580,2.1666666666666666e-09
5581,1.7666666666666666e-09
5582,7.166666666666667e-10
5583,2.5e-09
5584,1.6333333333333335e-09
5585,1.7833333333333334e-09
5586,1.0333333333333333e-09
5587,1.6666666666666665e-09
5588,2.216666666666667e-09
5589,2.3166666666666663e-09
5590,2.116666666666667e-09
5591,2.2666666666666667e-09
5592,9.666666666666666e-10
5593,1.9e-09
5594,1.8e-09
5595,1.7333333333333333e-09
5596,2.4333333333333336e-09
5597,1.0833333333333333e-09
5598,2.3333333333333335e-09
5599,2.45e-09
5600,2.016666666666667e-09
5601,1.2e-09
5602,7.833333333333333e-10
5603,1.7e-09
5604,1.2333333333333334e-09
5605,2.6333333333333333e-09
5606,1.8833333333333332e-09
5607,9.999999999999999e-10
5608,1.6e-09
5609,2.1500000000000002e-09
5610,1.6833333333333333e-09
5611,1.8e-09
5612,1.6666666666666665e-09
5613,1.9333333333333333e-09
5614,2.3333333333333335e-09
5615,8.5e-10
5616,2.0833333333333334e-09
5617,1.8833333333333332e-09
5618,3.5e-10
5619,7.5e-10
5620,2.1500000000000002e-09
5621,2.2333333333333335e-09
5622,2.1333333333333334e-09
5623,5.666666666666667e-10
5624,4.5e-10
5625,1.9333333333333333e-09
5626,4.999999999999999e-10
5627,8.333333333333332e-10
5628,8.166666666666667e-10
5629,1.9333333333333333e-09
5630,6.499999999999999e-10
5631,6.833333333333334e-10
5632,1.8e-09
5633,1.65e-09
5634,8.833333333333333e-10
5635,1.8333333333333334e-09
5636,1.5833333333333334e-09
5637,2.2e-09
5638,1.8666666666666664e-09
5639,8.166666666666667e-10
5640,5.5e-10
5641,4.833333333333333e-10
5642,1.0166666666666667e-09
5643,1.5833333333333334e-09
5644,1.2999999999999999e-09
5645,4.666666666666666e-10
5646,1.3499999999999999e-09
5647,1.45e-09
5648,1.3666666666666667e-09
5649,1.6166666666666667e-09
5650,1.1e-09
5651,1.2999999999999999e-09
5652,1.6666666666666665e-09
5653,1.25e-09
5654,1.2666666666666668e-09
5655,6.499999999999999e-10
5656,7.5e-10
5657,1.2833333333333335e-09
5658,1.15e-09
5659,1.1333333333333333e-09
5660,1.0499999999999999e-09
5661,2.1833333333333334e-09
5662,9.833333333333332e-10
5663,2.0666666666666666e-09
5664,6.166666666666667e-10
5665,1.1e-09
5666,6.833333333333334e-10
5667,6.833333333333334e-10
5668,1.1833333333333334e-09
5669,6.499999999999999e-10
5670,6e-10
5671,9e-10
5672,1.8833333333333332e-09
5673,1.4666666666666666e-09
5674,1.8166666666666666e-09
5675,3.5e-10
5676,7.5e-10
5677,1.3166666666666667e-09
5678,7.166666666666667e-10
5679,9.5e-10
5680,1.2666666666666668e-09
5681,1.65e-09
5682,1.2833333333333335e-09
5683,1.0499999999999999e-09
5684,1.1166666666666667e-09
5685,1.3666666666666667e-09
5686,1.0499999999999999e-09
5687,8e-10
5688,2.3e-09
5689,6.333333333333334e-10
5690,8.5e-10
5691,8.5e-10
5692,1.7166666666666665e-09
5693,1.1e-09
5694,9.666666666666666e-10
5695,1.0333333333333333e-09
5696,1.8166666666666666e-09
5697,9e-10
5698,1.4833333333333334e-09
5699,1.3833333333333333e-09
5700,8.333333333333332e-10
5701,8e-10
5702,2.05e-09
5703,8.833333333333333e-10
5704,1.4166666666666665e-09
5705,1.5166666666666666e-09
5706,7.833333333333333e-10
5707,1.3499999999999999e-09
5708,1.0166666666666667e-09
5709,1.0166666666666667e-09
5710,6e-10
5711,6.499999999999999e-10
5712,1.15e-09
5713,5.5e-10
5714,9.166666666666667e-10
5715,1.2166666666666668e-09
5716,5.166666666666666e-10
5717,1.8333333333333334e-09
5718,6.499999999999999e-10
5719,1.5666666666666666e-09
5720,5.833333333333334e-10
5721,2.5999999999999997e-09
5722,1.5e-09
5723,9.833333333333332e-10
5724,1.2666666666666668e-09
5725,8.5e-10
5726,1.3166666666666667e-09
5727,1.0499999999999999e-09
5728,1.55e-09
5729,2.1666666666666666e-09
5730,7.166666666666667e-10
5731,9e-10
5732,2.7666666666666666e-09
5733,1.2166666666666668e-09
5734,1.1333333333333333e-09
5735,9.999999999999999e-10
5736,2.3666666666666668e-09
5737,1.7833333333333334e-09
5738,1.8e-09
5739,1.9166666666666665e-09
5740,1.3333333333333333e-09
5741,1.0333333333333333e-09
5742,2.0333333333333333e-09
5743,1.3833333333333333e-09
5744,1.4666666666666666e-09
5745,2.4999999999999996e-10
5746,1.0499999999999999e-09
5747,1.6333333333333335e-09
5748,4.3333333333333334e-10
5749,1.3333333333333333e-09
5750,8.166666666666667e-10
5751,9.999999999999999e-10
5752,7.5e-10
5753,7.5e-10
5754,7.833333333333333e-10
5755,1.4833333333333334e-09
5756,1.1333333333333333e-09
5757,1.0499999999999999e-09
5758,8.333333333333332e-10
5759,9.5e-10
5760,6.666666666666666e-10
5761,4.3333333333333334e-10
5762,6.333333333333334e-10
5763,8.166666666666667e-10
5764,6.833333333333334e-10
5765,5.5e-10
5766,1.8333333333333332e-10
5767,9.666666666666666e-10
5768,1.0333333333333333e-09
5769,7.666666666666667e-10
5770,1.1833333333333334e-09
5771,1.25e-09
5772,1.5333333333333334e-09
5773,1.5e-10
5774,1.0499999999999999e-09
5775,2.4999999999999996e-10
5776,1.1e-09
5777,5.5e-10
5778,1.25e-09
5779,7.833333333333333e-10
5780,5.666666666666667e-10
5781,9e-10
5782,1.0666666666666667e-09
5783,1.4166666666666665e-09
5784,7.166666666666667e-10
5785,1.25e-09
5786,8.5e-10
5787,6.333333333333334e-10
5788,1.4666666666666666e-09
5789,7.833333333333333e-10
5790,5.333333333333334e-10
5791,1.1833333333333334e-09
5792,4.833333333333333e-10
5793,1.0499999999999999e-09
5794,8.166666666666667e-10
5795,1.25e-09
5796,1.2e-09
5797,1.0666666666666667e-09
5798,1.3166666666666667e-09
5799,9.833333333333332e-10
5800,1.0833333333333333e-09
5801,7e-10
5802,1.3666666666666667e-09
5803,1.1666666666666668e-09
5804,1.2999999999999999e-09
5805,1.1666666666666668e-09
5806,1.2666666666666668e-09
5807,1.8166666666666666e-09
5808,1.1333333333333333e-09
5809,6.833333333333334e-10
5810,7e-10
5811,1.7e-09
5812,1.15e-09
5813,8.333333333333332e-10
5814,1.4166666666666665e-09
5815,8.5e-10
5816,1.1666666666666668e-09
5817,1.1166666666666667e-09
5818,1.0166666666666667e-09
5819,1.7166666666666665e-09
5820,8.5e-10
5821,2.3333333333333335e-09
5822,1.4833333333333334e-09
5823,1.1833333333333334e-09
5824,1.1333333333333333e-09
5825,1.8666666666666664e-09
5826,1.4333333333333333e-09
5827,1.5166666666666666e-09
5828,1.6833333333333333e-09
5829,9.5e-10
5830,8.5e-10
5831,2.5166666666666665e-09
5832,1.4833333333333334e-09
5833,1.2333333333333334e-09
5834,1.4333333333333333e-09
5835,9.166666666666667e-10
5836,1.7166666666666665e-09
5837,1.55e-09
5838,1.5166666666666666e-09
5839,1.1333333333333333e-09
5840,1.6e-09
5841,2.0999999999999998e-09
5842,1.6833333333333333e-09
5843,2.283333333333333e-09
5844,7.666666666666667e-10
5845,1.65e-09
5846,1.6166666666666667e-09
5847,2.3166666666666663e-09
5848,8.5e-10
5849,2.5166666666666665e-09
5850,5.333333333333334e-10
5851,2.6999999999999998e-09
5852,2.1666666666666666e-09
5853,2.5333333333333337e-09
5854,1.1333333333333333e-09
5855,7.5e-10
5856,1.3833333333333333e-09
5857,7.666666666666667e-10
5858,1.6666666666666665e-09
5859,9.666666666666666e-10
5860,9e-10
5861,1.0333333333333333e-09
5862,1.5666666666666666e-09
5863,7e-10
5864,9e-10
5865,2.016666666666667e-09
5866,2.116666666666667e-09
5867,1.0833333333333333e-09
5868,2.1333333333333334e-09
5869,1.25e-09
5870,1.1e-09
5871,1.1666666666666668e-09
5872,1.0166666666666667e-09
5873,8.666666666666667e-10
5874,1.4666666666666666e-09
5875,9.666666666666666e-10
5876,2.5999999999999997e-09
5877,1.5e-09
5878,1.0333333333333333e-09
5879,1.5666666666666666e-09
5880,2.7500000000000002e-09
5881,1.6833333333333333e-09
5882,2.3e-09
5883,1.0666666666666667e-09
5884,8.833333333333333e-10
5885,2.8666666666666667e-09
5886,2.5166666666666665e-09
5887,2.7166666666666666e-09
5888,2.7666666666666666e-09
5889,1.5e-09
5890,4.233333333333334e-09
5891,4.833333333333333e-10
5892,1.1166666666666667e-09
5893,6.333333333333334e-10
5894,2.55e-09
5895,2.7166666666666666e-09
5896,2.7833333333333334e-09
5897,2.5999999999999997e-09
5898,1.2e-09
5899,5.833333333333334e-10
5900,5.166666666666666e-10
5901,2.25e-09
5902,6.166666666666667e-10
5903,2.8500000000000003e-09
5904,2.2666666666666667e-09
5905,2.5833333333333333e-09
5906,2.466666666666667e-09
5907,2.2e-09
5908,2.4833333333333332e-09
5909,7.5e-10
5910,2.2333333333333335e-09
5911,5.333333333333334e-10
5912,2.0833333333333334e-09
5913,2.0333333333333333e-09
5914,6.166666666666667e-10
5915,5.666666666666667e-10
5916,4.166666666666666e-10
5917,2.1333333333333334e-09
5918,8.166666666666667e-10
5919,2.1333333333333334e-09
5920,6e-10
5921,1.5e-09
5922,6.833333333333334e-10
5923,1.7666666666666666e-09
5924,1.7166666666666665e-09
5925,4.833333333333333e-10
5926,2.2666666666666667e-09
5927,5.666666666666667e-10
5928,1.65e-09
5929,8.833333333333333e-10
5930,1.55e-09
5931,6.333333333333334e-10
5932,5.333333333333334e-10
5933,3.5e-10
5934,1.8333333333333334e-09
5935,1.5166666666666666e-09
5936,1.2e-09
5937,6e-10
5938,1.4666666666666666e-09
5939,1.3499999999999999e-09
5940,1.0666666666666667e-09
5941,1.75e-09
5942,7e-10
5943,1.5833333333333334e-09
5944,6.666666666666666e-10
5945,1.45e-09
5946,1.55e-09
5947,1.9666666666666665e-09
5948,2.4333333333333336e-09
5949,4.666666666666666e-10
5950,1.2999999999999999e-09
5951,1.7333333333333333e-09
5952,9e-10
5953,1.5833333333333334e-09
5954,1.15e-09
5955,1.1333333333333333e-09
5956,8.5e-10
5957,1.7166666666666665e-09
5958,9.833333333333332e-10
5959,1.3333333333333333e-09
5960,2.2666666666666667e-09
5961,1.65e-09
5962,1.6166666666666667e-09
5963,1.25e-09
5964,2.3166666666666663e-09
5965,1.4666666666666666e-09
5966,2.3166666666666663e-09
5967,1.85e-09
5968,2.7166666666666666e-09
5969,1.25e-09
5970,1.7833333333333334e-09
5971,1.1833333333333334e-09
5972,9.333333333333332e-10
5973,1.3499999999999999e-09
5974,1.4166666666666665e-09
5975,2.45e-09
5976,1.7166666666666665e-09
5977,1.5e-09
5978,2.4166666666666664e-09
5979,1.8166666666666666e-09
5980,2.7500000000000002e-09
5981,1.8333333333333334e-09
5982,1.8333333333333334e-09
5983,1.1e-09
5984,1.5e-09
5985,2.7666666666666666e-09
5986,1.15e-09
5987,2.6999999999999998e-09
5988,2.5833333333333333e-09
5989,1.9666666666666665e-09
5990,1.9166666666666665e-09
5991,1.8333333333333334e-09
5992,2.6666666666666666e-09
5993,1.1166666666666667e-09
5994,2.35e-09
5995,1.4166666666666665e-09
5996,1.85e-09
5997,2.0666666666666666e-09
5998,2.283333333333333e-09
5999,2.3333333333333335e-09
6000,7.666666666666667e-10
6001,1.0333333333333333e-09
6002,2.1666666666666666e-09
6003,2.6333333333333333e-09
6004,1.8333333333333334e-09
6005,1.8666666666666664e-09
6006,2.466666666666667e-09
6007,9e-10
6008,1.4e-09
6009,2.6166666666666665e-09
6010,2.4166666666666664e-09
6011,1.9166666666666665e-09
6012,1.7833333333333334e-09
6013,3.1333333333333333e-09
6014,2.7333333333333334e-09
6015,2.4333333333333336e-09
6016,2.3333333333333335e-09
6017,3.05e-09
6018,1.9333333333333333e-09
6019,4.45e-09
6020,3.55e-09
6021,1.6e-09
6022,2.35e-09
6023,2.1500000000000002e-09
6024,2.3666666666666668e-09
6025,4.05e-09
6026,2.3e-09
6027,1.6e-09
6028,2.4e-09
6029,1.85e-09
6030,2.3166666666666663e-09
6031,1.65e-09
6032,3.2333333333333333e-09
6033,2.1666666666666666e-09
6034,2.1666666666666666e-09
6035,3.0833333333333332e-09
6036,2.383333333333333e-09
6037,1.5166666666666666e-09
6038,2.1333333333333334e-09
6039,1.1833333333333334e-09
6040,4.1e-09
6041,1.5e-09
6042,1.5166666666666666e-09
6043,2.983333333333333e-09
6044,9.5e-10
6045,8e-10
6046,2.5833333333333333e-09
6047,3.066666666666667e-09
6048,7.833333333333333e-10
6049,3.3500000000000002e-09
6050,2.983333333333333e-09
6051,9e-10
6052,3.066666666666667e-09
6053,9e-10
6054,1.2999999999999999e-09
6055,3.3666666666666666e-09
6056,8.833333333333333e-10
6057,3.3e-09
6058,3.266666666666667e-09
6059,2.8833333333333335e-09
6060,2.5166666666666665e-09
6061,9.999999999999999e-10
6062,2.8e-09
6063,2.7166666666666666e-09
6064,3.0166666666666664e-09
6065,2.8666666666666667e-09
6066,3.2333333333333333e-09
6067,3.033333333333333e-09
6068,2.8333333333333334e-10
6069,5.833333333333334e-10
6070,9e-10
6071,8e-10
6072,7.833333333333333e-10
6073,1.1166666666666667e-09
6074,2.6999999999999998e-09
6075,2.8500000000000003e-09
6076,9.666666666666666e-10
6077,6e-10
6078,3.2166666666666665e-09
6079,7.166666666666667e-10
6080,5.116666666666666e-09
6081,3.1e-09
6082,2.6833333333333334e-09
6083,3.8333333333333335e-10
6084,1.2666666666666668e-09
6085,2.7666666666666666e-09
6086,1.5333333333333334e-09
6087,2.8500000000000003e-09
6088,2.3166666666666663e-09
6089,9.999999999999999e-10
6090,2.933333333333333e-09
6091,1.2e-09
6092,1.2666666666666668e-09
6093,2.8666666666666667e-09
6094,1.1666666666666668e-09
6095,3.2166666666666665e-09
6096,2.8666666666666667e-09
6097,2.6166666666666665e-09
6098,2.283333333333333e-09
6099,3.1333333333333333e-09
6100,2.1666666666666666e-09
6101,2.9500000000000004e-09
6102,8.833333333333333e-10
6103,8.666666666666667e-10
6104,2.6666666666666666e-09
6105,2.8833333333333335e-09
6106,9.999999999999999e-10
6107,3.0833333333333332e-09
6108,9.166666666666667e-10
6109,8.166666666666667e-10
6110,2.283333333333333e-09
6111,2.8500000000000003e-09
6112,8.666666666666667e-10
6113,2.3333333333333335e-09
6114,2.8666666666666667e-09
6115,7.5e-10
6116,2.6833333333333334e-09
6117,5.333333333333334e-10
6118,2.5999999999999997e-09
6119,1.1e-09
6120,1.5666666666666666e-09
6121,2.5e-09
6122,2.566666666666667e-09
6123,2.566666666666667e-09
6124,3.6666666666666664e-10
6125,3.0166666666666664e-09
6126,2.933333333333333e-09
6127,6.333333333333334e-10
6128,3.033333333333333e-09
6129,2.4333333333333336e-09
6130,2.566666666666667e-09
6131,2.4166666666666664e-09
6132,2.7333333333333334e-09
6133,2.8166666666666667e-09
6134,1.6666666666666665e-09
6135,6.666666666666666e-10
6136,1.9999999999999997e-09
6137,6.833333333333334e-10
6138,1.95e-09
6139,2.45e-09
6140,7.333333333333333e-10
6141,2.383333333333333e-09
6142,2.383333333333333e-09
6143,2.45e-09
6144,2.466666666666667e-09
6145,1.6666666666666665e-09
6146,3.9833333333333334e-09
6147,1.5666666666666666e-09
6148,1.5666666666666666e-09
6149,3.05e-09
6150,2.5166666666666665e-09
6151,2.55e-09
6152,2.466666666666667e-09
6153,2.05e-09
6154,1.1833333333333334e-09
6155,1.75e-09
6156,1.1333333333333333e-09
6157,1.3166666666666667e-09
6158,2.216666666666667e-09
6159,2.9e-09
6160,2.6999999999999998e-09
6161,1.8666666666666664e-09
6162,1.5833333333333334e-09
6163,2.9e-09
6164,3.7e-09
6165,2.283333333333333e-09
6166,1.9166666666666665e-09
6167,1.5166666666666666e-09
6168,1.45e-09
6169,2.4166666666666664e-09
6170,1.5166666666666666e-09
6171,2.4833333333333332e-09
6172,1.4166666666666665e-09
6173,1.2999999999999999e-09
6174,2.25e-09
6175,2.1333333333333334e-09
6176,2.3e-09
6177,1.1333333333333333e-09
6178,2.8833333333333335e-09
6179,2.05e-09
6180,1.7e-09
6181,2.4833333333333332e-09
6182,2.0333333333333333e-09
6183,2.5833333333333333e-09
6184,2.5166666666666665e-09
6185,2.5333333333333337e-09
6186,2.25e-09
6187,2.9e-09
6188,2.0666666666666666e-09
6189,9.333333333333332e-10
6190,3.033333333333333e-09
6191,1.2833333333333335e-09
6192,1.65e-09
6193,1.8166666666666666e-09
6194,1.55e-09
6195,2.65e-09
6196,1.4333333333333333e-09
6197,2.5999999999999997e-09
6198,2.5333333333333337e-09
6199,1.25e-09
6200,1.7333333333333333e-09
6201,1.3333333333333333e-09
6202,1.6166666666666667e-09
6203,2.25e-09
6204,1.9999999999999997e-09
6205,2.283333333333333e-09
6206,1.8e-09
6207,1.0666666666666667e-09
6208,1.7166666666666665e-09
6209,2.1833333333333334e-09
6210,3.05e-09
6211,1.75e-09
6212,2.3166666666666663e-09
6213,2.5e-09
6214,1.1833333333333334e-09
6215,2.7333333333333334e-09
6216,1.2833333333333335e-09
6217,2.25e-09
6218,2.2333333333333335e-09
6219,1.0666666666666667e-09
6220,2.1500000000000002e-09
6221,1.9999999999999997e-09
6222,2.5166666666666665e-09
6223,1.2333333333333334e-09
6224,1.7e-09
6225,2.2333333333333335e-09
6226,1.5166666666666666e-09
6227,1.45e-09
6228,1.2333333333333334e-09
6229,2.1500000000000002e-09
6230,3.4166666666666667e-09
6231,1.7833333333333334e-09
6232,2.383333333333333e-09
6233,2.1333333333333334e-09
6234,1.2e-09
6235,1.1333333333333333e-09
6236,1.2833333333333335e-09
6237,1.65e-09
6238,1.8e-09
6239,1.1833333333333334e-09
6240,2.1833333333333334e-09
6241,1.5333333333333334e-09
6242,1.9833333333333333e-09
6243,9.333333333333332e-10
6244,1.2833333333333335e-09
6245,1.1166666666666667e-09
6246,1.45e-09
6247,1.0333333333333333e-09
6248,1.5e-09
6249,1.0666666666666667e-09
6250,1.85e-09
6251,1.7833333333333334e-09
6252,9.166666666666667e-10
6253,1.7833333333333334e-09
6254,1.6e-09
6255,1.85e-09
6256,2.0833333333333334e-09
6257,2.0333333333333333e-09
6258,1.2e-09
6259,1.6666666666666665e-09
6260,1.9833333333333333e-09
6261,1.1e-09
6262,2.25e-09
6263,1.4666666666666666e-09
6264,1.95e-09
6265,2.1666666666666666e-09
6266,1.3666666666666667e-09
6267,1.6666666666666665e-09
6268,1.4166666666666665e-09
6269,2.566666666666667e-09
6270,2.6999999999999998e-09
6271,1.6166666666666667e-09
6272,2.1333333333333334e-09
6273,1.5666666666666666e-09
6274,2.55e-09
6275,2.7333333333333334e-09
6276,1.0499999999999999e-09
6277,1.4333333333333333e-09
6278,1.65e-09
6279,3.55e-09
6280,1.7833333333333334e-09
6281,1.4e-09
6282,2.5999999999999997e-09
6283,1.85e-09
6284,1.6833333333333333e-09
6285,1.2833333333333335e-09
6286,1.4833333333333334e-09
6287,9.999999999999999e-10
6288,1.4166666666666665e-09
6289,1.3499999999999999e-09
6290,3.25e-09
6291,2.6333333333333333e-09
6292,1.5e-09
6293,2.0333333333333333e-09
6294,1.7166666666666665e-09
6295,1.6333333333333335e-09
6296,1.0833333333333333e-09
6297,1.2999999999999999e-09
6298,1.9666666666666665e-09
6299,2.8500000000000003e-09
6300,2.8166666666666667e-09
6301,1.8e-09
6302,1.7e-09
6303,2.7500000000000002e-09
6304,2.8500000000000003e-09
6305,2.0666666666666666e-09
6306,1.3166666666666667e-09
6307,1.5833333333333334e-09
6308,1.1e-09
6309,2.7166666666666666e-09
6310,2.55e-09
6311,1.8166666666666666e-09
6312,1.7333333333333333e-09
6313,2.1333333333333334e-09
6314,2.35e-09
6315,1.95e-09
6316,2.1500000000000002e-09
6317,2.3333333333333335e-09
6318,2.6833333333333334e-09
6319,2.2e-09
6320,2.25e-09
6321,2.216666666666667e-09
6322,1.8833333333333332e-09
6323,1.8833333333333332e-09
6324,1.8666666666666664e-09
6325,1.7666666666666666e-09
6326,2.05e-09
6327,2.3166666666666663e-09
6328,2.3166666666666663e-09
6329,2.4e-09
6330,1.8e-09
6331,1.6166666666666667e-09
6332,2.4333333333333336e-09
6333,2.3333333333333335e-09
6334,2.1833333333333334e-09
6335,2.6666666666666666e-09
6336,4.333333333333333e-09
6337,1.7833333333333334e-09
6338,2.2333333333333335e-09
6339,2.4e-09
6340,2.05e-09
6341,2.55e-09
6342,3.666666666666667e-09
6343,2.8666666666666667e-09
6344,3.0166666666666664e-09
6345,5.9499999999999995e-09
6346,2.3e-09
6347,2.8666666666666667e-09
6348,2.25e-09
6349,2.4e-09
6350,1.9833333333333333e-09
6351,2.25e-09
6352,1.9999999999999997e-09
6353,1.9333333333333333e-09
6354,1.9999999999999997e-09
6355,2.25e-09
6356,1.95e-09
6357,4.65e-09
6358,1.8e-09
6359,1.6e-09
6360,1.8333333333333334e-09
6361,2.2666666666666667e-09
6362,1.8e-09
6363,3.3166666666666666e-09
6364,1.7833333333333334e-09
6365,1.85e-09
6366,4.35e-09
6367,4.083333333333333e-09
6368,2.0666666666666666e-09
6369,2.4833333333333332e-09
6370,2.55e-09
6371,1.6333333333333335e-09
6372,2.4e-09
6373,2.2666666666666667e-09
6374,2.5166666666666665e-09
6375,2.0666666666666666e-09
6376,2.3333333333333335e-09
6377,1.6166666666666667e-09
6378,3.85e-09
6379,2.6333333333333333e-09
6380,2.4166666666666664e-09
6381,2.833333333333333e-09
6382,2.7333333333333334e-09
6383,2.116666666666667e-09
6384,2.933333333333333e-09
6385,2.1666666666666666e-09
6386,2.4333333333333336e-09
6387,3.6833333333333336e-09
6388,2.5333333333333337e-09
6389,3.933333333333333e-09
6390,2.7666666666666666e-09
6391,2.1333333333333334e-09
6392,3e-09
6393,3.1166666666666665e-09
6394,3.3e-09
6395,3.3e-09
6396,1.9166666666666665e-09
6397,2.05e-09
6398,2.3166666666666663e-09
6399,2.8500000000000003e-09
6400,2.116666666666667e-09
6401,3.2166666666666665e-09
6402,3.1166666666666665e-09
6403,2.8500000000000003e-09
6404,2.9e-09
6405,2.1833333333333334e-09
6406,2.3666666666666668e-09
6407,3.2e-09
6408,2.8500000000000003e-09
6409,3.3e-09
6410,3.2e-09
6411,1.6833333333333333e-09
6412,2.45e-09
6413,1.9333333333333333e-09
6414,3.433333333333333e-09
6415,3.1833333333333333e-09
6416,2.1833333333333334e-09
6417,3.3666666666666666e-09
6418,3.1166666666666665e-09
6419,1.9833333333333333e-09
6420,2.0999999999999998e-09
6421,3.333333333333333e-09
6422,2.116666666666667e-09
6423,1.9833333333333333e-09
6424,3.066666666666667e-09
6425,3.166666666666667e-09
6426,3.066666666666667e-09
6427,3.1333333333333333e-09
6428,3.3166666666666666e-09
6429,1.9166666666666665e-09
6430,3.55e-09
6431,2.1666666666666666e-09
6432,1.6333333333333335e-09
6433,3.3e-09
6434,3.266666666666667e-09
6435,1.9166666666666665e-09
6436,3.0833333333333332e-09
6437,3e-09
6438,3.05e-09
6439,3.066666666666667e-09
6440,2.9666666666666668e-09
6441,1.6e-09
6442,2.7666666666666666e-09
6443,1.4666666666666666e-09
6444,1.5833333333333334e-09
6445,3.1e-09
6446,2.6333333333333333e-09
6447,1.4833333333333334e-09
6448,2.7833333333333334e-09
6449,3.3166666666666666e-09
6450,2.6666666666666666e-09
6451,1.4333333333333333e-09
6452,2.9666666666666668e-09
6453,2.7166666666666666e-09
6454,2.8666666666666667e-09
6455,9.999999999999999e-10
6456,9.666666666666666e-10
6457,8.166666666666667e-10
6458,9.666666666666666e-10
6459,9.166666666666667e-10
6460,2.2333333333333335e-09
6461,9.666666666666666e-10
6462,1.0833333333333333e-09
6463,1.3833333333333333e-09
6464,2.2e-09
6465,1.3166666666666667e-09
6466,2.0333333333333333e-09
6467,8.666666666666667e-10
6468,1.5166666666666666e-09
6469,2.283333333333333e-09
6470,1.7333333333333333e-09
6471,8.5e-10
6472,1.7666666666666666e-09
6473,9.999999999999999e-10
6474,1.1333333333333333e-09
6475,1.45e-09
6476,7.333333333333333e-10
6477,1.7333333333333333e-09
6478,8.833333333333333e-10
6479,1.5333333333333334e-09
6480,1.3333333333333333e-09
6481,1.1166666666666667e-09
6482,1.5333333333333334e-09
6483,1.9333333333333333e-09
6484,1.2333333333333334e-09
6485,1.0666666666666667e-09
6486,1.8e-09
6487,1.5833333333333334e-09
6488,1.8e-09
6489,9.999999999999999e-10
6490,2.116666666666667e-09
6491,1.2666666666666668e-09
6492,8.166666666666667e-10
6493,1.0166666666666667e-09
6494,1.55e-09
6495,1.55e-09
6496,1.3333333333333333e-09
6497,1.4666666666666666e-09
6498,8.5e-10
6499,1.3499999999999999e-09
6500,1.5333333333333334e-09
6501,1.25e-09
6502,1.25e-09
6503,1.2e-09
6504,1.75e-09
6505,1.4666666666666666e-09
6506,8.833333333333333e-10
6507,1.1833333333333334e-09
6508,1.25e-09
6509,1.9833333333333333e-09
6510,1.3333333333333333e-09
6511,1.5666666666666666e-09
6512,1.4666666666666666e-09
6513,7.5e-10
6514,5.5e-10
6515,2.1833333333333334e-09
6516,1.95e-09
6517,1.9999999999999997e-09
6518,1.85e-09
6519,1.9666666666666665e-09
6520,3.333333333333333e-10
6521,3.8333333333333335e-10
6522,1.8166666666666666e-09
6523,1.9166666666666665e-09
6524,4.3333333333333334e-10
6525,2.016666666666667e-09
6526,6.499999999999999e-10
6527,1.6e-09
6528,1.5666666666666666e-09
6529,7.666666666666667e-10
6530,3.166666666666667e-10
6531,1.6333333333333335e-09
6532,1.3666666666666667e-09
6533,1.0499999999999999e-09
6534,6.333333333333334e-10
6535,9.833333333333332e-10
6536,1.0666666666666667e-09
6537,1.1333333333333333e-09
6538,9.666666666666666e-10
6539,1.1666666666666668e-09
6540,9.333333333333332e-10
6541,1.0666666666666667e-09
6542,9.5e-10
6543,1.0166666666666667e-09
6544,1.15e-09
6545,9.999999999999999e-10
6546,8.666666666666667e-10
6547,9.999999999999999e-10
6548,9.999999999999999e-10
6549,7.833333333333333e-10
6550,9.833333333333332e-10
6551,1.4e-09
6552,7.333333333333333e-10
6553,9.166666666666667e-10
6554,1.2833333333333335e-09
6555,9.666666666666666e-10
6556,1.2833333333333335e-09
6557,6.833333333333334e-10
6558,7.833333333333333e-10
6559,9.333333333333332e-10
6560,1.15e-09
6561,4.833333333333333e-10
6562,9.166666666666667e-10
6563,7.5e-10
6564,1.0499999999999999e-09
6565,8.833333333333333e-10
6566,1.15e-09
6567,7e-10
6568,9.5e-10
6569,1.0499999999999999e-09
6570,8.666666666666667e-10
6571,1.1666666666666668e-09
6572,9e-10
6573,1.2333333333333334e-09
6574,1.0166666666666667e-09
6575,1.1666666666666668e-09
6576,9.5e-10
6577,1.65e-09
6578,1.1333333333333333e-09
6579,6.499999999999999e-10
6580,1.0166666666666667e-09
6581,7.666666666666667e-10
6582,9.666666666666666e-10
6583,1.2166666666666668e-09
6584,1.2333333333333334e-09
6585,8.666666666666667e-10
6586,1.2e-09
6587,1.1333333333333333e-09
6588,1.0499999999999999e-09
6589,1.25e-09
6590,1.2333333333333334e-09
6591,9.999999999999999e-10
6592,1.2166666666666668e-09
6593,1.1833333333333334e-09
6594,9.5e-10
6595,1.7666666666666666e-09
6596,1.25e-09
6597,9.166666666666667e-10
6598,6.333333333333334e-10
6599,1.2833333333333335e-09
6600,1.7e-09
6601,1.3833333333333333e-09
6602,6.666666666666666e-10
6603,6.333333333333334e-10
6604,1.2e-09
6605,1.3166666666666667e-09
6606,9e-10
6607,1.2333333333333334e-09
6608,1.5333333333333334e-09
6609,1.6e-09
6610,3.166666666666667e-10
6611,1.3666666666666667e-09
6612,4.5e-10
6613,1.3333333333333333e-09
6614,6.499999999999999e-10
6615,5.666666666666667e-10
6616,4.999999999999999e-10
6617,4.999999999999999e-10
6618,8.166666666666667e-10
6619,7.5e-10
6620,7e-10
6621,1.0666666666666667e-09
6622,8e-10
6623,1.0333333333333333e-09
6624,1.1666666666666668e-09
6625,1.7e-09
6626,6e-10
6627,1.1166666666666667e-09
6628,9.166666666666667e-10
6629,7.833333333333333e-10
6630,1.25e-09
6631,8.333333333333332e-10
6632,1.7166666666666665e-09
6633,8.666666666666667e-10
6634,1.5333333333333334e-09
6635,6.499999999999999e-10
6636,1.7333333333333333e-09
6637,1.9999999999999997e-09
6638,2.383333333333333e-09
6639,9.666666666666666e-10
6640,1.7833333333333334e-09
6641,2.1666666666666666e-09
6642,7.333333333333333e-10
6643,2.216666666666667e-09
6644,1.0166666666666667e-09
6645,2.2e-09
6646,9e-10
6647,1.2999999999999999e-09
6648,8.666666666666667e-10
6649,2.0999999999999998e-09
6650,1.7166666666666665e-09
6651,1.9e-09
6652,8.666666666666667e-10
6653,1.2999999999999999e-09
6654,2.2666666666666667e-09
6655,1.7e-09
6656,2.25e-09
6657,1.5833333333333334e-09
6658,1.4833333333333334e-09
6659,3.4666666666666667e-09
6660,2.016666666666667e-09
6661,3.1e-09
6662,1.4333333333333333e-09
6663,1.9666666666666665e-09
6664,2.7166666666666666e-09
6665,2.0666666666666666e-09
6666,4.666666666666667e-09
6667,1.0833333333333333e-09
6668,3.05e-09
6669,1.45e-09
6670,2.8e-09
6671,2.8166666666666667e-09
6672,3.2166666666666665e-09
6673,1.8666666666666664e-09
6674,2.55e-09
6675,3.25e-09
6676,4.566666666666666e-09
6677,3.266666666666667e-09
6678,2.1500000000000002e-09
6679,2.116666666666667e-09
6680,1.2e-09
6681,1.1833333333333334e-09
6682,2.0333333333333333e-09
6683,3.783333333333333e-09
6684,1.2e-09
6685,1.7e-09
6686,2.833333333333333e-09
6687,1.7333333333333333e-09
6688,1.6666666666666665e-09
6689,2.8166666666666667e-09
6690,2.7500000000000002e-09
6691,1.65e-09
6692,3e-09
6693,3.533333333333333e-09
6694,3.2e-09
6695,3.7e-09
6696,3.733333333333333e-09
6697,1.25e-09
6698,1.5166666666666666e-09
6699,3.666666666666667e-09
6700,3.916666666666667e-09
6701,3.55e-09
6702,1.3666666666666667e-09
6703,3.75e-09
6704,1.0333333333333333e-09
6705,1.6e-09
6706,1.0833333333333333e-09
6707,4.4e-09
6708,3.6166666666666668e-09
6709,3.6166666666666668e-09
6710,4.466666666666667e-09
6711,9.166666666666667e-10
6712,2.1833333333333334e-09
6713,3.9e-09
6714,4.666666666666667e-09
6715,4.3166666666666664e-09
6716,4.266666666666667e-09
6717,1.0833333333333333e-09
6718,9.333333333333332e-10
6719,1.2833333333333335e-09
6720,4.266666666666667e-09
6721,8e-10
6722,1.0333333333333333e-09
6723,4.1e-09
6724,4.133333333333333e-09
6725,3.7166666666666664e-09
6726,1.1333333333333333e-09
6727,3.9e-09
6728,1.1666666666666668e-09
6729,3.6e-09
6730,6.666666666666666e-10
6731,3.633333333333333e-09
6732,3.3666666666666666e-09
6733,6.333333333333334e-10
6734,8e-10
6735,9.666666666666666e-10
6736,3.3e-09
6737,9.166666666666667e-10
6738,7e-10
6739,6.166666666666667e-10
6740,7.5e-10
6741,9.333333333333332e-10
6742,6.666666666666666e-10
6743,3.333333333333333e-09
6744,9.666666666666666e-10
6745,9.333333333333332e-10
6746,4.833333333333333e-10
6747,3.7166666666666664e-09
6748,3.2333333333333333e-09
6749,6.666666666666666e-09
6750,3.65e-09
6751,8.333333333333332e-10
6752,3.6e-09
6753,7e-10
6754,3.1833333333333333e-09
6755,3.1e-09
6756,5.5e-10
6757,3.3666666666666666e-09
6758,4.833333333333333e-10
6759,3.4666666666666667e-09
6760,9.999999999999999e-10
6761,8.666666666666667e-10
6762,3.05e-09
6763,3.4833333333333335e-09
6764,3.333333333333333e-10
6765,3.3666666666666666e-09
6766,3.3166666666666666e-09
6767,3.433333333333333e-09
6768,7e-10
6769,3.033333333333333e-09
6770,6.333333333333334e-10
6771,7e-10
6772,3.3833333333333334e-09
6773,3.5833333333333336e-09
6774,8.166666666666667e-10
6775,6e-10
6776,9.5e-10
6777,3.333333333333333e-09
6778,3.4e-09
6779,2.6166666666666665e-09
6780,4.166666666666666e-10
6781,1.3166666666666667e-09
6782,7.333333333333333e-10
6783,7.166666666666667e-10
6784,8.833333333333333e-10
6785,3.266666666666667e-09
6786,3.6666666666666664e-10
6787,3.85e-09
6788,3.166666666666667e-09
6789,3.066666666666667e-09
6790,4.3166666666666664e-09
6791,3.25e-09
6792,1.6833333333333333e-09
6793,3.9999999999999994e-09
6794,1.3333333333333333e-09
6795,8.333333333333332e-10
6796,4.233333333333334e-09
6797,1.4666666666666666e-09
6798,4.666666666666667e-09
6799,1.2833333333333335e-09
6800,4.65e-09
6801,8.083333333333333e-09
6802,1.3166666666666667e-09
6803,4.933333333333334e-09
6804,4.3000000000000005e-09
6805,4.45e-09
6806,1.7333333333333333e-09
6807,1.3666666666666667e-09
6808,5.333333333333333e-09
6809,4.7e-09
6810,1.3333333333333333e-09
6811,1.5666666666666666e-09
6812,5.1e-09
6813,4.633333333333333e-09
6814,4.483333333333333e-09
6815,8.666666666666667e-10
6816,1.4e-09
6817,4.75e-09
6818,4.55e-09
6819,4.866666666666667e-09
6820,4.9500000000000005e-09
6821,4.75e-09
6822,4.783333333333334e-09
6823,4.55e-09
6824,4.65e-09
6825,4.666666666666666e-10
6826,5.833333333333334e-10
6827,3.166666666666667e-10
6828,5.333333333333334e-10
6829,4.5e-09
6830,4.233333333333334e-09
6831,7.1499999999999995e-09
6832,4.216666666666666e-09
6833,3.95e-09
6834,3.9833333333333334e-09
6835,3.8333333333333335e-10
6836,3.916666666666667e-09
6837,3.6666666666666664e-10
6838,3.883333333333333e-09
6839,5.166666666666666e-10
6840,6.166666666666667e-10
6841,4.783333333333334e-09
6842,7.666666666666667e-10
6843,4.35e-09
6844,4.716666666666667e-09
6845,4.066666666666667e-09
6846,6.95e-09
6847,3.9999999999999994e-09
6848,1.2666666666666668e-09
6849,5.666666666666667e-10
6850,5.333333333333334e-10
6851,7.116666666666667e-09
6852,1.0666666666666667e-09
6853,4.6e-09
6854,3.966666666666667e-09
6855,4.166666666666666e-10
6856,8.333333333333332e-10
6857,4.5166666666666666e-09
6858,4.833333333333333e-10
6859,6.833333333333334e-10
6860,4.1999999999999996e-09
6861,4.216666666666666e-09
6862,6.166666666666667e-10
6863,8.333333333333332e-10
6864,1.0166666666666667e-09
6865,7.333333333333333e-10
6866,4.016666666666667e-09
6867,4.616666666666667e-09
6868,4.683333333333333e-09
6869,6.833333333333334e-10
6870,3.933333333333333e-09
6871,6.833333333333334e-10
6872,3.9999999999999994e-09
6873,1.5e-09
6874,4.999999999999999e-10
6875,6.333333333333334e-10
6876,6e-10
6877,9.833333333333332e-10
6878,4e-10
6879,7.333333333333333e-10
6880,3.633333333333333e-09
6881,8e-10
6882,3.783333333333333e-09
6883,4.1999999999999996e-09
6884,6.666666666666666e-10
6885,7.333333333333333e-10
6886,3.9e-09
6887,3.816666666666667e-09
6888,3.433333333333333e-09
6889,6e-10
6890,3.916666666666667e-09
6891,3.65e-09
6892,3.7666666666666665e-09
6893,1.4166666666666665e-09
6894,5.5e-10
6895,3.6166666666666668e-09
6896,1.1833333333333334e-09
6897,6.833333333333334e-10
6898,3.533333333333333e-09
6899,3.5166666666666667e-09
6900,3.4166666666666667e-09
6901,4.05e-09
6902,3.9833333333333334e-09
6903,8.833333333333333e-10
6904,1.2999999999999999e-09
6905,4.166666666666667e-09
6906,5.6166666666666665e-09
6907,4.083333333333333e-09
6908,3.3166666666666666e-09
6909,6.75e-09
6910,8e-10
6911,5.666666666666667e-10
6912,6.666666666666666e-10
6913,4.5166666666666666e-09
6914,4.1e-09
6915,8e-10
6916,7.833333333333333e-10
6917,4.05e-09
6918,4.45e-09
6919,5.166666666666666e-10
6920,4.016666666666667e-09
6921,9e-10
6922,1.2166666666666668e-09
6923,1.3166666666666667e-09
6924,1.45e-09
6925,9e-10
6926,4.866666666666667e-09
6927,3.883333333333333e-09
6928,1.15e-09
6929,1.2166666666666668e-09
6930,1.5333333333333334e-09
6931,1.2333333333333334e-09
6932,1.7333333333333333e-09
6933,4.05e-09
6934,3.7166666666666664e-09
6935,1.25e-09
6936,1.2e-09
6937,9.833333333333332e-10
6938,1.0166666666666667e-09
6939,1.2666666666666668e-09
6940,2.25e-09
6941,3.2833333333333334e-09
6942,3.5166666666666667e-09
6943,3.55e-09
6944,1.55e-09
6945,3.7666666666666665e-09
6946,3.6e-09
6947,3.7166666666666664e-09
6948,2.0333333333333333e-09
6949,4.266666666666667e-09
6950,1.5166666666666666e-09
6951,1.6666666666666665e-09
6952,1.7e-09
6953,3.5166666666666667e-09
6954,3.95e-09
6955,1.3666666666666667e-09
6956,1.6e-09
6957,1.3166666666666667e-09
6958,3.5166666666666667e-09
6959,1.25e-09
6960,3.65e-09
6961,3.666666666666667e-09
6962,1.6166666666666667e-09
6963,3.55e-09
6964,3.5833333333333336e-09
6965,1.3499999999999999e-09
6966,1.2833333333333335e-09
6967,3.4833333333333335e-09
6968,1.0833333333333333e-09
6969,1.8166666666666666e-09
6970,2.383333333333333e-09
6971,1.9666666666666665e-09
6972,2.0833333333333334e-09
6973,1.1333333333333333e-09
6974,3.1166666666666665e-09
6975,1.25e-09
6976,2.216666666666667e-09
6977,3.15e-09
6978,3.05e-09
6979,2.1666666666666666e-09
6980,2.7666666666666666e-09
6981,2.55e-09
6982,9.333333333333332e-10
6983,2.7500000000000002e-09
6984,1.9166666666666665e-09
6985,2.5333333333333337e-09
6986,3.1e-09
6987,3.6833333333333336e-09
6988,2.7333333333333334e-09
6989,2.65e-09
6990,2.6333333333333333e-09
6991,2.6333333333333333e-09
6992,2.7166666666666666e-09
6993,1.7333333333333333e-09
6994,2.5833333333333333e-09
6995,1.75e-09
6996,2.5166666666666665e-09
6997,2.216666666666667e-09
6998,2.65e-09
6999,2.983333333333333e-09
7000,2.7666666666666666e-09
7001,2.6999999999999998e-09
7002,2.4e-09
7003,2.9166666666666667e-09
7004,2.7166666666666666e-09
7005,2.9500000000000004e-09
7006,2.5333333333333337e-09
7007,3.05e-09
7008,2.55e-09
7009,2.8500000000000003e-09
7010,2.3166666666666663e-09
7011,2.4166666666666664e-09
7012,2.55e-09
7013,2.6999999999999998e-09
7014,1.7166666666666665e-09
7015,2.55e-09
7016,1.55e-09
7017,2.55e-09
7018,3.75e-09
7019,1.6833333333333333e-09
7020,1.6833333333333333e-09
7021,2.5166666666666665e-09
7022,1.9166666666666665e-09
7023,1.45e-09
7024,2.1833333333333334e-09
7025,2.6166666666666665e-09
7026,2.0666666666666666e-09
7027,1.2166666666666668e-09
7028,2.25e-09
7029,1.25e-09
7030,2.7333333333333334e-09
7031,1.1833333333333334e-09
7032,2.5e-09
7033,9.999999999999999e-10
7034,2.3e-09
7035,1.5e-09
7036,1.4833333333333334e-09
7037,1.6166666666666667e-09
7038,6.666666666666666e-10
7039,8.5e-10
7040,9.166666666666667e-10
7041,9.666666666666666e-10
7042,1.8e-09
7043,1.2666666666666668e-09
7044,2.3166666666666663e-09
7045,1.7166666666666665e-09
7046,1.8333333333333334e-09
7047,1.2999999999999999e-09
7048,1.7833333333333334e-09
7049,1.3666666666666667e-09
7050,1.0499999999999999e-09
7051,1.4666666666666666e-09
7052,1.2666666666666668e-09
7053,9.333333333333332e-10
7054,5.333333333333334e-10
7055,1.1e-09
7056,4.666666666666666e-10
7057,1.1333333333333333e-09
7058,8.333333333333332e-10
7059,1.8166666666666666e-09
7060,1.0499999999999999e-09
7061,8.666666666666667e-10
7062,1.4e-09
7063,7.166666666666667e-10
7064,9.833333333333332e-10
7065,1.5333333333333334e-09
7066,6.833333333333334e-10
7067,9.666666666666666e-10
7068,1.2666666666666668e-09
7069,1.4833333333333334e-09
7070,8.5e-10
7071,1.4666666666666666e-09
7072,1.4333333333333333e-09
7073,1.3333333333333333e-09
7074,1.15e-09
7075,1.3166666666666667e-09
7076,1.85e-09
7077,1.1666666666666668e-09
7078,2.383333333333333e-09
7079,1.2333333333333334e-09
7080,1.4333333333333333e-09
7081,1.55e-09
7082,1.6e-09
7083,2.25e-09
7084,1.3333333333333333e-09
7085,1.3499999999999999e-09
7086,1.6333333333333335e-09
7087,1.4666666666666666e-09
7088,1.1166666666666667e-09
7089,1.4166666666666665e-09
7090,1.15e-09
7091,1.2999999999999999e-09
7092,1.5666666666666666e-09
7093,1.2999999999999999e-09
7094,1.5666666666666666e-09
7095,1.4e-09
7096,1.5333333333333334e-09
7097,1.0833333333333333e-09
7098,1.1666666666666668e-09
7099,1.4e-09
7100,1.5833333333333334e-09
7101,1.3666666666666667e-09
7102,1.5166666666666666e-09
7103,1.2e-09
7104,1.1e-09
7105,1.1166666666666667e-09
7106,1.1e-09
7107,1.9333333333333333e-09
7108,1.1333333333333333e-09
7109,1.2833333333333335e-09
7110,1.45e-09
7111,8.666666666666667e-10
7112,1.25e-09
7113,1.6e-09
7114,1.0833333333333333e-09
7115,1.2333333333333334e-09
7116,1.4333333333333333e-09
7117,1.8333333333333334e-09
7118,1.2999999999999999e-09
7119,1.75e-09
7120,1.1333333333333333e-09
7121,1.3499999999999999e-09
7122,1.5e-09
7123,1.2e-09
7124,1.3666666666666667e-09
7125,9.333333333333332e-10
7126,1.5e-09
7127,9.833333333333332e-10
7128,9.333333333333332e-10
7129,7.5e-10
7130,8.5e-10
7131,1.0333333333333333e-09
7132,9e-10
7133,8.5e-10
7134,1.0333333333333333e-09
7135,8e-10
7136,1.0833333333333333e-09
7137,1.1333333333333333e-09
7138,7.333333333333333e-10
7139,1.0333333333333333e-09
7140,6.833333333333334e-10
7141,5.833333333333334e-10
7142,8.833333333333333e-10
7143,5.833333333333334e-10
7144,1.2333333333333334e-09
7145,1.0333333333333333e-09
7146,9.166666666666667e-10
7147,9.666666666666666e-10
7148,5.666666666666667e-10
7149,7.833333333333333e-10
7150,5.166666666666666e-10
7151,7e-10
7152,9e-10
7153,8.666666666666667e-10
7154,1.2666666666666668e-09
7155,8.333333333333332e-10
7156,4e-10
7157,1.2e-09
7158,9.166666666666667e-10
7159,7.5e-10
7160,6.666666666666666e-10
7161,9.666666666666666e-10
7162,5.666666666666667e-10
7163,1.55e-09
7164,1.1166666666666667e-09
7165,1.0166666666666667e-09
7166,1.2666666666666668e-09
7167,1.0666666666666667e-09
7168,8.166666666666667e-10
7169,9.166666666666667e-10
7170,7.166666666666667e-10
7171,1.4666666666666666e-09
7172,7e-10
7173,5.666666666666667e-10
7174,6.833333333333334e-10
7175,1.3833333333333333e-09
7176,8e-10
7177,9.999999999999999e-10
7178,1.0499999999999999e-09
7179,1.4666666666666666e-09
7180,1.0499999999999999e-09
7181,1.6166666666666667e-09
7182,4e-10
7183,1.4666666666666666e-09
7184,9.666666666666666e-10
7185,1.0333333333333333e-09
7186,7.333333333333333e-10
7187,2.05e-09
7188,2.1500000000000002e-09
7189,8.833333333333333e-10
7190,1.1333333333333333e-09
7191,1.1833333333333334e-09
7192,9e-10
7193,9.666666666666666e-10
7194,5.666666666666667e-10
7195,1.5e-09
7196,9.333333333333332e-10
7197,1.7e-09
7198,7.333333333333333e-10
7199,1.5333333333333334e-09
7200,9e-10
7201,1.7666666666666666e-09
7202,9.833333333333332e-10
7203,1.4333333333333333e-09
7204,1.1333333333333333e-09
7205,1.4166666666666665e-09
7206,1.7e-09
7207,9.333333333333332e-10
7208,2.1333333333333334e-09
7209,1.4333333333333333e-09
7210,3.1e-09
7211,2.1833333333333334e-09
7212,2.116666666666667e-09
7213,7.666666666666667e-10
7214,1.0833333333333333e-09
7215,5.5e-10
7216,1.95e-09
7217,2.1500000000000002e-09
7218,2.1500000000000002e-09
7219,6.333333333333334e-10
7220,5.166666666666666e-10
7221,5.5e-10
7222,4.166666666666666e-10
7223,8.666666666666667e-10
7224,9.5e-10
7225,1.95e-09
7226,2.283333333333333e-09
7227,1.9833333333333333e-09
7228,8.5e-10
7229,1.8666666666666664e-09
7230,1.8166666666666666e-09
7231,9.166666666666667e-10
7232,2.2e-09
7233,6.166666666666667e-10
7234,2.116666666666667e-09
7235,1.2833333333333335e-09
7236,1.7e-09
7237,2.0833333333333334e-09
7238,1.8e-09
7239,2.2333333333333335e-09
7240,2.5e-09
7241,8.166666666666667e-10
7242,1.7166666666666665e-09
7243,6.666666666666666e-10
7244,2.3666666666666668e-09
7245,6.333333333333334e-10
7246,7.833333333333333e-10
7247,2.383333333333333e-09
7248,4.999999999999999e-10
7249,2.45e-09
7250,2.5999999999999997e-09
7251,2.283333333333333e-09
7252,1.8666666666666664e-09
7253,2.3166666666666663e-09
7254,8.333333333333332e-10
7255,6.499999999999999e-10
7256,2.2666666666666667e-09
7257,1.1e-09
7258,7.833333333333333e-10
7259,1.9333333333333333e-09
7260,2.35e-09
7261,1.9833333333333333e-09
7262,6.833333333333334e-10
7263,1.0166666666666667e-09
7264,1.0333333333333333e-09
7265,2.05e-09
7266,2.45e-09
7267,2.0833333333333334e-09
7268,2.2e-09
7269,6.333333333333334e-10
7270,2.1666666666666666e-09
7271,9e-10
7272,1.0666666666666667e-09
7273,1.6e-09
7274,2.466666666666667e-09
7275,2.4166666666666664e-09
7276,2.3166666666666663e-09
7277,2.4833333333333332e-09
7278,1.3666666666666667e-09
7279,2.016666666666667e-09
7280,3.1166666666666665e-09
7281,1.2166666666666668e-09
7282,1.9666666666666665e-09
7283,2.016666666666667e-09
7284,1.7333333333333333e-09
7285,1.6333333333333335e-09
7286,1.2999999999999999e-09
7287,1.7833333333333334e-09
7288,1.8e-09
7289,1.8666666666666664e-09
7290,2.1500000000000002e-09
7291,1.7833333333333334e-09
7292,2.466666666666667e-09
7293,2.6666666666666666e-09
7294,2.4333333333333336e-09
7295,1.2166666666666668e-09
7296,3.25e-09
7297,2.5833333333333333e-09
7298,2.466666666666667e-09
7299,1.1333333333333333e-09
7300,2.65e-09
7301,3.0833333333333332e-09
7302,2.6166666666666665e-09
7303,1.4666666666666666e-09
7304,3.633333333333333e-09
7305,2.8666666666666667e-09
7306,3.2333333333333333e-09
7307,1.4166666666666665e-09
7308,1.1e-09
7309,3.1166666666666665e-09
7310,3.1166666666666665e-09
7311,1.2e-09
7312,1.8166666666666666e-09
7313,1.5833333333333334e-09
7314,3.1333333333333333e-09
7315,3.25e-09
7316,3.25e-09
7317,1.8333333333333334e-09
7318,3.5833333333333336e-09
7319,1.8e-09
7320,1.5e-09
7321,1.9166666666666665e-09
7322,1.6666666666666665e-09
7323,3.1333333333333333e-09
7324,1.8166666666666666e-09
7325,1.6833333333333333e-09
7326,1.9e-09
7327,3.3666666666666666e-09
7328,3.166666666666667e-09
7329,3.1833333333333333e-09
7330,2.7500000000000002e-09
7331,1.3666666666666667e-09
7332,1.6166666666666667e-09
7333,3.3e-09
7334,1.95e-09
7335,1.3333333333333333e-09
7336,1.2999999999999999e-09
7337,1.55e-09
7338,1.65e-09
7339,2.0999999999999998e-09
7340,1.9166666666666665e-09
7341,2.6999999999999998e-09
7342,2.3e-09
7343,2.6999999999999998e-09
7344,1.95e-09
7345,1.5666666666666666e-09
7346,2.7833333333333334e-09
7347,3.1333333333333333e-09
7348,1.1e-09
7349,2.2666666666666667e-09
7350,1.6666666666666665e-09
7351,2.6166666666666665e-09
7352,1.7166666666666665e-09
7353,2.6166666666666665e-09
7354,2.3166666666666663e-09
7355,2.1833333333333334e-09
7356,2.283333333333333e-09
7357,1.8166666666666666e-09
7358,1.9666666666666665e-09
7359,2.0666666666666666e-09
7360,1.9833333333333333e-09
7361,2.8666666666666667e-09
7362,2.216666666666667e-09
7363,2.283333333333333e-09
7364,1.9e-09
7365,1.95e-09
7366,1.85e-09
7367,1.6333333333333335e-09
7368,2.5999999999999997e-09
7369,1.8666666666666664e-09
7370,2.7333333333333334e-09
7371,1.7e-09
7372,2.0999999999999998e-09
7373,1.8333333333333334e-09
7374,1.9833333333333333e-09
7375,1.75e-09
7376,2.4e-09
7377,2.1833333333333334e-09
7378,1.95e-09
7379,1.8166666666666666e-09
7380,1.7666666666666666e-09
7381,2.05e-09
7382,1.9666666666666665e-09
7383,1.6833333333333333e-09
7384,1.65e-09
7385,1.5333333333333334e-09
7386,1.75e-09
7387,1.85e-09
7388,1.3833333333333333e-09
7389,1.4333333333333333e-09
7390,1.4166666666666665e-09
7391,1.3833333333333333e-09
7392,1.8833333333333332e-09
7393,1.5666666666666666e-09
7394,2.3166666666666663e-09
7395,1.3666666666666667e-09
7396,1.5166666666666666e-09
7397,2.2333333333333335e-09
7398,1.3666666666666667e-09
7399,1.4833333333333334e-09
7400,1.65e-09
7401,1.7166666666666665e-09
7402,1.7666666666666666e-09
7403,1.8333333333333334e-09
7404,1.6333333333333335e-09
7405,1.6333333333333335e-09
7406,1.5333333333333334e-09
7407,1.55e-09
7408,1.55e-09
7409,1.7333333333333333e-09
7410,1.5e-09
7411,1.2999999999999999e-09
7412,1.7e-09
7413,1.6333333333333335e-09
7414,1.2666666666666668e-09
7415,1.3499999999999999e-09
7416,1.2833333333333335e-09
7417,1.25e-09
7418,8.166666666666667e-10
7419,1.2333333333333334e-09
7420,1.4666666666666666e-09
7421,1.0833333333333333e-09
7422,1.3166666666666667e-09
7423,2.4166666666666664e-09
7424,1.15e-09
7425,1.15e-09
7426,1.1e-09
7427,1.1333333333333333e-09
7428,2.2333333333333335e-09
7429,9e-10
7430,1.9833333333333333e-09
7431,1.65e-09
7432,2.2666666666666667e-09
7433,2.216666666666667e-09
7434,2.35e-09
7435,1.4833333333333334e-09
7436,1.7e-09
7437,2.0666666666666666e-09
7438,8.833333333333333e-10
7439,1.0166666666666667e-09
7440,9.333333333333332e-10
7441,7.333333333333333e-10
7442,1.0666666666666667e-09
7443,6.333333333333334e-10
7444,1.2833333333333335e-09
7445,1.6333333333333335e-09
7446,1.9e-09
7447,1.4333333333333333e-09
7448,1.9999999999999997e-09
7449,1.9e-09
7450,7.5e-10
7451,9.166666666666667e-10
7452,1.8166666666666666e-09
7453,2.05e-09
7454,6.166666666666667e-10
7455,1.6e-09
7456,5.333333333333334e-10
7457,1.5166666666666666e-09
7458,1.25e-09
7459,1.1666666666666668e-09
7460,1.85e-09
7461,1.3666666666666667e-09
7462,2.0833333333333334e-09
7463,3.166666666666667e-10
7464,9e-10
7465,1.45e-09
7466,2.45e-09
7467,1.5166666666666666e-09
7468,1.6333333333333335e-09
7469,1.9999999999999997e-09
7470,1.55e-09
7471,1.2e-09
7472,1.9e-09
7473,2.2e-09
7474,1.4e-09
7475,9e-10
7476,2.25e-09
7477,1.55e-09
7478,9.666666666666666e-10
7479,6.666666666666666e-10
7480,1.0499999999999999e-09
7481,1.9833333333333333e-09
7482,1.9e-09
7483,1.95e-09
7484,2.4e-09
7485,2.1833333333333334e-09
7486,1.1666666666666668e-09
7487,7.5e-10
7488,1.7833333333333334e-09
7489,2.3e-09
7490,7.333333333333333e-10
7491,2.1833333333333334e-09
7492,2.3333333333333335e-09
7493,2.116666666666667e-09
7494,1.5833333333333334e-09
7495,1.5833333333333334e-09
7496,1.5666666666666666e-09
7497,2.3333333333333335e-09
7498,2.0999999999999998e-09
7499,3.4e-09
7500,1.8e-09
7501,1.9333333333333333e-09
7502,2.7166666666666666e-09
7503,1.9e-09
7504,3.05e-09
7505,2.283333333333333e-09
7506,3.0833333333333332e-09
7507,2.283333333333333e-09
7508,2.5833333333333333e-09
7509,2.7666666666666666e-09
7510,2.4833333333333332e-09
7511,2.983333333333333e-09
7512,2.7333333333333334e-09
7513,2.35e-09
7514,1.7833333333333334e-09
7515,3.166666666666667e-09
7516,4.15e-09
7517,2.2333333333333335e-09
7518,1.5666666666666666e-09
7519,2.5833333333333333e-09
7520,2.116666666666667e-09
7521,2.7166666666666666e-09
7522,3.15e-09
7523,2.0666666666666666e-09
7524,2.6333333333333333e-09
7525,1.6166666666666667e-09
7526,1.5e-09
7527,2.0666666666666666e-09
7528,3.05e-09
7529,2.4e-09
7530,2.383333333333333e-09
7531,3.166666666666667e-09
7532,2.5e-09
7533,2.6333333333333333e-09
7534,2.6833333333333334e-09
7535,2.4e-09
7536,2.4166666666666664e-09
7537,1.9166666666666665e-09
7538,4.033333333333334e-09
7539,1.9999999999999997e-09
7540,2.3e-09
7541,2.3666666666666668e-09
7542,2.7666666666666666e-09
7543,3.1333333333333333e-09
7544,2.5e-09
7545,2.4333333333333336e-09
7546,2.3e-09
7547,2.05e-09
7548,2.3e-09
7549,2.3666666666666668e-09
7550,2.1833333333333334e-09
7551,2.3333333333333335e-09
7552,2.216666666666667e-09
7553,2.4166666666666664e-09
7554,2.55e-09
7555,2.833333333333333e-09
7556,2.4333333333333336e-09
7557,2.35e-09
7558,2.4166666666666664e-09
7559,2.383333333333333e-09
7560,1.9833333333333333e-09
7561,2.2333333333333335e-09
7562,2.35e-09
7563,2.466666666666667e-09
7564,1.9333333333333333e-09
7565,2.0999999999999998e-09
7566,1.9333333333333333e-09
7567,2.2333333333333335e-09
7568,2.116666666666667e-09
7569,2.0666666666666666e-09
7570,2.4833333333333332e-09
7571,1.9833333333333333e-09
7572,2.4e-09
7573,1.9e-09
7574,2.1333333333333334e-09
7575,1.8166666666666666e-09
7576,2.35e-09
7577,2.0999999999999998e-09
7578,1.8166666666666666e-09
7579,1.6833333333333333e-09
7580,2.3e-09
7581,1.7333333333333333e-09
7582,1.8833333333333332e-09
7583,1.3499999999999999e-09
7584,1.7833333333333334e-09
7585,1.2333333333333334e-09
7586,1.7333333333333333e-09
7587,1.6166666666666667e-09
7588,1.2999999999999999e-09
7589,1.5e-09
7590,1.5833333333333334e-09
7591,1.4833333333333334e-09
7592,1.5833333333333334e-09
7593,1.2999999999999999e-09
7594,1.6333333333333335e-09
7595,1.1333333333333333e-09
7596,1.0833333333333333e-09
7597,1.1833333333333334e-09
7598,8.333333333333332e-10
7599,1.2999999999999999e-09
7600,9.333333333333332e-10
7601,1.0166666666666667e-09
7602,1.2e-09
7603,1.1666666666666668e-09
7604,9.999999999999999e-10
7605,8.5e-10
7606,1.0499999999999999e-09
7607,8e-10
7608,9e-10
7609,1.0833333333333333e-09
7610,7.833333333333333e-10
7611,9e-10
7612,7.666666666666667e-10
7613,6e-10
7614,9.333333333333332e-10
7615,9e-10
7616,6.333333333333334e-10
7617,6.833333333333334e-10
7618,4.166666666666666e-10
7619,4.999999999999999e-10
7620,9.999999999999999e-10
7621,4.3333333333333334e-10
7622,1.1166666666666667e-09
7623,9e-10
7624,8.166666666666667e-10
7625,5.666666666666667e-10
7626,8.333333333333332e-10
7627,1.2833333333333335e-09
7628,5.333333333333334e-10
7629,1.0833333333333333e-09
7630,1.0666666666666667e-09
7631,7e-10
7632,6.833333333333334e-10
7633,9.5e-10
7634,1.4166666666666665e-09
7635,8.833333333333333e-10
7636,1.1166666666666667e-09
7637,6e-10
7638,1.2999999999999999e-09
7639,1.2999999999999999e-09
7640,4.166666666666666e-10
7641,9.666666666666666e-10
7642,9.833333333333332e-10
7643,9.5e-10
7644,1.0833333333333333e-09
7645,1.8333333333333334e-09
7646,1.15e-09
7647,1.8166666666666666e-09
7648,1.8666666666666664e-09
7649,9.833333333333332e-10
7650,1.3833333333333333e-09
7651,1.7833333333333334e-09
7652,8e-10
7653,1.2e-09
7654,1.9833333333333333e-09
7655,8.833333333333333e-10
7656,1.1333333333333333e-09
7657,1.2e-09
7658,8.5e-10
7659,9.166666666666667e-10
7660,1.65e-09
7661,7.166666666666667e-10
7662,1.3833333333333333e-09
7663,8.166666666666667e-10
7664,1.25e-09
7665,6.499999999999999e-10
7666,9.666666666666666e-10
7667,1.2666666666666668e-09
7668,9.5e-10
7669,7.5e-10
7670,6.833333333333334e-10
7671,8e-10
7672,5.833333333333334e-10
7673,6.833333333333334e-10
7674,1.1166666666666667e-09
7675,7.166666666666667e-10
7676,8.333333333333332e-10
7677,1.0499999999999999e-09
7678,1.1833333333333334e-09
7679,9.999999999999999e-10
7680,7.666666666666667e-10
7681,9.666666666666666e-10
7682,9.666666666666666e-10
7683,8.833333333333333e-10
7684,1.3166666666666667e-09
7685,9.999999999999999e-10
7686,1.2666666666666668e-09
7687,1.15e-09
7688,7.833333333333333e-10
7689,1.1666666666666668e-09
7690,7.833333333333333e-10
7691,9.166666666666667e-10
7692,7e-10
7693,1.1333333333333333e-09
7694,7.333333333333333e-10
7695,8.666666666666667e-10
7696,9.833333333333332e-10
7697,1.0333333333333333e-09
7698,4.666666666666666e-10
7699,9.166666666666667e-10
7700,5.333333333333334e-10
7701,1.4833333333333334e-09
7702,7.166666666666667e-10
7703,9.999999999999999e-10
7704,1.4333333333333333e-09
7705,1.2999999999999999e-09
7706,1.1166666666666667e-09
7707,1.1e-09
7708,1.1e-09
7709,7.333333333333333e-10
7710,5.5e-10
7711,8.333333333333332e-10
7712,1.2333333333333334e-09
7713,1.2166666666666668e-09
7714,1.2833333333333335e-09
7715,7.166666666666667e-10
7716,1.2e-09
7717,1.1666666666666668e-09
7718,1.15e-09
7719,1.5333333333333334e-09
7720,8.666666666666667e-10
7721,7.333333333333333e-10
7722,1.7833333333333334e-09
7723,1.1833333333333334e-09
7724,5.5e-10
7725,1.3166666666666667e-09
7726,2.9666666666666668e-09
7727,1.6e-09
7728,5.5e-10
7729,2.983333333333333e-09
7730,1.3833333333333333e-09
7731,1.1333333333333333e-09
7732,2.0833333333333334e-09
7733,9.166666666666667e-10
7734,3.3166666666666666e-09
7735,3.7e-09
7736,1.2e-09
7737,8.166666666666667e-10
7738,1.25e-09
7739,2.0333333333333333e-09
7740,1.4833333333333334e-09
7741,2.383333333333333e-09
7742,2.0333333333333333e-09
7743,2.116666666666667e-09
7744,1.2666666666666668e-09
7745,1.4166666666666665e-09
7746,2.7666666666666666e-09
7747,2.7666666666666666e-09
7748,1.3333333333333333e-09
7749,1.9666666666666665e-09
7750,6.499999999999999e-10
7751,2.1833333333333334e-09
7752,2.116666666666667e-09
7753,4.999999999999999e-10
7754,2.283333333333333e-09
7755,1.2666666666666668e-09
7756,2.1500000000000002e-09
7757,7.333333333333333e-10
7758,2.35e-09
7759,1.9e-09
7760,6.666666666666666e-10
7761,2.6166666666666665e-09
7762,1.1e-09
7763,2.1333333333333334e-09
7764,2.65e-09
7765,2.3e-09
7766,2.7500000000000002e-09
7767,7.166666666666667e-10
7768,2.466666666666667e-09
7769,2.7333333333333334e-09
7770,2.8e-09
7771,2.3166666666666663e-09
7772,6.833333333333334e-10
7773,2.25e-09
7774,8.5e-10
7775,1.3666666666666667e-09
7776,1.2666666666666668e-09
7777,1.55e-09
7778,1.7666666666666666e-09
7779,1.1333333333333333e-09
7780,2.1500000000000002e-09
7781,7.166666666666667e-10
7782,1.9333333333333333e-09
7783,8.833333333333333e-10
7784,2.0333333333333333e-09
7785,1.8666666666666664e-09
7786,7e-10
7787,2.35e-09
7788,7.666666666666667e-10
7789,2.1833333333333334e-09
7790,1.1833333333333334e-09
7791,2.5833333333333333e-09
7792,2.0333333333333333e-09
7793,8e-10
7794,7.666666666666667e-10
7795,2.5333333333333337e-09
7796,1.7333333333333333e-09
7797,1.55e-09
7798,1.5833333333333334e-09
7799,2.1333333333333334e-09
7800,2.016666666666667e-09
7801,3.8333333333333335e-10
7802,2.2666666666666667e-09
7803,1.9333333333333333e-09
7804,2.2e-09
7805,2.2333333333333335e-09
7806,3.8333333333333335e-10
7807,1.5e-10
7808,1.95e-09
7809,1.7166666666666665e-09
7810,1.9999999999999997e-09
7811,2.2e-09
7812,5.833333333333334e-10
7813,1.9999999999999997e-09
7814,1.0166666666666667e-09
7815,8.833333333333333e-10
7816,2.0999999999999998e-09
7817,7.5e-10
7818,4.833333333333333e-10
7819,1.95e-09
7820,1.7833333333333334e-09
7821,1.8833333333333332e-09
7822,1.9999999999999997e-09
7823,1.8666666666666664e-09
7824,2.283333333333333e-09
7825,2.5333333333333337e-09
7826,2.2333333333333335e-09
7827,2.35e-09
7828,3.8333333333333335e-10
7829,3.6666666666666664e-10
7830,2.2666666666666667e-09
7831,3.4e-09
7832,2.65e-09
7833,2.9166666666666667e-09
7834,2.8e-09
7835,4.5e-10
7836,2.5e-09
7837,5.833333333333334e-10
7838,4.3333333333333334e-10
7839,1.1e-09
7840,4.166666666666666e-10
7841,8.5e-10
7842,7.5e-10
7843,9e-10
7844,3.1333333333333333e-09
7845,2.8833333333333335e-09
7846,3.1833333333333333e-09
7847,2.4333333333333336e-09
7848,7.833333333333333e-10
7849,1.5666666666666666e-09
7850,2.9166666666666667e-09
7851,1.6666666666666665e-09
7852,3.3666666666666666e-09
7853,2.65e-09
7854,3.2333333333333333e-09
7855,6.833333333333334e-10
7856,3.033333333333333e-09
7857,4.833333333333333e-10
7858,9.166666666666667e-10
7859,1.4666666666666666e-09
7860,1.0499999999999999e-09
7861,2.7666666666666666e-09
7862,2.7666666666666666e-09
7863,1.2666666666666668e-09
7864,1.3166666666666667e-09
7865,8.666666666666667e-10
7866,9e-10
7867,1.25e-09
7868,3e-09
7869,2.5833333333333333e-09
7870,1.3666666666666667e-09
7871,9.166666666666667e-10
7872,3.033333333333333e-09
7873,8e-10
7874,2.8500000000000003e-09
7875,8.833333333333333e-10
7876,9.166666666666667e-10
7877,2.7333333333333334e-09
7878,2.5999999999999997e-09
7879,2.8166666666666667e-09
7880,4.083333333333333e-09
7881,8.833333333333333e-10
7882,9.666666666666666e-10
7883,8.333333333333332e-10
7884,3e-09
7885,8e-10
7886,7.833333333333333e-10
7887,2.5833333333333333e-09
7888,6.833333333333334e-10
7889,2.5166666666666665e-09
7890,2.45e-09
7891,2.383333333333333e-09
7892,8.5e-10
7893,3.333333333333333e-10
7894,2.25e-09
7895,6.666666666666666e-10
7896,1.9666666666666665e-09
7897,6.333333333333334e-10
7898,6.499999999999999e-10
7899,7.5e-10
7900,2.3166666666666663e-09
7901,8.666666666666667e-10
7902,8.166666666666667e-10
7903,2.8500000000000003e-09
7904,1.5333333333333334e-09
7905,2.6833333333333334e-09
7906,5.833333333333334e-10
7907,4.883333333333333e-09
7908,8e-10
7909,2.283333333333333e-09
7910,1.9166666666666665e-09
7911,1.3166666666666667e-09
7912,8.333333333333332e-10
7913,1.5833333333333334e-09
7914,1.3499999999999999e-09
7915,4.999999999999999e-10
7916,2.6666666666666666e-09
7917,9.333333333333332e-10
7918,1.2666666666666668e-09
7919,2.116666666666667e-09
7920,2.2e-09
7921,6e-10
7922,1.9333333333333333e-09
7923,1.9e-09
7924,1.3166666666666667e-09
7925,2.0333333333333333e-09
7926,2.0333333333333333e-09
7927,6.833333333333334e-10
7928,2.2e-09
7929,7e-10
7930,1.1833333333333334e-09
7931,2.3166666666666663e-09
7932,2.1833333333333334e-09
7933,2.016666666666667e-09
7934,1.0666666666666667e-09
7935,2.05e-09
7936,6e-10
7937,1.8e-09
7938,1.9999999999999997e-09
7939,2.3666666666666668e-09
7940,1.75e-09
7941,2.4833333333333332e-09
7942,2.65e-09
7943,2.55e-09
7944,1.8833333333333332e-09
7945,1.3166666666666667e-09
7946,2.45e-09
7947,2.8666666666666667e-09
7948,1.6e-09
7949,1.5e-09
7950,2.4833333333333332e-09
7951,8.5e-10
7952,1.9999999999999997e-09
7953,1.9333333333333333e-09
7954,7.166666666666667e-10
7955,2.45e-09
7956,1.2166666666666668e-09
7957,1.2833333333333335e-09
7958,1.6333333333333335e-09
7959,2.5999999999999997e-09
7960,2.4166666666666664e-09
7961,2.116666666666667e-09
7962,2.3166666666666663e-09
7963,1.8666666666666664e-09
7964,2.383333333333333e-09
7965,1.4333333333333333e-09
7966,2.6999999999999998e-09
7967,2.016666666666667e-09
7968,1.3333333333333333e-09
7969,2.1333333333333334e-09
7970,2.9666666666666668e-09
7971,2.1833333333333334e-09
7972,1.9999999999999997e-09
7973,2.0833333333333334e-09
7974,2.5833333333333333e-09
7975,2.0999999999999998e-09
7976,1.3833333333333333e-09
7977,2.45e-09
7978,2.1833333333333334e-09
7979,1.9833333333333333e-09
7980,2.05e-09
7981,2.216666666666667e-09
7982,2.1500000000000002e-09
7983,1.1666666666666668e-09
7984,1.4833333333333334e-09
7985,2.2e-09
7986,1.4666666666666666e-09
7987,3.066666666666667e-09
7988,2.7333333333333334e-09
7989,2.016666666666667e-09
7990,3.3833333333333334e-09
7991,1.7833333333333334e-09
7992,3.066666666666667e-09
7993,1.8666666666666664e-09
7994,1.7e-09
7995,1.6e-09
7996,2.2666666666666667e-09
7997,1.7333333333333333e-09
7998,1.65e-09
7999,1.7166666666666665e-09
8000,1.6833333333333333e-09
8001,2.3333333333333335e-09
8002,1.4166666666666665e-09
8003,2.4e-09
8004,2.8e-09
8005,2.4166666666666664e-09
8006,2.466666666666667e-09
8007,2.8500000000000003e-09
8008,1.55e-09
8009,1.9666666666666665e-09
8010,3.066666666666667e-09
8011,1.6166666666666667e-09
8012,1.95e-09
8013,1.85e-09
8014,1.65e-09
8015,1.6e-09
8016,1.3499999999999999e-09
8017,2.5166666666666665e-09
8018,2.116666666666667e-09
8019,1.9833333333333333e-09
8020,2.1666666666666666e-09
8021,1.9833333333333333e-09
8022,1.8666666666666664e-09
8023,2.6833333333333334e-09
8024,2.05e-09
8025,1.6333333333333335e-09
8026,2.016666666666667e-09
8027,1.5166666666666666e-09
8028,2.116666666666667e-09
8029,1.8e-09
8030,2.05e-09
8031,2.1333333333333334e-09
8032,2.25e-09
8033,1.4333333333333333e-09
8034,1.85e-09
8035,1.8333333333333334e-09
8036,1.8166666666666666e-09
8037,1.3333333333333333e-09
8038,1.45e-09
8039,1.9999999999999997e-09
8040,1.3499999999999999e-09
8041,9.833333333333332e-10
8042,1.0166666666666667e-09
8043,1.5666666666666666e-09
8044,1.1833333333333334e-09
8045,1.55e-09
8046,1.25e-09
8047,1.1166666666666667e-09
8048,1.1833333333333334e-09
8049,1.3499999999999999e-09
8050,1.2666666666666668e-09
8051,1.3166666666666667e-09
8052,1.6333333333333335e-09
8053,1.0166666666666667e-09
8054,1.2166666666666668e-09
8055,1.65e-09
8056,1.3833333333333333e-09
8057,9.666666666666666e-10
8058,1.8333333333333334e-09
8059,1.55e-09
8060,8.5e-10
8061,1.3333333333333333e-09
8062,1.7666666666666666e-09
8063,8.833333333333333e-10
8064,1.9666666666666665e-09
8065,1.0499999999999999e-09
8066,1.6666666666666665e-09
8067,9.333333333333332e-10
8068,1.2833333333333335e-09
8069,1.8166666666666666e-09
8070,1.4833333333333334e-09
8071,1.2833333333333335e-09
8072,1.6666666666666665e-09
8073,2.016666666666667e-09
8074,1.2666666666666668e-09
8075,9.999999999999999e-10
8076,1.4166666666666665e-09
8077,6.833333333333334e-10
8078,1.1166666666666667e-09
8079,1.6666666666666665e-09
8080,1.2999999999999999e-09
8081,3.533333333333333e-09
8082,7.5e-10
8083,1.2166666666666668e-09
8084,1.3499999999999999e-09
8085,9e-10
8086,1.45e-09
8087,1.9e-09
8088,2.1833333333333334e-09
8089,1.9333333333333333e-09
8090,2.1500000000000002e-09
8091,1.8833333333333332e-09
8092,1.95e-09
8093,6.666666666666666e-10
8094,7.833333333333333e-10
8095,1.9333333333333333e-09
8096,1.65e-09
8097,1.8333333333333334e-09
8098,1.7833333333333334e-09
8099,5.833333333333334e-10
8100,1.9833333333333333e-09
8101,1.9833333333333333e-09
8102,1.9166666666666665e-09
8103,6.333333333333334e-10
8104,4e-10
8105,2.383333333333333e-09
8106,1.5833333333333334e-09
8107,5.166666666666666e-10
8108,7.166666666666667e-10
8109,2.1833333333333334e-09
8110,2.3666666666666668e-09
8111,5.666666666666667e-10
8112,2.05e-09
8113,2.3333333333333335e-09
8114,9.999999999999999e-10
8115,1.3833333333333333e-09
8116,1.6833333333333333e-09
8117,1.8833333333333332e-09
8118,2.7500000000000002e-09
8119,4.3333333333333334e-10
8120,1.8333333333333334e-09
8121,2.6666666666666666e-09
8122,2.5833333333333333e-09
8123,2.6833333333333334e-09
8124,6.166666666666667e-10
8125,2.8500000000000003e-09
8126,2.7166666666666666e-09
8127,2.6666666666666666e-09
8128,4.3333333333333334e-10
8129,4.999999999999999e-10
8130,2.65e-09
8131,2.7166666666666666e-09
8132,8.5e-10
8133,7e-10
8134,7.333333333333333e-10
8135,6.166666666666667e-10
8136,6.166666666666667e-10
8137,6e-10
8138,2.3333333333333335e-09
8139,7.666666666666667e-10
8140,4.833333333333333e-10
8141,8.166666666666667e-10
8142,2.45e-09
8143,2.0666666666666666e-09
8144,2.55e-09
8145,2.6166666666666665e-09
8146,6.333333333333334e-10
8147,2.7166666666666666e-09
8148,1.4333333333333333e-09
8149,2.3666666666666668e-09
8150,2.5999999999999997e-09
8151,2.283333333333333e-09
8152,2.383333333333333e-09
8153,1.2999999999999999e-09
8154,6.166666666666667e-10
8155,6.833333333333334e-10
8156,1.1666666666666668e-09
8157,8.333333333333332e-10
8158,2.1666666666666666e-09
8159,2.2666666666666667e-09
8160,9.999999999999999e-10
8161,1.8e-09
8162,1.2833333333333335e-09
8163,1.3833333333333333e-09
8164,2.1500000000000002e-09
8165,9.5e-10
8166,1.8833333333333332e-09
8167,1.6666666666666665e-09
8168,1.6333333333333335e-09
8169,1.2999999999999999e-09
8170,2.2333333333333335e-09
8171,1.5166666666666666e-09
8172,2.8500000000000003e-09
8173,1.9166666666666665e-09
8174,2.8666666666666667e-09
8175,1.1166666666666667e-09
8176,1.6166666666666667e-09
8177,1.9333333333333333e-09
8178,1.8833333333333332e-09
8179,1.5833333333333334e-09
8180,1.2833333333333335e-09
8181,1.65e-09
8182,1.2e-09
8183,1.3666666666666667e-09
8184,1.45e-09
8185,1.55e-09
8186,2.3333333333333335e-09
8187,1.75e-09
8188,2.016666666666667e-09
8189,1.5333333333333334e-09
8190,1.3833333333333333e-09
8191,2.116666666666667e-09
8192,1.45e-09
8193,1.8666666666666664e-09
8194,1.1166666666666667e-09
8195,1.9166666666666665e-09
8196,1.0166666666666667e-09
8197,1.7e-09
8198,1.7833333333333334e-09
8199,1.0499999999999999e-09
8200,8e-10
8201,9.999999999999999e-10
8202,1.0333333333333333e-09
8203,1.5833333333333334e-09
8204,9.5e-10
8205,1.0833333333333333e-09
8206,8.166666666666667e-10
8207,1.3833333333333333e-09
8208,1.2999999999999999e-09
8209,8.5e-10
8210,5.666666666666667e-10
8211,1.0499999999999999e-09
8212,1.0833333333333333e-09
8213,7.666666666666667e-10
8214,7.666666666666667e-10
8215,1.2833333333333335e-09
8216,9.333333333333332e-10
8217,8.5e-10
8218,9.166666666666667e-10
8219,9.666666666666666e-10
8220,6.166666666666667e-10
8221,6.333333333333334e-10
8222,6.333333333333334e-10
8223,5.666666666666667e-10
8224,7.666666666666667e-10
8225,9.999999999999999e-10
8226,4.5e-10
8227,6.499999999999999e-10
8228,3.8333333333333335e-10
8229,1.1166666666666667e-09
8230,1.2166666666666668e-09
8231,5.166666666666666e-10
8232,1.55e-09
8233,3.5e-10
8234,1.6166666666666667e-09
8235,1.5666666666666666e-09
8236,1.6666666666666665e-09
8237,1.0166666666666667e-09
8238,1.0833333333333333e-09
8239,1.2999999999999999e-09
8240,3.333333333333333e-10
8241,5.833333333333334e-10
8242,1.3666666666666667e-09
8243,1.2166666666666668e-09
8244,7.5e-10
8245,9e-10
8246,6.666666666666666e-10
8247,5.166666666666666e-10
8248,1.1666666666666668e-09
8249,1.2333333333333334e-09
8250,8.333333333333332e-10
8251,1.15e-09
8252,7e-10
8253,6.833333333333334e-10
8254,4.999999999999999e-10
8255,7.833333333333333e-10
8256,6.499999999999999e-10
8257,1.4166666666666665e-09
8258,7.5e-10
8259,1.8666666666666664e-09
8260,4.999999999999999e-10
8261,7.5e-10
8262,7.833333333333333e-10
8263,1.0666666666666667e-09
8264,1.4e-09
8265,1.0333333333333333e-09
8266,1.15e-09
8267,7.166666666666667e-10
8268,6.166666666666667e-10
8269,6.833333333333334e-10
8270,1.6e-09
8271,8.833333333333333e-10
8272,1.5166666666666666e-09
8273,1.7833333333333334e-09
8274,1.4e-09
8275,1.1333333333333333e-09
8276,1.25e-09
8277,1.3333333333333333e-09
8278,1.3666666666666667e-09
8279,1.5e-09
8280,2.116666666666667e-09
8281,1.25e-09
8282,2.216666666666667e-09
8283,5.3e-09
8284,2.5166666666666665e-09
8285,2.9166666666666667e-09
8286,2.7666666666666666e-09
8287,1.65e-09
8288,4.4166666666666665e-09
8289,1.2833333333333335e-09
8290,1.6e-09
8291,4.233333333333334e-09
8292,1.5e-09
8293,1.6166666666666667e-09
8294,4.916666666666666e-09
8295,2.3333333333333335e-09
8296,1.7333333333333333e-09
8297,1.7166666666666665e-09
8298,2.1333333333333334e-09
8299,1.6e-09
8300,1.5e-09
8301,1.7333333333333333e-09
8302,4.666666666666667e-09
8303,4.633333333333333e-09
8304,4.8e-09
8305,1.5166666666666666e-09
8306,3.833333333333333e-09
8307,1.8e-09
8308,3e-09
8309,2.9500000000000004e-09
8310,2.2333333333333335e-09
8311,2.1666666666666666e-09
8312,1.6666666666666665e-09
8313,2.05e-09
8314,1.7e-09
8315,2.5833333333333333e-09
8316,2.35e-09
8317,2.1833333333333334e-09
8318,1.2e-09
8319,3.5833333333333336e-09
8320,3.3666666666666666e-09
8321,9.666666666666666e-10
8322,2.8e-09
8323,2.5999999999999997e-09
8324,1.2833333333333335e-09
8325,3.3500000000000002e-09
8326,6.983333333333333e-09
8327,4.116666666666666e-09
8328,2.6166666666666665e-09
8329,6.866666666666666e-09
8330,1.1833333333333334e-09
8331,2.7500000000000002e-09
8332,2.25e-09
8333,2.2333333333333335e-09
8334,7.333333333333333e-10
8335,1.2833333333333335e-09
8336,6.366666666666667e-09
8337,1.0499999999999999e-09
8338,8.833333333333333e-10
8339,8.333333333333332e-10
8340,8.666666666666667e-10
8341,4.45e-09
8342,2.4e-09
8343,1.9166666666666665e-09
8344,2.55e-09
8345,3.033333333333333e-09
8346,1.2833333333333335e-09
8347,3.2333333333333333e-09
8348,1.3666666666666667e-09
8349,3.433333333333333e-09
8350,3.25e-09
8351,3.533333333333333e-09
8352,1.4333333333333333e-09
8353,2.8e-09
8354,1.0666666666666667e-09
8355,3.5e-09
8356,1.7166666666666665e-09
8357,2.9500000000000004e-09
8358,1.2166666666666668e-09
8359,2.1833333333333334e-09
8360,1.0666666666666667e-09
8361,2.7666666666666666e-09
8362,2.016666666666667e-09
8363,3.65e-09
8364,1.8666666666666664e-09
8365,2.2666666666666667e-09
8366,2.566666666666667e-09
8367,4.35e-09
8368,3.433333333333333e-09
8369,1.5e-09
8370,4.35e-09
8371,1.0499999999999999e-09
8372,1.2833333333333335e-09
8373,3.916666666666667e-09
8374,2.5166666666666665e-09
8375,3.2333333333333333e-09
8376,1.0833333333333333e-09
8377,1.9333333333333333e-09
8378,3.4166666666666667e-09
8379,3.5833333333333336e-09
8380,3.666666666666667e-09
8381,1.2666666666666668e-09
8382,9.5e-10
8383,1.1166666666666667e-09
8384,3.3e-09
8385,1.0833333333333333e-09
8386,1.5166666666666666e-09
8387,3.2833333333333334e-09
8388,1.8e-09
8389,1.1666666666666665e-10
8390,4.166666666666666e-10
8391,1e-10
8392,9.5e-10
8393,1.2833333333333335e-09
8394,6.333333333333334e-10
8395,1.8333333333333332e-10
8396,2e-10
8397,8.166666666666667e-10
8398,2.333333333333333e-10
8399,1.0499999999999999e-09
8400,1.0499999999999999e-09
8401,1.5e-10
8402,7.333333333333333e-10
8403,1.5833333333333334e-09
8404,7.333333333333333e-10
8405,1.6166666666666667e-09
8406,7.333333333333333e-10
8407,1.6666666666666665e-09
8408,8.833333333333333e-10
8409,1.8333333333333332e-10
8410,1.6833333333333333e-09
8411,4.5e-10
8412,4.5e-10
8413,1.3166666666666667e-09
8414,3.166666666666667e-10
8415,9.833333333333332e-10
8416,6.666666666666666e-10
8417,1.2e-09
8418,1.1833333333333334e-09
8419,1.0333333333333333e-09
8420,5.166666666666666e-10
8421,8.333333333333333e-11
8422,7e-10
8423,4.999999999999999e-10
8424,4.166666666666666e-10
8425,8.333333333333332e-10
8426,3.6666666666666664e-10
8427,5e-11
8428,2e-10
8429,8.333333333333333e-11
8430,3.166666666666667e-10
8431,4.166666666666666e-10
8432,0.0
8433,1.8333333333333332e-10
8434,0.0
8435,8.333333333333333e-11
8436,8.333333333333333e-11
8437,1.8333333333333332e-10
8438,5e-11
8439,1e-10
8440,0.0
8441,0.0
8442,3.3333333333333335e-11
8443,0.0
8444,0.0
8445,0.0
